exporter_iso3,importer_iso3,year,trade_usd,trade_usd_raw,trade_observed,zero_trade_confirmed,reporter_year_complete,missing_reason,lsbci,product_group,pair_id,exporter_year,importer_year,ln_lsbci,source_flag,exporter_lsci,ln_exporter_lsci
BRN,ARE,2010,687071.349,687071.349,1,0,1,,0.1917,total,BRN-ARE,BRN_2010,ARE_2010,-1.651823628930538,UNComtrade,24.5336,3.200043606572865
BRN,ARE,2011,1783672.578,1783672.578,1,0,1,,0.2015,total,BRN-ARE,BRN_2011,ARE_2011,-1.6019658975953994,UNComtrade,25.7899275,3.249984008722183
BRN,ARE,2012,956131.0,956131.0,1,0,1,,0.1885,total,BRN-ARE,BRN_2012,ARE_2012,-1.6686572720940716,UNComtrade,24.5981925,3.2026729646290963
BRN,ARE,2013,966153.0,966153.0,1,0,1,,0.189,total,BRN-ARE,BRN_2013,ARE_2013,-1.666008263922495,UNComtrade,23.945785,3.1757923167193076
BRN,ARE,2014,1890935.0,1890935.0,1,0,1,,0.1884,total,BRN-ARE,BRN_2014,ARE_2014,-1.6691879168398742,UNComtrade,24.717975,3.2075307117583423
BRN,ARE,2015,735952.0,735952.0,1,0,1,,0.1992,total,BRN-ARE,BRN_2015,ARE_2015,-1.6134459338316391,UNComtrade,23.9243725,3.17489770919987
BRN,ARE,2016,12269148.0,12269148.0,1,0,1,,0.2011,total,BRN-ARE,BRN_2016,ARE_2016,-1.6039529822035308,UNComtrade,25.9671675,3.256832951570729
BRN,ARE,2017,3976613.958,3976613.958,1,0,1,,0.2033,total,BRN-ARE,BRN_2017,ARE_2017,-1.593072558347836,UNComtrade,23.2490425,3.146263948389632
BRN,ARE,2018,4496356.026,4496356.026,1,0,1,,0.1919,total,BRN-ARE,BRN_2018,ARE_2018,-1.650780875968483,UNComtrade,18.785685,2.9330951436259296
BRN,ARE,2019,19912697.95,19912697.95,1,0,1,,0.2076,total,BRN-ARE,BRN_2019,ARE_2019,-1.5721421276904035,UNComtrade,22.4263325,3.1102358264693994
BRN,ARE,2020,838137.86,838137.86,1,0,1,,0.2114,total,BRN-ARE,BRN_2020,ARE_2020,-1.5540032055459998,UNComtrade,21.6241225,3.07380947395995
BRN,ARE,2021,24897657.88,24897657.88,1,0,1,,0.2018,total,BRN-ARE,BRN_2021,ARE_2021,-1.6004781710626284,UNComtrade,19.4351775,2.9670846972699416
BRN,ARE,2022,824375.462,824375.462,1,0,1,,0.2068,total,BRN-ARE,BRN_2022,ARE_2022,-1.5760031363478628,UNComtrade,22.9365475,3.132731599067007
BRN,ARE,2023,3265956.316,3265956.316,1,0,1,,0.2098,total,BRN-ARE,BRN_2023,ARE_2023,-1.5616005830199404,UNComtrade,24.9650525,3.2174769468944833
BRN,ARE,2024,2178547.363,2178547.363,1,0,1,,0.2159,total,BRN-ARE,BRN_2024,ARE_2024,-1.5329399414613754,UNComtrade,23.9376075,3.1754507577923996
BRN,AUS,2010,919875539.512,919875539.512,1,0,1,,0.1874,total,BRN-AUS,BRN_2010,AUS_2010,-1.6745099091778153,UNComtrade,24.5336,3.200043606572865
BRN,AUS,2011,1236027782.888,1236027782.888,1,0,1,,0.1985,total,BRN-AUS,BRN_2011,AUS_2011,-1.616966178854892,UNComtrade,25.7899275,3.249984008722183
BRN,AUS,2012,968684908.0,968684908.0,1,0,1,,0.1833,total,BRN-AUS,BRN_2012,AUS_2012,-1.6966311241364778,UNComtrade,24.5981925,3.2026729646290963
BRN,AUS,2013,837517744.0,837517744.0,1,0,1,,0.1861,total,BRN-AUS,BRN_2013,AUS_2013,-1.681471115333932,UNComtrade,23.945785,3.1757923167193076
BRN,AUS,2014,795494255.0,795494255.0,1,0,1,,0.1867,total,BRN-AUS,BRN_2014,AUS_2014,-1.67825222843446,UNComtrade,24.717975,3.2075307117583423
BRN,AUS,2015,221848108.0,221848108.0,1,0,1,,0.1959,total,BRN-AUS,BRN_2015,AUS_2015,-1.630150954031642,UNComtrade,23.9243725,3.17489770919987
BRN,AUS,2016,231745249.0,231745249.0,1,0,1,,0.1985,total,BRN-AUS,BRN_2016,AUS_2016,-1.616966178854892,UNComtrade,25.9671675,3.256832951570729
BRN,AUS,2017,152305010.617,152305010.617,1,0,1,,0.2017,total,BRN-AUS,BRN_2017,AUS_2017,-1.600973834021971,UNComtrade,23.2490425,3.146263948389632
BRN,AUS,2018,578379703.184,578379703.184,1,0,1,,0.1894,total,BRN-AUS,BRN_2018,AUS_2018,-1.663894098230159,UNComtrade,18.785685,2.9330951436259296
BRN,AUS,2019,715736232.48,715736232.48,1,0,1,,0.204,total,BRN-AUS,BRN_2019,AUS_2019,-1.5896352851379207,UNComtrade,22.4263325,3.1102358264693994
BRN,AUS,2020,332081041.78,332081041.78,1,0,1,,0.2018,total,BRN-AUS,BRN_2020,AUS_2020,-1.6004781710626284,UNComtrade,21.6241225,3.07380947395995
BRN,AUS,2021,1379143953.33,1379143953.33,1,0,1,,0.1949,total,BRN-AUS,BRN_2021,AUS_2021,-1.635268672468622,UNComtrade,19.4351775,2.9670846972699416
BRN,AUS,2022,2932198016.889,2932198016.889,1,0,1,,0.202,total,BRN-AUS,BRN_2022,AUS_2022,-1.5994875815809322,UNComtrade,22.9365475,3.132731599067007
BRN,AUS,2023,2429017736.528,2429017736.528,1,0,1,,0.2063,total,BRN-AUS,BRN_2023,AUS_2023,-1.5784238589049309,UNComtrade,24.9650525,3.2174769468944833
BRN,AUS,2024,2226358419.451,2226358419.451,1,0,1,,0.2107,total,BRN-AUS,BRN_2024,AUS_2024,-1.5573199581719936,UNComtrade,23.9376075,3.1754507577923996
BRN,CAN,2010,619098.016,619098.016,1,0,1,,0.1871,total,BRN-CAN,BRN_2010,CAN_2010,-1.6761120457020933,UNComtrade,24.5336,3.200043606572865
BRN,CAN,2011,3129845.724,3129845.724,1,0,1,,0.1985,total,BRN-CAN,BRN_2011,CAN_2011,-1.616966178854892,UNComtrade,25.7899275,3.249984008722183
BRN,CAN,2012,944626.0,944626.0,1,0,1,,0.1859,total,BRN-CAN,BRN_2012,CAN_2012,-1.6825463842547386,UNComtrade,24.5981925,3.2026729646290963
BRN,CAN,2013,2189896.0,2189896.0,1,0,1,,0.1863,total,BRN-CAN,BRN_2013,CAN_2013,-1.6803970013745944,UNComtrade,23.945785,3.1757923167193076
BRN,CAN,2014,243832053.0,243832053.0,1,0,1,,0.1865,total,BRN-CAN,BRN_2014,CAN_2014,-1.6793240398982667,UNComtrade,24.717975,3.2075307117583423
BRN,CAN,2015,657060.0,657060.0,1,0,1,,0.1978,total,BRN-CAN,BRN_2015,CAN_2015,-1.6204988597935253,UNComtrade,23.9243725,3.17489770919987
BRN,CAN,2016,483169.0,483169.0,1,0,1,,0.1975,total,BRN-CAN,BRN_2016,CAN_2016,-1.6220166946409604,UNComtrade,25.9671675,3.256832951570729
BRN,CAN,2017,873969.225,873969.225,1,0,1,,0.2009,total,BRN-CAN,BRN_2017,CAN_2017,-1.6049480071612483,UNComtrade,23.2490425,3.146263948389632
BRN,CAN,2018,1501212.474,1501212.474,1,0,1,,0.1895,total,BRN-CAN,BRN_2018,CAN_2018,-1.663366254459656,UNComtrade,18.785685,2.9330951436259296
BRN,CAN,2019,360036.23,360036.23,1,0,1,,0.205,total,BRN-CAN,BRN_2019,CAN_2019,-1.584745299843729,UNComtrade,22.4263325,3.1102358264693994
BRN,CAN,2020,2034361.75,2034361.75,1,0,1,,0.2077,total,BRN-CAN,BRN_2020,CAN_2020,-1.5716605481000705,UNComtrade,21.6241225,3.07380947395995
BRN,CAN,2021,555529.21,555529.21,1,0,1,,0.197,total,BRN-CAN,BRN_2021,CAN_2021,-1.6245515502441483,UNComtrade,19.4351775,2.9670846972699416
BRN,CAN,2022,3718455.159,3718455.159,1,0,1,,0.2019,total,BRN-CAN,BRN_2022,CAN_2022,-1.5999827536633453,UNComtrade,22.9365475,3.132731599067007
BRN,CAN,2023,1890031.754,1890031.754,1,0,1,,0.2044,total,BRN-CAN,BRN_2023,CAN_2023,-1.5876764206525875,UNComtrade,24.9650525,3.2174769468944833
BRN,CAN,2024,2342610.957,2342610.957,1,0,1,,0.21,total,BRN-CAN,BRN_2024,CAN_2024,-1.5606477482646683,UNComtrade,23.9376075,3.1754507577923996
BRN,CHN,2010,586861885.317,586861885.317,1,0,1,,0.1984,total,BRN-CHN,BRN_2010,CHN_2010,-1.6174700841313647,UNComtrade,24.5336,3.200043606572865
BRN,CHN,2011,529231032.628,529231032.628,1,0,1,,0.2761,total,BRN-CHN,BRN_2011,CHN_2011,-1.2869921600460283,UNComtrade,25.7899275,3.249984008722183
BRN,CHN,2012,348948919.0,348948919.0,1,0,1,,0.1926,total,BRN-CHN,BRN_2012,CHN_2012,-1.647139779618112,UNComtrade,24.5981925,3.2026729646290963
BRN,CHN,2013,156245908.0,156245908.0,1,0,1,,0.1965,total,BRN-CHN,BRN_2013,CHN_2013,-1.627092847672821,UNComtrade,23.945785,3.1757923167193076
BRN,CHN,2014,95382869.0,95382869.0,1,0,1,,0.1968,total,BRN-CHN,BRN_2014,CHN_2014,-1.625567294363984,UNComtrade,24.717975,3.2075307117583423
BRN,CHN,2015,96465766.0,96465766.0,1,0,1,,0.2707,total,BRN-CHN,BRN_2015,CHN_2015,-1.3067440823618817,UNComtrade,23.9243725,3.17489770919987
BRN,CHN,2016,227447779.0,227447779.0,1,0,1,,0.2748,total,BRN-CHN,BRN_2016,CHN_2016,-1.2917117186339429,UNComtrade,25.9671675,3.256832951570729
BRN,CHN,2017,269112683.5,269112683.5,1,0,1,,0.278,total,BRN-CHN,BRN_2017,CHN_2017,-1.2801341652915,UNComtrade,23.2490425,3.146263948389632
BRN,CHN,2018,237264816.302,237264816.302,1,0,1,,0.2665,total,BRN-CHN,BRN_2018,CHN_2018,-1.3223810353762375,UNComtrade,18.785685,2.9330951436259296
BRN,CHN,2019,429095783.98,429095783.98,1,0,1,,0.2833,total,BRN-CHN,BRN_2019,CHN_2019,-1.2612488721456665,UNComtrade,22.4263325,3.1102358264693994
BRN,CHN,2020,1168825690.55,1168825690.55,1,0,1,,0.2884,total,BRN-CHN,BRN_2020,CHN_2020,-1.243406873571343,UNComtrade,21.6241225,3.07380947395995
BRN,CHN,2021,2222938073.17,2222938073.17,1,0,1,,0.2774,total,BRN-CHN,BRN_2021,CHN_2021,-1.282294771101406,UNComtrade,19.4351775,2.9670846972699416
BRN,CHN,2022,2214079250.99,2214079250.99,1,0,1,,0.2849,total,BRN-CHN,BRN_2022,CHN_2022,-1.2556170374782745,UNComtrade,22.9365475,3.132731599067007
BRN,CHN,2023,1876594268.177,1876594268.177,1,0,1,,0.289,total,BRN-CHN,BRN_2023,CHN_2023,-1.241328590869705,UNComtrade,24.9650525,3.2174769468944833
BRN,CHN,2024,2048373487.144,2048373487.144,1,0,1,,0.2944,total,BRN-CHN,BRN_2024,CHN_2024,-1.222815892127416,UNComtrade,23.9376075,3.1754507577923996
BRN,DEU,2010,4255617.306,4255617.306,1,0,1,,0.1967,total,BRN-DEU,BRN_2010,DEU_2010,-1.6260755535871236,UNComtrade,24.5336,3.200043606572865
BRN,DEU,2011,8849820.675,8849820.675,1,0,1,,0.207,total,BRN-DEU,BRN_2011,DEU_2011,-1.575036485716768,UNComtrade,25.7899275,3.249984008722183
BRN,DEU,2012,14819264.0,14819264.0,1,0,1,,0.1919,total,BRN-DEU,BRN_2012,DEU_2012,-1.650780875968483,UNComtrade,24.5981925,3.2026729646290963
BRN,DEU,2013,2565892.0,2565892.0,1,0,1,,0.1938,total,BRN-DEU,BRN_2013,DEU_2013,-1.640928579525471,UNComtrade,23.945785,3.1757923167193076
BRN,DEU,2014,4243829.0,4243829.0,1,0,1,,0.194,total,BRN-DEU,BRN_2014,DEU_2014,-1.6398971199188088,UNComtrade,24.717975,3.2075307117583423
BRN,DEU,2015,5691368.0,5691368.0,1,0,1,,0.2039,total,BRN-DEU,BRN_2015,DEU_2015,-1.5901256014017275,UNComtrade,23.9243725,3.17489770919987
BRN,DEU,2016,3240699.0,3240699.0,1,0,1,,0.2069,total,BRN-DEU,BRN_2016,DEU_2016,-1.5755196942306398,UNComtrade,25.9671675,3.256832951570729
BRN,DEU,2017,3298965.312,3298965.312,1,0,1,,0.2099,total,BRN-DEU,BRN_2017,DEU_2017,-1.5611240521555498,UNComtrade,23.2490425,3.146263948389632
BRN,DEU,2018,2648822.892,2648822.892,1,0,1,,0.1978,total,BRN-DEU,BRN_2018,DEU_2018,-1.6204988597935253,UNComtrade,18.785685,2.9330951436259296
BRN,DEU,2019,2386524.12,2386524.12,1,0,1,,0.2125,total,BRN-DEU,BRN_2019,DEU_2019,-1.5488132906176657,UNComtrade,22.4263325,3.1102358264693994
BRN,DEU,2020,644433.28,644433.28,1,0,1,,0.2147,total,BRN-DEU,BRN_2020,DEU_2020,-1.5385135740974016,UNComtrade,21.6241225,3.07380947395995
BRN,DEU,2021,727249.87,727249.87,1,0,1,,0.2052,total,BRN-DEU,BRN_2021,DEU_2021,-1.5837701656855223,UNComtrade,19.4351775,2.9670846972699416
BRN,DEU,2022,3678668.521,3678668.521,1,0,1,,0.2111,total,BRN-DEU,BRN_2022,DEU_2022,-1.555423324127862,UNComtrade,22.9365475,3.132731599067007
BRN,DEU,2023,2012469.909,2012469.909,1,0,1,,0.2135,total,BRN-DEU,BRN_2023,DEU_2023,-1.5441184463134578,UNComtrade,24.9650525,3.2174769468944833
BRN,DEU,2024,4408028.531,4408028.531,1,0,1,,0.2191,total,BRN-DEU,BRN_2024,DEU_2024,-1.5182270323807163,UNComtrade,23.9376075,3.1754507577923996
BRN,FRA,2010,0.0,,0,1,1,,0.1979,total,BRN-FRA,BRN_2010,FRA_2010,-1.619993426373617,UNComtrade (Confirmed Zero),24.5336,3.200043606572865
BRN,FRA,2011,0.0,,0,1,1,,0.2098,total,BRN-FRA,BRN_2011,FRA_2011,-1.5616005830199404,UNComtrade (Confirmed Zero),25.7899275,3.249984008722183
BRN,FRA,2012,0.0,,0,1,1,,0.1937,total,BRN-FRA,BRN_2012,FRA_2012,-1.6414447085691868,UNComtrade (Confirmed Zero),24.5981925,3.2026729646290963
BRN,FRA,2013,0.0,,0,1,1,,0.1965,total,BRN-FRA,BRN_2013,FRA_2013,-1.627092847672821,UNComtrade (Confirmed Zero),23.945785,3.1757923167193076
BRN,FRA,2014,0.0,,0,1,1,,0.1962,total,BRN-FRA,BRN_2014,FRA_2014,-1.6286207318508743,UNComtrade (Confirmed Zero),24.717975,3.2075307117583423
BRN,FRA,2015,0.0,,0,1,1,,0.2072,total,BRN-FRA,BRN_2015,FRA_2015,-1.5740707685968092,UNComtrade (Confirmed Zero),23.9243725,3.17489770919987
BRN,FRA,2016,0.0,,0,1,1,,0.2079,total,BRN-FRA,BRN_2016,FRA_2016,-1.57069808411817,UNComtrade (Confirmed Zero),25.9671675,3.256832951570729
BRN,FRA,2017,0.0,,0,1,1,,0.2111,total,BRN-FRA,BRN_2017,FRA_2017,-1.555423324127862,UNComtrade (Confirmed Zero),23.2490425,3.146263948389632
BRN,FRA,2018,0.0,,0,1,1,,0.1989,total,BRN-FRA,BRN_2018,FRA_2018,-1.6149530931222105,UNComtrade (Confirmed Zero),18.785685,2.9330951436259296
BRN,FRA,2019,0.0,,0,1,1,,0.2158,total,BRN-FRA,BRN_2019,FRA_2019,-1.5334032261581028,UNComtrade (Confirmed Zero),22.4263325,3.1102358264693994
BRN,FRA,2020,0.0,,0,1,1,,0.2188,total,BRN-FRA,BRN_2020,FRA_2020,-1.519597208434311,UNComtrade (Confirmed Zero),21.6241225,3.07380947395995
BRN,FRA,2021,0.0,,0,1,1,,0.2057,total,BRN-FRA,BRN_2021,FRA_2021,-1.5813364823232257,UNComtrade (Confirmed Zero),19.4351775,2.9670846972699416
BRN,FRA,2022,0.0,,0,1,1,,0.2132,total,BRN-FRA,BRN_2022,FRA_2022,-1.5455245866904477,UNComtrade (Confirmed Zero),22.9365475,3.132731599067007
BRN,FRA,2023,0.0,,0,1,1,,0.2161,total,BRN-FRA,BRN_2023,FRA_2023,-1.5320140154692967,UNComtrade (Confirmed Zero),24.9650525,3.2174769468944833
BRN,FRA,2024,0.0,,0,1,1,,0.223,total,BRN-FRA,BRN_2024,FRA_2024,-1.5005835075220182,UNComtrade (Confirmed Zero),23.9376075,3.1754507577923996
BRN,GBR,2010,10363004.196,10363004.196,1,0,1,,0.2003,total,BRN-GBR,BRN_2010,GBR_2010,-1.6079390363103645,UNComtrade,24.5336,3.200043606572865
BRN,GBR,2011,11286956.729,11286956.729,1,0,1,,0.2117,total,BRN-GBR,BRN_2011,GBR_2011,-1.5525851008413176,UNComtrade,25.7899275,3.249984008722183
BRN,GBR,2012,10087080.0,10087080.0,1,0,1,,0.1943,total,BRN-GBR,BRN_2012,GBR_2012,-1.6383519225987426,UNComtrade,24.5981925,3.2026729646290963
BRN,GBR,2013,10088737.0,10088737.0,1,0,1,,0.1965,total,BRN-GBR,BRN_2013,GBR_2013,-1.627092847672821,UNComtrade,23.945785,3.1757923167193076
BRN,GBR,2014,6887183.0,6887183.0,1,0,1,,0.1963,total,BRN-GBR,BRN_2014,GBR_2014,-1.6281111776997217,UNComtrade,24.717975,3.2075307117583423
BRN,GBR,2015,10308720.0,10308720.0,1,0,1,,0.2068,total,BRN-GBR,BRN_2015,GBR_2015,-1.5760031363478628,UNComtrade,23.9243725,3.17489770919987
BRN,GBR,2016,31406427.0,31406427.0,1,0,1,,0.2097,total,BRN-GBR,BRN_2016,GBR_2016,-1.5620773410742628,UNComtrade,25.9671675,3.256832951570729
BRN,GBR,2017,11338829.18,11338829.18,1,0,1,,0.2127,total,BRN-GBR,BRN_2017,GBR_2017,-1.5478725567759457,UNComtrade,23.2490425,3.146263948389632
BRN,GBR,2018,16617026.682,16617026.682,1,0,1,,0.2003,total,BRN-GBR,BRN_2018,GBR_2018,-1.6079390363103645,UNComtrade,18.785685,2.9330951436259296
BRN,GBR,2019,18624541.11,18624541.11,1,0,1,,0.2178,total,BRN-GBR,BRN_2019,GBR_2019,-1.524178068483277,UNComtrade,22.4263325,3.1102358264693994
BRN,GBR,2020,4164490.87,4164490.87,1,0,1,,0.2213,total,BRN-GBR,BRN_2020,GBR_2020,-1.5082360319251331,UNComtrade,21.6241225,3.07380947395995
BRN,GBR,2021,12412738.96,12412738.96,1,0,1,,0.211,total,BRN-GBR,BRN_2021,GBR_2021,-1.5558971455060706,UNComtrade,19.4351775,2.9670846972699416
BRN,GBR,2022,23403094.63,23403094.63,1,0,1,,0.2161,total,BRN-GBR,BRN_2022,GBR_2022,-1.5320140154692967,UNComtrade,22.9365475,3.132731599067007
BRN,GBR,2023,22393752.639,22393752.639,1,0,1,,0.2207,total,BRN-GBR,BRN_2023,GBR_2023,-1.5109509657194462,UNComtrade,24.9650525,3.2174769468944833
BRN,GBR,2024,2779248.537,2779248.537,1,0,1,,0.2239,total,BRN-GBR,BRN_2024,GBR_2024,-1.496555755377428,UNComtrade,23.9376075,3.1754507577923996
BRN,HKG,2010,19608478.718,19608478.718,1,0,1,,0.2626,total,BRN-HKG,BRN_2010,HKG_2010,-1.3371233171134411,UNComtrade,24.5336,3.200043606572865
BRN,HKG,2011,17044693.567,17044693.567,1,0,1,,0.2743,total,BRN-HKG,BRN_2011,HKG_2011,-1.2935328810385796,UNComtrade,25.7899275,3.249984008722183
BRN,HKG,2012,4513937.0,4513937.0,1,0,1,,0.2562,total,BRN-HKG,BRN_2012,HKG_2012,-1.3617968895195032,UNComtrade,24.5981925,3.2026729646290963
BRN,HKG,2013,4206789.0,4206789.0,1,0,1,,0.2598,total,BRN-HKG,BRN_2013,HKG_2013,-1.347843174745638,UNComtrade,23.945785,3.1757923167193076
BRN,HKG,2014,6264538.0,6264538.0,1,0,1,,0.2598,total,BRN-HKG,BRN_2014,HKG_2014,-1.347843174745638,UNComtrade,24.717975,3.2075307117583423
BRN,HKG,2015,7411149.0,7411149.0,1,0,1,,0.2685,total,BRN-HKG,BRN_2015,HKG_2015,-1.3149043650332175,UNComtrade,23.9243725,3.17489770919987
BRN,HKG,2016,3413387.0,3413387.0,1,0,1,,0.2694,total,BRN-HKG,BRN_2016,HKG_2016,-1.3115580150058734,UNComtrade,25.9671675,3.256832951570729
BRN,HKG,2017,7449458.576,7449458.576,1,0,1,,0.2717,total,BRN-HKG,BRN_2017,HKG_2017,-1.303056762549835,UNComtrade,23.2490425,3.146263948389632
BRN,HKG,2018,9983060.899,9983060.899,1,0,1,,0.2603,total,BRN-HKG,BRN_2018,HKG_2018,-1.3459204669816174,UNComtrade,18.785685,2.9330951436259296
BRN,HKG,2019,25850938.31,25850938.31,1,0,1,,0.2729,total,BRN-HKG,BRN_2019,HKG_2019,-1.2986498512678444,UNComtrade,22.4263325,3.1102358264693994
BRN,HKG,2020,2029001.9,2029001.9,1,0,1,,0.2799,total,BRN-HKG,BRN_2020,HKG_2020,-1.2733228824607292,UNComtrade,21.6241225,3.07380947395995
BRN,HKG,2021,101767636.57,101767636.57,1,0,1,,0.2688,total,BRN-HKG,BRN_2021,HKG_2021,-1.3137876703331426,UNComtrade,19.4351775,2.9670846972699416
BRN,HKG,2022,13412970.541,13412970.541,1,0,1,,0.2763,total,BRN-HKG,BRN_2022,HKG_2022,-1.2862680470527663,UNComtrade,22.9365475,3.132731599067007
BRN,HKG,2023,40757699.278,40757699.278,1,0,1,,0.2777,total,BRN-HKG,BRN_2023,HKG_2023,-1.2812138846693832,UNComtrade,24.9650525,3.2174769468944833
BRN,HKG,2024,1212483.009,1212483.009,1,0,1,,0.2844,total,BRN-HKG,BRN_2024,HKG_2024,-1.2573735810530513,UNComtrade,23.9376075,3.1754507577923996
BRN,IDN,2010,632162597.095,632162597.095,1,0,1,,0.188,total,BRN-IDN,BRN_2010,IDN_2010,-1.6713133161521878,UNComtrade,24.5336,3.200043606572865
BRN,IDN,2011,849448087.558,849448087.558,1,0,1,,0.1962,total,BRN-IDN,BRN_2011,IDN_2011,-1.6286207318508743,UNComtrade,25.7899275,3.249984008722183
BRN,IDN,2012,459874275.0,459874275.0,1,0,1,,0.1812,total,BRN-IDN,BRN_2012,IDN_2012,-1.708153885373258,UNComtrade,24.5981925,3.2026729646290963
BRN,IDN,2013,538917280.0,538917280.0,1,0,1,,0.1814,total,BRN-IDN,BRN_2013,IDN_2013,-1.707050741301101,UNComtrade,23.945785,3.1757923167193076
BRN,IDN,2014,637063490.0,637063490.0,1,0,1,,0.1803,total,BRN-IDN,BRN_2014,IDN_2014,-1.7131331487728656,UNComtrade,24.717975,3.2075307117583423
BRN,IDN,2015,102635440.0,102635440.0,1,0,1,,0.1897,total,BRN-IDN,BRN_2015,IDN_2015,-1.6623114020411685,UNComtrade,23.9243725,3.17489770919987
BRN,IDN,2016,84832729.0,84832729.0,1,0,1,,0.1899,total,BRN-IDN,BRN_2016,IDN_2016,-1.6612576611638967,UNComtrade,25.9671675,3.256832951570729
BRN,IDN,2017,36636644.352,36636644.352,1,0,1,,0.1938,total,BRN-IDN,BRN_2017,IDN_2017,-1.640928579525471,UNComtrade,23.2490425,3.146263948389632
BRN,IDN,2018,43876108.631,43876108.631,1,0,1,,0.1841,total,BRN-IDN,BRN_2018,IDN_2018,-1.6922761907431048,UNComtrade,18.785685,2.9330951436259296
BRN,IDN,2019,38537555.66,38537555.66,1,0,1,,0.1963,total,BRN-IDN,BRN_2019,IDN_2019,-1.6281111776997217,UNComtrade,22.4263325,3.1102358264693994
BRN,IDN,2020,71901217.67,71901217.67,1,0,1,,0.2013,total,BRN-IDN,BRN_2020,IDN_2020,-1.6029589463363911,UNComtrade,21.6241225,3.07380947395995
BRN,IDN,2021,187931213.85,187931213.85,1,0,1,,0.1875,total,BRN-IDN,BRN_2021,IDN_2021,-1.6739764335716716,UNComtrade,19.4351775,2.9670846972699416
BRN,IDN,2022,674584534.164,674584534.164,1,0,1,,0.194,total,BRN-IDN,BRN_2022,IDN_2022,-1.6398971199188088,UNComtrade,22.9365475,3.132731599067007
BRN,IDN,2023,330903436.527,330903436.527,1,0,1,,0.2036,total,BRN-IDN,BRN_2023,IDN_2023,-1.5915979943057694,UNComtrade,24.9650525,3.2174769468944833
BRN,IDN,2024,375211625.506,375211625.506,1,0,1,,0.2072,total,BRN-IDN,BRN_2024,IDN_2024,-1.5740707685968092,UNComtrade,23.9376075,3.1754507577923996
BRN,IND,2010,496065717.608,496065717.608,1,0,1,,0.1912,total,BRN-IND,BRN_2010,IND_2010,-1.6544352783648362,UNComtrade,24.5336,3.200043606572865
BRN,IND,2011,1006354532.686,1006354532.686,1,0,1,,0.2005,total,BRN-IND,BRN_2011,IND_2011,-1.606941032235513,UNComtrade,25.7899275,3.249984008722183
BRN,IND,2012,1157799438.0,1157799438.0,1,0,1,,0.1883,total,BRN-IND,BRN_2012,IND_2012,-1.6697188433190304,UNComtrade,24.5981925,3.2026729646290963
BRN,IND,2013,864086048.0,864086048.0,1,0,1,,0.1879,total,BRN-IND,BRN_2013,IND_2013,-1.6718453725627174,UNComtrade,23.945785,3.1757923167193076
BRN,IND,2014,957138369.0,957138369.0,1,0,1,,0.1877,total,BRN-IND,BRN_2014,IND_2014,-1.672910335389674,UNComtrade,24.717975,3.2075307117583423
BRN,IND,2015,575321154.0,575321154.0,1,0,1,,0.1988,total,BRN-IND,BRN_2015,IND_2015,-1.6154559847596637,UNComtrade,23.9243725,3.17489770919987
BRN,IND,2016,455898063.0,455898063.0,1,0,1,,0.2023,total,BRN-IND,BRN_2016,IND_2016,-1.5980035348084372,UNComtrade,25.9671675,3.256832951570729
BRN,IND,2017,544901107.107,544901107.107,1,0,1,,0.2054,total,BRN-IND,BRN_2017,IND_2017,-1.5827959814876793,UNComtrade,23.2490425,3.146263948389632
BRN,IND,2018,491955269.325,491955269.325,1,0,1,,0.1925,total,BRN-IND,BRN_2018,IND_2018,-1.647659125254298,UNComtrade,18.785685,2.9330951436259296
BRN,IND,2019,602447574.8,602447574.8,1,0,1,,0.2065,total,BRN-IND,BRN_2019,IND_2019,-1.5774548665810495,UNComtrade,22.4263325,3.1102358264693994
BRN,IND,2020,347753067.04,347753067.04,1,0,1,,0.2113,total,BRN-IND,BRN_2020,IND_2020,-1.554476354360126,UNComtrade,21.6241225,3.07380947395995
BRN,IND,2021,440543374.25,440543374.25,1,0,1,,0.2009,total,BRN-IND,BRN_2021,IND_2021,-1.6049480071612483,UNComtrade,19.4351775,2.9670846972699416
BRN,IND,2022,298853934.141,298853934.141,1,0,1,,0.2074,total,BRN-IND,BRN_2022,IND_2022,-1.57310598318671,UNComtrade,22.9365475,3.132731599067007
BRN,IND,2023,174310964.995,174310964.995,1,0,1,,0.2136,total,BRN-IND,BRN_2023,IND_2023,-1.543650171896097,UNComtrade,24.9650525,3.2174769468944833
BRN,IND,2024,256782495.327,256782495.327,1,0,1,,0.2185,total,BRN-IND,BRN_2024,IND_2024,-1.5209692644464925,UNComtrade,23.9376075,3.1754507577923996
BRN,ITA,2010,232122.335,232122.335,1,0,1,,0.1961,total,BRN-ITA,BRN_2010,ITA_2010,-1.6291305457798364,UNComtrade,24.5336,3.200043606572865
BRN,ITA,2011,249947.322,249947.322,1,0,1,,0.2065,total,BRN-ITA,BRN_2011,ITA_2011,-1.5774548665810495,UNComtrade,25.7899275,3.249984008722183
BRN,ITA,2012,456830.0,456830.0,1,0,1,,0.1919,total,BRN-ITA,BRN_2012,ITA_2012,-1.650780875968483,UNComtrade,24.5981925,3.2026729646290963
BRN,ITA,2013,149159.0,149159.0,1,0,1,,0.194,total,BRN-ITA,BRN_2013,ITA_2013,-1.6398971199188088,UNComtrade,23.945785,3.1757923167193076
BRN,ITA,2014,280570758.0,280570758.0,1,0,1,,0.1936,total,BRN-ITA,BRN_2014,ITA_2014,-1.6419611041396605,UNComtrade,24.717975,3.2075307117583423
BRN,ITA,2015,97633.0,97633.0,1,0,1,,0.2047,total,BRN-ITA,BRN_2015,ITA_2015,-1.5862097863148932,UNComtrade,23.9243725,3.17489770919987
BRN,ITA,2016,255399.0,255399.0,1,0,1,,0.2063,total,BRN-ITA,BRN_2016,ITA_2016,-1.5784238589049309,UNComtrade,25.9671675,3.256832951570729
BRN,ITA,2017,1479031.681,1479031.681,1,0,1,,0.2097,total,BRN-ITA,BRN_2017,ITA_2017,-1.5620773410742628,UNComtrade,23.2490425,3.146263948389632
BRN,ITA,2018,1542587.68,1542587.68,1,0,1,,0.1983,total,BRN-ITA,BRN_2018,ITA_2018,-1.6179742434563866,UNComtrade,18.785685,2.9330951436259296
BRN,ITA,2019,383820.28,383820.28,1,0,1,,0.2147,total,BRN-ITA,BRN_2019,ITA_2019,-1.5385135740974016,UNComtrade,22.4263325,3.1102358264693994
BRN,ITA,2020,1030019.24,1030019.24,1,0,1,,0.2161,total,BRN-ITA,BRN_2020,ITA_2020,-1.5320140154692967,UNComtrade,21.6241225,3.07380947395995
BRN,ITA,2021,1256985.85,1256985.85,1,0,1,,0.2033,total,BRN-ITA,BRN_2021,ITA_2021,-1.593072558347836,UNComtrade,19.4351775,2.9670846972699416
BRN,ITA,2022,2893468.669,2893468.669,1,0,1,,0.2119,total,BRN-ITA,BRN_2022,ITA_2022,-1.5516408137078836,UNComtrade,22.9365475,3.132731599067007
BRN,ITA,2023,1274658.324,1274658.324,1,0,1,,0.2161,total,BRN-ITA,BRN_2023,ITA_2023,-1.5320140154692967,UNComtrade,24.9650525,3.2174769468944833
BRN,ITA,2024,2397946.258,2397946.258,1,0,1,,0.2194,total,BRN-ITA,BRN_2024,ITA_2024,-1.516858731141007,UNComtrade,23.9376075,3.1754507577923996
BRN,JPN,2010,3871952327.709,3871952327.709,1,0,1,,0.1942,total,BRN-JPN,BRN_2010,JPN_2010,-1.6388667231249123,UNComtrade,24.5336,3.200043606572865
BRN,JPN,2011,5403506024.973,5403506024.973,1,0,1,,0.204,total,BRN-JPN,BRN_2011,JPN_2011,-1.5896352851379207,UNComtrade,25.7899275,3.249984008722183
BRN,JPN,2012,5737858907.0,5737858907.0,1,0,1,,0.1877,total,BRN-JPN,BRN_2012,JPN_2012,-1.672910335389674,UNComtrade,24.5981925,3.2026729646290963
BRN,JPN,2013,4553392802.0,4553392802.0,1,0,1,,0.1916,total,BRN-JPN,BRN_2013,JPN_2013,-1.652345413445377,UNComtrade,23.945785,3.1757923167193076
BRN,JPN,2014,3910751887.0,3910751887.0,1,0,1,,0.1911,total,BRN-JPN,BRN_2014,JPN_2014,-1.6549584277359095,UNComtrade,24.717975,3.2075307117583423
BRN,JPN,2015,2308974356.0,2308974356.0,1,0,1,,0.2007,total,BRN-JPN,BRN_2015,JPN_2015,-1.6059440231798447,UNComtrade,23.9243725,3.17489770919987
BRN,JPN,2016,1691682727.0,1691682727.0,1,0,1,,0.203,total,BRN-JPN,BRN_2016,JPN_2016,-1.5945492999403497,UNComtrade,25.9671675,3.256832951570729
BRN,JPN,2017,1630299600.106,1630299600.106,1,0,1,,0.2064,total,BRN-JPN,BRN_2017,JPN_2017,-1.5779392453747294,UNComtrade,23.2490425,3.146263948389632
BRN,JPN,2018,2282379465.12,2282379465.12,1,0,1,,0.1933,total,BRN-JPN,BRN_2018,JPN_2018,-1.6435118927678518,UNComtrade,18.785685,2.9330951436259296
BRN,JPN,2019,2206885872.4,2206885872.4,1,0,1,,0.2056,total,BRN-JPN,BRN_2019,JPN_2019,-1.5818227454011269,UNComtrade,22.4263325,3.1102358264693994
BRN,JPN,2020,1691579333.02,1691579333.02,1,0,1,,0.2106,total,BRN-JPN,BRN_2020,JPN_2020,-1.557794679282262,UNComtrade,21.6241225,3.07380947395995
BRN,JPN,2021,2248730609.5,2248730609.5,1,0,1,,0.1981,total,BRN-JPN,BRN_2021,JPN_2021,-1.6189833252776318,UNComtrade,19.4351775,2.9670846972699416
BRN,JPN,2022,2472368382.937,2472368382.937,1,0,1,,0.2041,total,BRN-JPN,BRN_2022,JPN_2022,-1.5891452091663378,UNComtrade,22.9365475,3.132731599067007
BRN,JPN,2023,1562749390.687,1562749390.687,1,0,1,,0.2074,total,BRN-JPN,BRN_2023,JPN_2023,-1.57310598318671,UNComtrade,24.9650525,3.2174769468944833
BRN,JPN,2024,1528532371.63,1528532371.63,1,0,1,,0.2805,total,BRN-JPN,BRN_2024,JPN_2024,-1.271181554019386,UNComtrade,23.9376075,3.1754507577923996
BRN,KHM,2010,60848.502,60848.502,1,0,1,,0.1624,total,BRN-KHM,BRN_2010,KHM_2010,-1.81769285125456,UNComtrade,24.5336,3.200043606572865
BRN,KHM,2011,42642.057,42642.057,1,0,1,,0.1697,total,BRN-KHM,BRN_2011,KHM_2011,-1.7737231067419563,UNComtrade,25.7899275,3.249984008722183
BRN,KHM,2012,7702.0,7702.0,1,0,1,,0.1598,total,BRN-KHM,BRN_2012,KHM_2012,-1.8338322456499627,UNComtrade,24.5981925,3.2026729646290963
BRN,KHM,2013,1040.0,1040.0,1,0,1,,0.1656,total,BRN-KHM,BRN_2013,KHM_2013,-1.7981800370309775,UNComtrade,23.945785,3.1757923167193076
BRN,KHM,2014,39217.0,39217.0,1,0,1,,0.1662,total,BRN-KHM,BRN_2014,KHM_2014,-1.7945633965607892,UNComtrade,24.717975,3.2075307117583423
BRN,KHM,2015,6568.0,6568.0,1,0,1,,0.1719,total,BRN-KHM,BRN_2015,KHM_2015,-1.7608423665933337,UNComtrade,23.9243725,3.17489770919987
BRN,KHM,2016,175609.0,175609.0,1,0,1,,0.1861,total,BRN-KHM,BRN_2016,KHM_2016,-1.681471115333932,UNComtrade,25.9671675,3.256832951570729
BRN,KHM,2017,350924.224,350924.224,1,0,1,,0.1889,total,BRN-KHM,BRN_2017,KHM_2017,-1.666537504474673,UNComtrade,23.2490425,3.146263948389632
BRN,KHM,2018,21616.619,21616.619,1,0,1,,0.1742,total,BRN-KHM,BRN_2018,KHM_2018,-1.7475512145637346,UNComtrade,18.785685,2.9330951436259296
BRN,KHM,2019,7328.09,7328.09,1,0,1,,0.1854,total,BRN-KHM,BRN_2019,KHM_2019,-1.685239625850382,UNComtrade,22.4263325,3.1102358264693994
BRN,KHM,2020,18165.15,18165.15,1,0,1,,0.191,total,BRN-KHM,BRN_2020,KHM_2020,-1.6554818509355071,UNComtrade,21.6241225,3.07380947395995
BRN,KHM,2021,36367.84,36367.84,1,0,1,,0.1813,total,BRN-KHM,BRN_2021,KHM_2021,-1.7076021612213317,UNComtrade,19.4351775,2.9670846972699416
BRN,KHM,2022,17717738.052,17717738.052,1,0,1,,0.1881,total,BRN-KHM,BRN_2022,KHM_2022,-1.6707815426751524,UNComtrade,22.9365475,3.132731599067007
BRN,KHM,2023,12041228.881,12041228.881,1,0,1,,0.194,total,BRN-KHM,BRN_2023,KHM_2023,-1.6398971199188088,UNComtrade,24.9650525,3.2174769468944833
BRN,KHM,2024,27038126.816,27038126.816,1,0,1,,0.1975,total,BRN-KHM,BRN_2024,KHM_2024,-1.6220166946409604,UNComtrade,23.9376075,3.1754507577923996
BRN,KOR,2010,1486459787.803,1486459787.803,1,0,1,,0.1956,total,BRN-KOR,BRN_2010,KOR_2010,-1.63168352138142,UNComtrade,24.5336,3.200043606572865
BRN,KOR,2011,1990838832.754,1990838832.754,1,0,1,,0.2091,total,BRN-KOR,BRN_2011,KOR_2011,-1.564942672547549,UNComtrade,25.7899275,3.249984008722183
BRN,KOR,2012,2046767256.0,2046767256.0,1,0,1,,0.1911,total,BRN-KOR,BRN_2012,KOR_2012,-1.6549584277359095,UNComtrade,24.5981925,3.2026729646290963
BRN,KOR,2013,1867075297.0,1867075297.0,1,0,1,,0.1948,total,BRN-KOR,BRN_2013,KOR_2013,-1.6357818877737025,UNComtrade,23.945785,3.1757923167193076
BRN,KOR,2014,1152075731.0,1152075731.0,1,0,1,,0.1942,total,BRN-KOR,BRN_2014,KOR_2014,-1.6388667231249123,UNComtrade,24.717975,3.2075307117583423
BRN,KOR,2015,993010909.0,993010909.0,1,0,1,,0.2034,total,BRN-KOR,BRN_2015,KOR_2015,-1.5925807953676774,UNComtrade,23.9243725,3.17489770919987
BRN,KOR,2016,695320709.0,695320709.0,1,0,1,,0.2077,total,BRN-KOR,BRN_2016,KOR_2016,-1.5716605481000705,UNComtrade,25.9671675,3.256832951570729
BRN,KOR,2017,789360593.224,789360593.224,1,0,1,,0.2101,total,BRN-KOR,BRN_2017,KOR_2017,-1.5601716711311824,UNComtrade,23.2490425,3.146263948389632
BRN,KOR,2018,614808173.075,614808173.075,1,0,1,,0.1991,total,BRN-KOR,BRN_2018,KOR_2018,-1.6139480679119864,UNComtrade,18.785685,2.9330951436259296
BRN,KOR,2019,338118165.01,338118165.01,1,0,1,,0.2163,total,BRN-KOR,BRN_2019,KOR_2019,-1.531088946023124,UNComtrade,22.4263325,3.1102358264693994
BRN,KOR,2020,142164478.8,142164478.8,1,0,1,,0.2218,total,BRN-KOR,BRN_2020,KOR_2020,-1.5059792040658704,UNComtrade,21.6241225,3.07380947395995
BRN,KOR,2021,66422860.0,66422860.0,1,0,1,,0.207,total,BRN-KOR,BRN_2021,KOR_2021,-1.575036485716768,UNComtrade,19.4351775,2.9670846972699416
BRN,KOR,2022,250785247.531,250785247.531,1,0,1,,0.2148,total,BRN-KOR,BRN_2022,KOR_2022,-1.5380479163474274,UNComtrade,22.9365475,3.132731599067007
BRN,KOR,2023,301279937.659,301279937.659,1,0,1,,0.2863,total,BRN-KOR,BRN_2023,KOR_2023,-1.2507150668780678,UNComtrade,24.9650525,3.2174769468944833
BRN,KOR,2024,365072211.622,365072211.622,1,0,1,,0.2913,total,BRN-KOR,BRN_2024,KOR_2024,-1.2334016150167482,UNComtrade,23.9376075,3.1754507577923996
BRN,LAO,2010,8919.272,8919.272,1,0,1,,,total,BRN-LAO,BRN_2010,LAO_2010,,UNComtrade,24.5336,3.200043606572865
BRN,LAO,2011,94022.396,94022.396,1,0,1,,,total,BRN-LAO,BRN_2011,LAO_2011,,UNComtrade,25.7899275,3.249984008722183
BRN,LAO,2012,561.0,561.0,1,0,1,,,total,BRN-LAO,BRN_2012,LAO_2012,,UNComtrade,24.5981925,3.2026729646290963
BRN,LAO,2013,240.0,240.0,1,0,1,,,total,BRN-LAO,BRN_2013,LAO_2013,,UNComtrade,23.945785,3.1757923167193076
BRN,LAO,2014,22825.0,22825.0,1,0,1,,,total,BRN-LAO,BRN_2014,LAO_2014,,UNComtrade,24.717975,3.2075307117583423
BRN,LAO,2015,14707.0,14707.0,1,0,1,,,total,BRN-LAO,BRN_2015,LAO_2015,,UNComtrade,23.9243725,3.17489770919987
BRN,LAO,2016,41690.0,41690.0,1,0,1,,,total,BRN-LAO,BRN_2016,LAO_2016,,UNComtrade,25.9671675,3.256832951570729
BRN,LAO,2017,5626.019,5626.019,1,0,1,,,total,BRN-LAO,BRN_2017,LAO_2017,,UNComtrade,23.2490425,3.146263948389632
BRN,LAO,2018,20299.804,20299.804,1,0,1,,,total,BRN-LAO,BRN_2018,LAO_2018,,UNComtrade,18.785685,2.9330951436259296
BRN,LAO,2019,1530.34,1530.34,1,0,1,,,total,BRN-LAO,BRN_2019,LAO_2019,,UNComtrade,22.4263325,3.1102358264693994
BRN,LAO,2020,36.22,36.22,1,0,1,,,total,BRN-LAO,BRN_2020,LAO_2020,,UNComtrade,21.6241225,3.07380947395995
BRN,LAO,2021,0.0,,0,1,1,,,total,BRN-LAO,BRN_2021,LAO_2021,,UNComtrade (Confirmed Zero),19.4351775,2.9670846972699416
BRN,LAO,2022,191.739,191.739,1,0,1,,,total,BRN-LAO,BRN_2022,LAO_2022,,UNComtrade,22.9365475,3.132731599067007
BRN,LAO,2023,39.462,39.462,1,0,1,,,total,BRN-LAO,BRN_2023,LAO_2023,,UNComtrade,24.9650525,3.2174769468944833
BRN,LAO,2024,0.0,,0,1,1,,,total,BRN-LAO,BRN_2024,LAO_2024,,UNComtrade (Confirmed Zero),23.9376075,3.1754507577923996
BRN,MMR,2010,39845.245,39845.245,1,0,1,,0.1602,total,BRN-MMR,BRN_2010,MMR_2010,-1.831332244347878,UNComtrade,24.5336,3.200043606572865
BRN,MMR,2011,39348.506,39348.506,1,0,1,,0.155,total,BRN-MMR,BRN_2011,MMR_2011,-1.8643301620628905,UNComtrade,25.7899275,3.249984008722183
BRN,MMR,2012,27054.0,27054.0,1,0,1,,0.1641,total,BRN-MMR,BRN_2012,MMR_2012,-1.807279280886092,UNComtrade,24.5981925,3.2026729646290963
BRN,MMR,2013,35557.0,35557.0,1,0,1,,0.167,total,BRN-MMR,BRN_2013,MMR_2013,-1.7897614665653818,UNComtrade,23.945785,3.1757923167193076
BRN,MMR,2014,59292.0,59292.0,1,0,1,,0.167,total,BRN-MMR,BRN_2014,MMR_2014,-1.7897614665653818,UNComtrade,24.717975,3.2075307117583423
BRN,MMR,2015,27622.0,27622.0,1,0,1,,0.1815,total,BRN-MMR,BRN_2015,MMR_2015,-1.7064996252772315,UNComtrade,23.9243725,3.17489770919987
BRN,MMR,2016,141654.0,141654.0,1,0,1,,0.1826,total,BRN-MMR,BRN_2016,MMR_2016,-1.7004573108212688,UNComtrade,25.9671675,3.256832951570729
BRN,MMR,2017,54286.908,54286.908,1,0,1,,0.1833,total,BRN-MMR,BRN_2017,MMR_2017,-1.6966311241364778,UNComtrade,23.2490425,3.146263948389632
BRN,MMR,2018,139073.55,139073.55,1,0,1,,0.176,total,BRN-MMR,BRN_2018,MMR_2018,-1.7372712839439852,UNComtrade,18.785685,2.9330951436259296
BRN,MMR,2019,18959.95,18959.95,1,0,1,,0.1806,total,BRN-MMR,BRN_2019,MMR_2019,-1.711470637999252,UNComtrade,22.4263325,3.1102358264693994
BRN,MMR,2020,240.05,240.05,1,0,1,,0.2583,total,BRN-MMR,BRN_2020,MMR_2020,-1.3536335788803424,UNComtrade,21.6241225,3.07380947395995
BRN,MMR,2021,101810.82,101810.82,1,0,1,,0.2493,total,BRN-MMR,BRN_2021,MMR_2021,-1.3890982884526248,UNComtrade,19.4351775,2.9670846972699416
BRN,MMR,2022,54475385.095,54475385.095,1,0,1,,0.2557,total,BRN-MMR,BRN_2022,MMR_2022,-1.3637503966849962,UNComtrade,22.9365475,3.132731599067007
BRN,MMR,2023,4306663.892,4306663.892,1,0,1,,0.255,total,BRN-MMR,BRN_2023,MMR_2023,-1.3664917338237108,UNComtrade,24.9650525,3.2174769468944833
BRN,MMR,2024,7219953.577,7219953.577,1,0,1,,0.2619,total,BRN-MMR,BRN_2024,MMR_2024,-1.3397925274684708,UNComtrade,23.9376075,3.1754507577923996
BRN,MYS,2010,132379200.191,132379200.191,1,0,1,,0.2608,total,BRN-MYS,BRN_2010,MYS_2010,-1.3440014489296392,UNComtrade,24.5336,3.200043606572865
BRN,MYS,2011,368861693.585,368861693.585,1,0,1,,0.2718,total,BRN-MYS,BRN_2011,MYS_2011,-1.3026887772650937,UNComtrade,25.7899275,3.249984008722183
BRN,MYS,2012,89207800.0,89207800.0,1,0,1,,0.2569,total,BRN-MYS,BRN_2012,MYS_2012,-1.359068374866299,UNComtrade,24.5981925,3.2026729646290963
BRN,MYS,2013,444537424.0,444537424.0,1,0,1,,0.2612,total,BRN-MYS,BRN_2013,MYS_2013,-1.342468881579861,UNComtrade,23.945785,3.1757923167193076
BRN,MYS,2014,370408274.0,370408274.0,1,0,1,,0.2609,total,BRN-MYS,BRN_2014,MYS_2014,-1.3436180868394545,UNComtrade,24.717975,3.2075307117583423
BRN,MYS,2015,293642113.0,293642113.0,1,0,1,,0.2693,total,BRN-MYS,BRN_2015,MYS_2015,-1.3119292791645838,UNComtrade,23.9243725,3.17489770919987
BRN,MYS,2016,277900703.0,277900703.0,1,0,1,,0.2723,total,BRN-MYS,BRN_2016,MYS_2016,-1.3008508793024232,UNComtrade,25.9671675,3.256832951570729
BRN,MYS,2017,625636237.129,625636237.129,1,0,1,,0.274,total,BRN-MYS,BRN_2017,MYS_2017,-1.2946271725940668,UNComtrade,23.2490425,3.146263948389632
BRN,MYS,2018,499837109.678,499837109.678,1,0,1,,0.2634,total,BRN-MYS,BRN_2018,MYS_2018,-1.3340814896729565,UNComtrade,18.785685,2.9330951436259296
BRN,MYS,2019,611525035.32,611525035.32,1,0,1,,0.2792,total,BRN-MYS,BRN_2019,MYS_2019,-1.2758269080939195,UNComtrade,22.4263325,3.1102358264693994
BRN,MYS,2020,509231301.01,509231301.01,1,0,1,,0.2841,total,BRN-MYS,BRN_2020,MYS_2020,-1.2584289901219947,UNComtrade,21.6241225,3.07380947395995
BRN,MYS,2021,550120627.42,550120627.42,1,0,1,,0.2727,total,BRN-MYS,BRN_2021,MYS_2021,-1.299382989130594,UNComtrade,19.4351775,2.9670846972699416
BRN,MYS,2022,1440538291.778,1440538291.778,1,0,1,,0.2799,total,BRN-MYS,BRN_2022,MYS_2022,-1.2733228824607292,UNComtrade,22.9365475,3.132731599067007
BRN,MYS,2023,768113970.399,768113970.399,1,0,1,,0.2836,total,BRN-MYS,BRN_2023,MYS_2023,-1.2601904843241645,UNComtrade,24.9650525,3.2174769468944833
BRN,MYS,2024,802579424.083,802579424.083,1,0,1,,0.2889,total,BRN-MYS,BRN_2024,MYS_2024,-1.2416746715099476,UNComtrade,23.9376075,3.1754507577923996
BRN,NLD,2010,2728143.706,2728143.706,1,0,1,,0.1986,total,BRN-NLD,BRN_2010,NLD_2010,-1.6164625273710649,UNComtrade,24.5336,3.200043606572865
BRN,NLD,2011,4645450.174,4645450.174,1,0,1,,0.2098,total,BRN-NLD,BRN_2011,NLD_2011,-1.5616005830199404,UNComtrade,25.7899275,3.249984008722183
BRN,NLD,2012,2683423.0,2683423.0,1,0,1,,0.1926,total,BRN-NLD,BRN_2012,NLD_2012,-1.647139779618112,UNComtrade,24.5981925,3.2026729646290963
BRN,NLD,2013,2673264.0,2673264.0,1,0,1,,0.1947,total,BRN-NLD,BRN_2013,NLD_2013,-1.636295366603983,UNComtrade,23.945785,3.1757923167193076
BRN,NLD,2014,5966700.0,5966700.0,1,0,1,,0.1942,total,BRN-NLD,BRN_2014,NLD_2014,-1.6388667231249123,UNComtrade,24.717975,3.2075307117583423
BRN,NLD,2015,4300625.0,4300625.0,1,0,1,,0.2034,total,BRN-NLD,BRN_2015,NLD_2015,-1.5925807953676774,UNComtrade,23.9243725,3.17489770919987
BRN,NLD,2016,383506.0,383506.0,1,0,1,,0.2063,total,BRN-NLD,BRN_2016,NLD_2016,-1.5784238589049309,UNComtrade,25.9671675,3.256832951570729
BRN,NLD,2017,96545.343,96545.343,1,0,1,,0.2097,total,BRN-NLD,BRN_2017,NLD_2017,-1.5620773410742628,UNComtrade,23.2490425,3.146263948389632
BRN,NLD,2018,0.0,,0,1,1,,0.1995,total,BRN-NLD,BRN_2018,NLD_2018,-1.611941042652219,UNComtrade (Confirmed Zero),18.785685,2.9330951436259296
BRN,NLD,2019,73.74,73.74,1,0,1,,0.2165,total,BRN-NLD,BRN_2019,NLD_2019,-1.5301647315395923,UNComtrade,22.4263325,3.1102358264693994
BRN,NLD,2020,0.0,,0,1,1,,0.2195,total,BRN-NLD,BRN_2020,NLD_2020,-1.516403046466911,UNComtrade (Confirmed Zero),21.6241225,3.07380947395995
BRN,NLD,2021,0.0,,0,1,1,,0.2095,total,BRN-NLD,BRN_2021,NLD_2021,-1.5630315396199446,UNComtrade (Confirmed Zero),19.4351775,2.9670846972699416
BRN,NLD,2022,2716203.529,2716203.529,1,0,1,,0.2154,total,BRN-NLD,BRN_2022,NLD_2022,-1.5352585142598487,UNComtrade,22.9365475,3.132731599067007
BRN,NLD,2023,0.0,,0,1,1,,0.2199,total,BRN-NLD,BRN_2023,NLD_2023,-1.5145823814214214,UNComtrade (Confirmed Zero),24.9650525,3.2174769468944833
BRN,NLD,2024,0.0,,0,1,1,,0.2247,total,BRN-NLD,BRN_2024,NLD_2024,-1.4929890997908537,UNComtrade (Confirmed Zero),23.9376075,3.1754507577923996
BRN,PHL,2010,6108740.255,6108740.255,1,0,1,,0.247,total,BRN-PHL,BRN_2010,PHL_2010,-1.3983669423541598,UNComtrade,24.5336,3.200043606572865
BRN,PHL,2011,9075701.469,9075701.469,1,0,1,,0.2548,total,BRN-PHL,BRN_2011,PHL_2011,-1.3672763552841287,UNComtrade,25.7899275,3.249984008722183
BRN,PHL,2012,60579391.0,60579391.0,1,0,1,,0.1786,total,BRN-PHL,BRN_2012,PHL_2012,-1.7226066105397384,UNComtrade,24.5981925,3.2026729646290963
BRN,PHL,2013,82662235.0,82662235.0,1,0,1,,0.2465,total,BRN-PHL,BRN_2013,PHL_2013,-1.4003932854993923,UNComtrade,23.945785,3.1757923167193076
BRN,PHL,2014,76382212.0,76382212.0,1,0,1,,0.2468,total,BRN-PHL,BRN_2014,PHL_2014,-1.3991769869509043,UNComtrade,24.717975,3.2075307117583423
BRN,PHL,2015,24831066.0,24831066.0,1,0,1,,0.1886,total,BRN-PHL,BRN_2015,PHL_2015,-1.66812690878278,UNComtrade,23.9243725,3.17489770919987
BRN,PHL,2016,24868041.0,24868041.0,1,0,1,,0.2556,total,BRN-PHL,BRN_2016,PHL_2016,-1.3641415564787571,UNComtrade,25.9671675,3.256832951570729
BRN,PHL,2017,43249799.189,43249799.189,1,0,1,,0.2602,total,BRN-PHL,BRN_2017,PHL_2017,-1.3463047129037322,UNComtrade,23.2490425,3.146263948389632
BRN,PHL,2018,36542482.042,36542482.042,1,0,1,,0.2481,total,BRN-PHL,BRN_2018,PHL_2018,-1.3939233882843818,UNComtrade,18.785685,2.9330951436259296
BRN,PHL,2019,119006449.94,119006449.94,1,0,1,,0.1963,total,BRN-PHL,BRN_2019,PHL_2019,-1.6281111776997217,UNComtrade,22.4263325,3.1102358264693994
BRN,PHL,2020,145569142.59,145569142.59,1,0,1,,0.2623,total,BRN-PHL,BRN_2020,PHL_2020,-1.3382663921093092,UNComtrade,21.6241225,3.07380947395995
BRN,PHL,2021,552822795.06,552822795.06,1,0,1,,0.1858,total,BRN-PHL,BRN_2021,PHL_2021,-1.683084452602399,UNComtrade,19.4351775,2.9670846972699416
BRN,PHL,2022,426912668.477,426912668.477,1,0,1,,0.259,total,BRN-PHL,BRN_2022,PHL_2022,-1.3509272172825992,UNComtrade,22.9365475,3.132731599067007
BRN,PHL,2023,258240424.015,258240424.015,1,0,1,,0.2621,total,BRN-PHL,BRN_2023,PHL_2023,-1.3390291686527764,UNComtrade,24.9650525,3.2174769468944833
BRN,PHL,2024,310878547.741,310878547.741,1,0,1,,0.2671,total,BRN-PHL,BRN_2024,PHL_2024,-1.3201321588662218,UNComtrade,23.9376075,3.1754507577923996
BRN,SGP,2010,251184498.833,251184498.833,1,0,1,,0.2622,total,BRN-SGP,BRN_2010,SGP_2010,-1.3386477076525376,UNComtrade,24.5336,3.200043606572865
BRN,SGP,2011,218686969.165,218686969.165,1,0,1,,0.2739,total,BRN-SGP,BRN_2011,SGP_2011,-1.294992202713105,UNComtrade,25.7899275,3.249984008722183
BRN,SGP,2012,233200173.0,233200173.0,1,0,1,,0.2566,total,BRN-SGP,BRN_2012,SGP_2012,-1.360236826800601,UNComtrade,24.5981925,3.2026729646290963
BRN,SGP,2013,501121163.0,501121163.0,1,0,1,,0.2605,total,BRN-SGP,BRN_2013,SGP_2013,-1.3451524177887153,UNComtrade,23.945785,3.1757923167193076
BRN,SGP,2014,342557648.0,342557648.0,1,0,1,,0.2601,total,BRN-SGP,BRN_2014,SGP_2014,-1.3466891065275313,UNComtrade,24.717975,3.2075307117583423
BRN,SGP,2015,222165576.0,222165576.0,1,0,1,,0.2691,total,BRN-SGP,BRN_2015,SGP_2015,-1.312672221249277,UNComtrade,23.9243725,3.17489770919987
BRN,SGP,2016,324530551.0,324530551.0,1,0,1,,0.2725,total,BRN-SGP,BRN_2016,SGP_2016,-1.3001166648788385,UNComtrade,25.9671675,3.256832951570729
BRN,SGP,2017,425537509.943,425537509.943,1,0,1,,0.2758,total,BRN-SGP,BRN_2017,SGP_2017,-1.2880793136229356,UNComtrade,23.2490425,3.146263948389632
BRN,SGP,2018,556908262.202,556908262.202,1,0,1,,0.2653,total,BRN-SGP,BRN_2018,SGP_2018,-1.3268940178384432,UNComtrade,18.785685,2.9330951436259296
BRN,SGP,2019,966886291.51,966886291.51,1,0,1,,0.2822,total,BRN-SGP,BRN_2019,SGP_2019,-1.2651392395634231,UNComtrade,22.4263325,3.1102358264693994
BRN,SGP,2020,1408189776.38,1408189776.38,1,0,1,,0.2865,total,BRN-SGP,BRN_2020,SGP_2020,-1.250016742827343,UNComtrade,21.6241225,3.07380947395995
BRN,SGP,2021,2368336188.66,2368336188.66,1,0,1,,0.2755,total,BRN-SGP,BRN_2021,SGP_2021,-1.2891676503891678,UNComtrade,19.4351775,2.9670846972699416
BRN,SGP,2022,1928360832.729,1928360832.729,1,0,1,,0.2822,total,BRN-SGP,BRN_2022,SGP_2022,-1.2651392395634231,UNComtrade,22.9365475,3.132731599067007
BRN,SGP,2023,1918655824.698,1918655824.698,1,0,1,,0.2866,total,BRN-SGP,BRN_2023,SGP_2023,-1.2496677635880655,UNComtrade,24.9650525,3.2174769468944833
BRN,SGP,2024,1463898287.808,1463898287.808,1,0,1,,0.2916,total,BRN-SGP,BRN_2024,SGP_2024,-1.232372278847634,UNComtrade,23.9376075,3.1754507577923996
BRN,THA,2010,78128452.3,78128452.3,1,0,1,,0.1877,total,BRN-THA,BRN_2010,THA_2010,-1.672910335389674,UNComtrade,24.5336,3.200043606572865
BRN,THA,2011,96121051.365,96121051.365,1,0,1,,0.1937,total,BRN-THA,BRN_2011,THA_2011,-1.6414447085691868,UNComtrade,25.7899275,3.249984008722183
BRN,THA,2012,473029204.0,473029204.0,1,0,1,,0.181,total,BRN-THA,BRN_2012,THA_2012,-1.7092582477163114,UNComtrade,24.5981925,3.2026729646290963
BRN,THA,2013,481223323.0,481223323.0,1,0,1,,0.183,total,BRN-THA,BRN_2013,THA_2013,-1.698269126140716,UNComtrade,23.945785,3.1757923167193076
BRN,THA,2014,547588584.0,547588584.0,1,0,1,,0.1836,total,BRN-THA,BRN_2014,THA_2014,-1.6949958007957469,UNComtrade,24.717975,3.2075307117583423
BRN,THA,2015,548605836.0,548605836.0,1,0,1,,0.1929,total,BRN-THA,BRN_2015,THA_2015,-1.6455833590704536,UNComtrade,23.9243725,3.17489770919987
BRN,THA,2016,436213819.0,436213819.0,1,0,1,,0.1971,total,BRN-THA,BRN_2016,THA_2016,-1.6240440648234626,UNComtrade,25.9671675,3.256832951570729
BRN,THA,2017,611505485.243,611505485.243,1,0,1,,0.1999,total,BRN-THA,BRN_2017,THA_2017,-1.6099380374757828,UNComtrade,23.2490425,3.146263948389632
BRN,THA,2018,689784424.54,689784424.54,1,0,1,,0.1888,total,BRN-THA,BRN_2018,THA_2018,-1.6670670252707367,UNComtrade,18.785685,2.9330951436259296
BRN,THA,2019,552123940.78,552123940.78,1,0,1,,0.2039,total,BRN-THA,BRN_2019,THA_2019,-1.5901256014017275,UNComtrade,22.4263325,3.1102358264693994
BRN,THA,2020,293695158.51,293695158.51,1,0,1,,0.2058,total,BRN-THA,BRN_2020,THA_2020,-1.5808504555821878,UNComtrade,21.6241225,3.07380947395995
BRN,THA,2021,517942647.03,517942647.03,1,0,1,,0.1957,total,BRN-THA,BRN_2021,THA_2021,-1.6311724045801064,UNComtrade,19.4351775,2.9670846972699416
BRN,THA,2022,465899091.572,465899091.572,1,0,1,,0.2004,total,BRN-THA,BRN_2022,THA_2022,-1.6074399097714274,UNComtrade,22.9365475,3.132731599067007
BRN,THA,2023,549082787.595,549082787.595,1,0,1,,0.203,total,BRN-THA,BRN_2023,THA_2023,-1.5945492999403497,UNComtrade,24.9650525,3.2174769468944833
BRN,THA,2024,602297354.467,602297354.467,1,0,1,,0.2081,total,BRN-THA,BRN_2024,THA_2024,-1.5697365455825485,UNComtrade,23.9376075,3.1754507577923996
BRN,TWN,2010,4466472.475,4466472.475,1,0,1,,0.195,total,BRN-TWN,BRN_2010,TWN_2010,-1.6347557204183902,UNComtrade,24.5336,3.200043606572865
BRN,TWN,2011,33654041.681,33654041.681,1,0,1,,0.2047,total,BRN-TWN,BRN_2011,TWN_2011,-1.5862097863148932,UNComtrade,25.7899275,3.249984008722183
BRN,TWN,2012,32060440.0,32060440.0,1,0,1,,0.1894,total,BRN-TWN,BRN_2012,TWN_2012,-1.663894098230159,UNComtrade,24.5981925,3.2026729646290963
BRN,TWN,2013,8274288.0,8274288.0,1,0,1,,0.1918,total,BRN-TWN,BRN_2013,TWN_2013,-1.6513021165327992,UNComtrade,23.945785,3.1757923167193076
BRN,TWN,2014,580075311.0,580075311.0,1,0,1,,0.1918,total,BRN-TWN,BRN_2014,TWN_2014,-1.6513021165327992,UNComtrade,24.717975,3.2075307117583423
BRN,TWN,2015,436508543.0,436508543.0,1,0,1,,0.2007,total,BRN-TWN,BRN_2015,TWN_2015,-1.6059440231798447,UNComtrade,23.9243725,3.17489770919987
BRN,TWN,2016,134558576.0,134558576.0,1,0,1,,0.2025,total,BRN-TWN,BRN_2016,TWN_2016,-1.5970153924355432,UNComtrade,25.9671675,3.256832951570729
BRN,TWN,2017,205733690.538,205733690.538,1,0,1,,0.2062,total,BRN-TWN,BRN_2017,TWN_2017,-1.5789087073992776,UNComtrade,23.2490425,3.146263948389632
BRN,TWN,2018,395156880.565,395156880.565,1,0,1,,0.1957,total,BRN-TWN,BRN_2018,TWN_2018,-1.6311724045801064,UNComtrade,18.785685,2.9330951436259296
BRN,TWN,2019,135622414.48,135622414.48,1,0,1,,0.2767,total,BRN-TWN,BRN_2019,TWN_2019,-1.2848213921892568,UNComtrade,22.4263325,3.1102358264693994
BRN,TWN,2020,88505042.36,88505042.36,1,0,1,,0.2817,total,BRN-TWN,BRN_2020,TWN_2020,-1.2669126040998102,UNComtrade,21.6241225,3.07380947395995
BRN,TWN,2021,121547652.45,121547652.45,1,0,1,,0.2713,total,BRN-TWN,BRN_2021,TWN_2021,-1.304530059317251,UNComtrade,19.4351775,2.9670846972699416
BRN,TWN,2022,21721633.113,21721633.113,1,0,1,,0.2768,total,BRN-TWN,BRN_2022,TWN_2022,-1.2844600552386225,UNComtrade,22.9365475,3.132731599067007
BRN,TWN,2023,189694378.29,189694378.29,1,0,1,,0.2784,total,BRN-TWN,BRN_2023,TWN_2023,-1.2786963505218725,UNComtrade,24.9650525,3.2174769468944833
BRN,TWN,2024,241101109.964,241101109.964,1,0,1,,0.2836,total,BRN-TWN,BRN_2024,TWN_2024,-1.2601904843241645,UNComtrade,23.9376075,3.1754507577923996
BRN,USA,2010,14218645.136,14218645.136,1,0,1,,0.1988,total,BRN-USA,BRN_2010,USA_2010,-1.6154559847596637,UNComtrade,24.5336,3.200043606572865
BRN,USA,2011,12525570.24,12525570.24,1,0,1,,0.2109,total,BRN-USA,BRN_2011,USA_2011,-1.556371191497408,UNComtrade,25.7899275,3.249984008722183
BRN,USA,2012,95109169.0,95109169.0,1,0,1,,0.1947,total,BRN-USA,BRN_2012,USA_2012,-1.636295366603983,UNComtrade,24.5981925,3.2026729646290963
BRN,USA,2013,9079552.0,9079552.0,1,0,1,,0.1978,total,BRN-USA,BRN_2013,USA_2013,-1.6204988597935253,UNComtrade,23.945785,3.1757923167193076
BRN,USA,2014,19760290.0,19760290.0,1,0,1,,0.2005,total,BRN-USA,BRN_2014,USA_2014,-1.606941032235513,UNComtrade,24.717975,3.2075307117583423
BRN,USA,2015,52710894.0,52710894.0,1,0,1,,0.2085,total,BRN-USA,BRN_2015,USA_2015,-1.567816237743281,UNComtrade,23.9243725,3.17489770919987
BRN,USA,2016,9867486.0,9867486.0,1,0,1,,0.2102,total,BRN-USA,BRN_2016,USA_2016,-1.5596958205392863,UNComtrade,25.9671675,3.256832951570729
BRN,USA,2017,28690024.887,28690024.887,1,0,1,,0.2137,total,BRN-USA,BRN_2017,USA_2017,-1.5431821166570352,UNComtrade,23.2490425,3.146263948389632
BRN,USA,2018,58267229.206,58267229.206,1,0,1,,0.2014,total,BRN-USA,BRN_2018,USA_2018,-1.602462298697675,UNComtrade,18.785685,2.9330951436259296
BRN,USA,2019,36756418.38,36756418.38,1,0,1,,0.2194,total,BRN-USA,BRN_2019,USA_2019,-1.516858731141007,UNComtrade,22.4263325,3.1102358264693994
BRN,USA,2020,76113757.03,76113757.03,1,0,1,,0.223,total,BRN-USA,BRN_2020,USA_2020,-1.5005835075220182,UNComtrade,21.6241225,3.07380947395995
BRN,USA,2021,8564356.77,8564356.77,1,0,1,,0.2132,total,BRN-USA,BRN_2021,USA_2021,-1.5455245866904477,UNComtrade,19.4351775,2.9670846972699416
BRN,USA,2022,128596541.362,128596541.362,1,0,1,,0.2182,total,BRN-USA,BRN_2022,USA_2022,-1.5223432055831665,UNComtrade,22.9365475,3.132731599067007
BRN,USA,2023,99088620.919,99088620.919,1,0,1,,0.2224,total,BRN-USA,BRN_2023,USA_2023,-1.50327771660571,UNComtrade,24.9650525,3.2174769468944833
BRN,USA,2024,178600926.56,178600926.56,1,0,1,,0.2274,total,BRN-USA,BRN_2024,USA_2024,-1.4810446976657017,UNComtrade,23.9376075,3.1754507577923996
BRN,VNM,2010,6606122.889,6606122.889,1,0,1,,0.1847,total,BRN-VNM,BRN_2010,VNM_2010,-1.689022391776943,UNComtrade,24.5336,3.200043606572865
BRN,VNM,2011,187889225.599,187889225.599,1,0,1,,0.2607,total,BRN-VNM,BRN_2011,VNM_2011,-1.344384958042681,UNComtrade,25.7899275,3.249984008722183
BRN,VNM,2012,592325875.0,592325875.0,1,0,1,,0.1804,total,BRN-VNM,BRN_2012,VNM_2012,-1.7125786713536135,UNComtrade,24.5981925,3.2026729646290963
BRN,VNM,2013,602303668.0,602303668.0,1,0,1,,0.1836,total,BRN-VNM,BRN_2013,VNM_2013,-1.6949958007957469,UNComtrade,23.945785,3.1757923167193076
BRN,VNM,2014,101973620.0,101973620.0,1,0,1,,0.1824,total,BRN-VNM,BRN_2014,VNM_2014,-1.701553201341906,UNComtrade,24.717975,3.2075307117583423
BRN,VNM,2015,47153344.0,47153344.0,1,0,1,,0.1926,total,BRN-VNM,BRN_2015,VNM_2015,-1.647139779618112,UNComtrade,23.9243725,3.17489770919987
BRN,VNM,2016,63883137.0,63883137.0,1,0,1,,0.1974,total,BRN-VNM,BRN_2016,VNM_2016,-1.622523151982756,UNComtrade,25.9671675,3.256832951570729
BRN,VNM,2017,44205710.041,44205710.041,1,0,1,,0.1989,total,BRN-VNM,BRN_2017,VNM_2017,-1.6149530931222105,UNComtrade,23.2490425,3.146263948389632
BRN,VNM,2018,24402853.168,24402853.168,1,0,1,,0.1882,total,BRN-VNM,BRN_2018,VNM_2018,-1.6702500518308578,UNComtrade,18.785685,2.9330951436259296
BRN,VNM,2019,198742894.5,198742894.5,1,0,1,,0.2017,total,BRN-VNM,BRN_2019,VNM_2019,-1.600973834021971,UNComtrade,22.4263325,3.1102358264693994
BRN,VNM,2020,227041065.66,227041065.66,1,0,1,,0.2693,total,BRN-VNM,BRN_2020,VNM_2020,-1.3119292791645838,UNComtrade,21.6241225,3.07380947395995
BRN,VNM,2021,198627545.23,198627545.23,1,0,1,,0.2597,total,BRN-VNM,BRN_2021,VNM_2021,-1.3482281603134345,UNComtrade,19.4351775,2.9670846972699416
BRN,VNM,2022,580278082.648,580278082.648,1,0,1,,0.2027,total,BRN-VNM,BRN_2022,VNM_2022,-1.5960282255241829,UNComtrade,22.9365475,3.132731599067007
BRN,VNM,2023,174186148.709,174186148.709,1,0,1,,0.207,total,BRN-VNM,BRN_2023,VNM_2023,-1.575036485716768,UNComtrade,24.9650525,3.2174769468944833
BRN,VNM,2024,486853511.949,486853511.949,1,0,1,,0.2126,total,BRN-VNM,BRN_2024,VNM_2024,-1.5483428130742891,UNComtrade,23.9376075,3.1754507577923996
IDN,ARE,2010,1475344153.0,1475344153.0,1,0,1,,0.4636,total,IDN-ARE,IDN_2010,ARE_2010,-0.7687331675165404,UNComtrade,237.635845,5.470739438904456
IDN,ARE,2011,1734502265.0,1734502265.0,1,0,1,,0.4518,total,IDN-ARE,IDN_2011,ARE_2011,-0.7945156749482342,UNComtrade,237.2379075,5.4690634667495335
IDN,ARE,2012,1619000949.0,1619000949.0,1,0,1,,0.4247,total,IDN-ARE,IDN_2012,ARE_2012,-0.8563722416629115,UNComtrade,219.303915,5.390458507521675
IDN,ARE,2013,1589066711.0,1589066711.0,1,0,1,,0.3997,total,IDN-ARE,IDN_2013,ARE_2013,-0.9170410132648592,UNComtrade,230.254365,5.439184632610445
IDN,ARE,2014,2503133955.0,2503133955.0,1,0,1,,0.319,total,IDN-ARE,IDN_2014,ARE_2014,-1.1425641761972924,UNComtrade,224.17411,5.412423026717595
IDN,ARE,2015,1926403037.0,1926403037.0,1,0,1,,0.315,total,IDN-ARE,IDN_2015,ARE_2015,-1.155182640156504,UNComtrade,232.1924425,5.44756652136116
IDN,ARE,2016,1612105635.0,1612105635.0,1,0,1,,0.3218,total,IDN-ARE,IDN_2016,ARE_2016,-1.1338250444238542,UNComtrade,217.835235,5.383738974273899
IDN,ARE,2017,1626363331.89,1626363331.89,1,0,1,,0.3114,total,IDN-ARE,IDN_2017,ARE_2017,-1.1666770195822391,UNComtrade,224.0402625,5.411825779006719
IDN,ARE,2018,1460698872.119,1460698872.119,1,0,1,,0.37,total,IDN-ARE,IDN_2018,ARE_2018,-0.9942522733438668,UNComtrade,232.2017125,5.447606444344261
IDN,ARE,2019,1471228495.233,1471228495.233,1,0,1,,0.3656,total,IDN-ARE,IDN_2019,ARE_2019,-1.006215439402142,UNComtrade,224.9042925,5.41567494504369
IDN,ARE,2020,1243961864.778,1243961864.778,1,0,1,,0.3958,total,IDN-ARE,IDN_2020,ARE_2020,-0.9268462458136716,UNComtrade,208.188245,5.338442694452449
IDN,ARE,2021,1894285929.315,1894285929.315,1,0,1,,0.3085,total,IDN-ARE,IDN_2021,ARE_2021,-1.1760334356366946,UNComtrade,196.7567225,5.281968054439349
IDN,ARE,2022,2297101262.794,2297101262.794,1,0,1,,0.3059,total,IDN-ARE,IDN_2022,ARE_2022,-1.184497027825279,UNComtrade,217.057525,5.380162410575639
IDN,ARE,2023,2648715165.099,2648715165.099,1,0,1,,0.4356,total,IDN-ARE,IDN_2023,ARE_2023,-0.8310308879233317,UNComtrade,236.861145,5.467474083360868
IDN,ARE,2024,3065473511.622,3065473511.622,1,0,1,,0.4195,total,IDN-ARE,IDN_2024,ARE_2024,-0.8686917530748762,UNComtrade,229.0517775,5.4339480806169815
IDN,AUS,2010,4244396928.0,4244396928.0,1,0,1,,0.4164,total,IDN-AUS,IDN_2010,AUS_2010,-0.8761089422413233,UNComtrade,237.635845,5.470739438904456
IDN,AUS,2011,5582530032.0,5582530032.0,1,0,1,,0.4238,total,IDN-AUS,IDN_2011,AUS_2011,-0.8584936331479384,UNComtrade,237.2379075,5.4690634667495335
IDN,AUS,2012,4905413057.0,4905413057.0,1,0,1,,0.4026,total,IDN-AUS,IDN_2012,AUS_2012,-0.909811765776446,UNComtrade,219.303915,5.390458507521675
IDN,AUS,2013,4370481872.0,4370481872.0,1,0,1,,0.3894,total,IDN-AUS,IDN_2013,AUS_2013,-0.9431481860440376,UNComtrade,230.254365,5.439184632610445
IDN,AUS,2014,4962452276.0,4962452276.0,1,0,1,,0.3846,total,IDN-AUS,IDN_2014,AUS_2014,-0.9555514458274575,UNComtrade,224.17411,5.412423026717595
IDN,AUS,2015,3702296010.0,3702296010.0,1,0,1,,0.3883,total,IDN-AUS,IDN_2015,AUS_2015,-0.9459770422445156,UNComtrade,232.1924425,5.44756652136116
IDN,AUS,2016,3199006498.0,3199006498.0,1,0,1,,0.3817,total,IDN-AUS,IDN_2016,AUS_2016,-0.9631203192309532,UNComtrade,217.835235,5.383738974273899
IDN,AUS,2017,2524361564.76,2524361564.76,1,0,1,,0.3758,total,IDN-AUS,IDN_2017,AUS_2017,-0.978698192002772,UNComtrade,224.0402625,5.411825779006719
IDN,AUS,2018,2800076332.7,2800076332.7,1,0,1,,0.4056,total,IDN-AUS,IDN_2018,AUS_2018,-0.9023878267051636,UNComtrade,232.2017125,5.447606444344261
IDN,AUS,2019,2328625110.319,2328625110.319,1,0,1,,0.399,total,IDN-AUS,IDN_2019,AUS_2019,-0.9187938620922736,UNComtrade,224.9042925,5.41567494504369
IDN,AUS,2020,2505717328.925,2505717328.925,1,0,1,,0.4039,total,IDN-AUS,IDN_2020,AUS_2020,-0.90658795641277,UNComtrade,208.188245,5.338442694452449
IDN,AUS,2021,3223544859.687,3223544859.687,1,0,1,,0.3674,total,IDN-AUS,IDN_2021,AUS_2021,-1.0013041062011117,UNComtrade,196.7567225,5.281968054439349
IDN,AUS,2022,3466415847.684,3466415847.684,1,0,1,,0.3613,total,IDN-AUS,IDN_2022,AUS_2022,-1.0180466408285425,UNComtrade,217.057525,5.380162410575639
IDN,AUS,2023,3176774968.281,3176774968.281,1,0,1,,0.4284,total,IDN-AUS,IDN_2023,AUS_2023,-0.8476979404085433,UNComtrade,236.861145,5.467474083360868
IDN,AUS,2024,4966793611.698,4966793611.698,1,0,1,,0.3894,total,IDN-AUS,IDN_2024,AUS_2024,-0.9431481860440376,UNComtrade,229.0517775,5.4339480806169815
IDN,BRN,2010,60963938.0,60963938.0,1,0,1,,0.188,total,IDN-BRN,IDN_2010,BRN_2010,-1.6713133161521878,UNComtrade,237.635845,5.470739438904456
IDN,BRN,2011,81689361.0,81689361.0,1,0,1,,0.1962,total,IDN-BRN,IDN_2011,BRN_2011,-1.6286207318508743,UNComtrade,237.2379075,5.4690634667495335
IDN,BRN,2012,81755280.0,81755280.0,1,0,1,,0.1812,total,IDN-BRN,IDN_2012,BRN_2012,-1.708153885373258,UNComtrade,219.303915,5.390458507521675
IDN,BRN,2013,122695879.0,122695879.0,1,0,1,,0.1814,total,IDN-BRN,IDN_2013,BRN_2013,-1.707050741301101,UNComtrade,230.254365,5.439184632610445
IDN,BRN,2014,100296035.0,100296035.0,1,0,1,,0.1803,total,IDN-BRN,IDN_2014,BRN_2014,-1.7131331487728656,UNComtrade,224.17411,5.412423026717595
IDN,BRN,2015,91229766.0,91229766.0,1,0,1,,0.1897,total,IDN-BRN,IDN_2015,BRN_2015,-1.6623114020411685,UNComtrade,232.1924425,5.44756652136116
IDN,BRN,2016,88667291.0,88667291.0,1,0,1,,0.1899,total,IDN-BRN,IDN_2016,BRN_2016,-1.6612576611638967,UNComtrade,217.835235,5.383738974273899
IDN,BRN,2017,64506597.68,64506597.68,1,0,1,,0.1938,total,IDN-BRN,IDN_2017,BRN_2017,-1.640928579525471,UNComtrade,224.0402625,5.411825779006719
IDN,BRN,2018,61180995.09,61180995.09,1,0,1,,0.1841,total,IDN-BRN,IDN_2018,BRN_2018,-1.6922761907431048,UNComtrade,232.2017125,5.447606444344261
IDN,BRN,2019,103153604.249,103153604.249,1,0,1,,0.1963,total,IDN-BRN,IDN_2019,BRN_2019,-1.6281111776997217,UNComtrade,224.9042925,5.41567494504369
IDN,BRN,2020,128962066.481,128962066.481,1,0,1,,0.2013,total,IDN-BRN,IDN_2020,BRN_2020,-1.6029589463363911,UNComtrade,208.188245,5.338442694452449
IDN,BRN,2021,211441837.616,211441837.616,1,0,1,,0.1875,total,IDN-BRN,IDN_2021,BRN_2021,-1.6739764335716716,UNComtrade,196.7567225,5.281968054439349
IDN,BRN,2022,240141890.448,240141890.448,1,0,1,,0.194,total,IDN-BRN,IDN_2022,BRN_2022,-1.6398971199188088,UNComtrade,217.057525,5.380162410575639
IDN,BRN,2023,197189790.794,197189790.794,1,0,1,,0.2036,total,IDN-BRN,IDN_2023,BRN_2023,-1.5915979943057694,UNComtrade,236.861145,5.467474083360868
IDN,BRN,2024,227795002.79,227795002.79,1,0,1,,0.2072,total,IDN-BRN,IDN_2024,BRN_2024,-1.5740707685968092,UNComtrade,229.0517775,5.4339480806169815
IDN,CAN,2010,731910614.0,731910614.0,1,0,1,,0.3441,total,IDN-CAN,IDN_2010,CAN_2010,-1.0668229661787023,UNComtrade,237.635845,5.470739438904456
IDN,CAN,2011,960285105.0,960285105.0,1,0,1,,0.3576,total,IDN-CAN,IDN_2011,CAN_2011,-1.028340235682778,UNComtrade,237.2379075,5.4690634667495335
IDN,CAN,2012,792445948.0,792445948.0,1,0,1,,0.3472,total,IDN-CAN,IDN_2012,CAN_2012,-1.0578542961959418,UNComtrade,219.303915,5.390458507521675
IDN,CAN,2013,782347313.0,782347313.0,1,0,1,,0.3279,total,IDN-CAN,IDN_2013,CAN_2013,-1.1150465951315345,UNComtrade,230.254365,5.439184632610445
IDN,CAN,2014,755021284.0,755021284.0,1,0,1,,0.3282,total,IDN-CAN,IDN_2014,CAN_2014,-1.1141321003261466,UNComtrade,224.17411,5.412423026717595
IDN,CAN,2015,722344686.0,722344686.0,1,0,1,,0.3287,total,IDN-CAN,IDN_2015,CAN_2015,-1.1126097983119634,UNComtrade,232.1924425,5.44756652136116
IDN,CAN,2016,732572062.0,732572062.0,1,0,1,,0.3209,total,IDN-CAN,IDN_2016,CAN_2016,-1.136625730866326,UNComtrade,217.835235,5.383738974273899
IDN,CAN,2017,821233142.56,821233142.56,1,0,1,,0.313,total,IDN-CAN,IDN_2017,CAN_2017,-1.161552088441984,UNComtrade,224.0402625,5.411825779006719
IDN,CAN,2018,914292359.51,914292359.51,1,0,1,,0.4324,total,IDN-CAN,IDN_2018,CAN_2018,-0.8384041932170838,UNComtrade,232.2017125,5.447606444344261
IDN,CAN,2019,858205989.193,858205989.193,1,0,1,,0.4244,total,IDN-CAN,IDN_2019,CAN_2019,-0.8570788722423089,UNComtrade,224.9042925,5.41567494504369
IDN,CAN,2020,789116393.333,789116393.333,1,0,1,,0.4562,total,IDN-CAN,IDN_2020,CAN_2020,-0.7848239691318494,UNComtrade,208.188245,5.338442694452449
IDN,CAN,2021,1063340426.186,1063340426.186,1,0,1,,0.303,total,IDN-CAN,IDN_2021,CAN_2021,-1.194022473472768,UNComtrade,196.7567225,5.281968054439349
IDN,CAN,2022,1276005485.67,1276005485.67,1,0,1,,0.2999,total,IDN-CAN,IDN_2022,CAN_2022,-1.2043061932271737,UNComtrade,217.057525,5.380162410575639
IDN,CAN,2023,1300168638.018,1300168638.018,1,0,1,,0.4626,total,IDN-CAN,IDN_2023,CAN_2023,-0.7708925291847982,UNComtrade,236.861145,5.467474083360868
IDN,CAN,2024,1442772085.895,1442772085.895,1,0,1,,0.3192,total,IDN-CAN,IDN_2024,CAN_2024,-1.1419374134064837,UNComtrade,229.0517775,5.4339480806169815
IDN,CHN,2010,15692611103.0,15692611103.0,1,0,1,,0.4899,total,IDN-CHN,IDN_2010,CHN_2010,-0.7135539903376079,UNComtrade,237.635845,5.470739438904456
IDN,CHN,2011,22941004929.0,22941004929.0,1,0,1,,0.4928,total,IDN-CHN,IDN_2011,CHN_2011,-0.707651866762827,UNComtrade,237.2379075,5.4690634667495335
IDN,CHN,2012,21659502652.0,21659502652.0,1,0,1,,0.4599,total,IDN-CHN,IDN_2012,CHN_2012,-0.776746204436259,UNComtrade,219.303915,5.390458507521675
IDN,CHN,2013,22601487232.0,22601487232.0,1,0,1,,0.4465,total,IDN-CHN,IDN_2013,CHN_2013,-0.8063158786655833,UNComtrade,230.254365,5.439184632610445
IDN,CHN,2014,17605944452.0,17605944452.0,1,0,1,,0.4485,total,IDN-CHN,IDN_2014,CHN_2014,-0.8018465974832862,UNComtrade,224.17411,5.412423026717595
IDN,CHN,2015,15046433812.0,15046433812.0,1,0,1,,0.4381,total,IDN-CHN,IDN_2015,CHN_2015,-0.8253080841622843,UNComtrade,232.1924425,5.44756652136116
IDN,CHN,2016,16785585024.0,16785585024.0,1,0,1,,0.4206,total,IDN-CHN,IDN_2016,CHN_2016,-0.8660730157135377,UNComtrade,217.835235,5.383738974273899
IDN,CHN,2017,23083091150.622,23083091150.622,1,0,1,,0.42,total,IDN-CHN,IDN_2017,CHN_2017,-0.8675005677047231,UNComtrade,224.0402625,5.411825779006719
IDN,CHN,2018,27126932390.48,27126932390.48,1,0,1,,0.4848,total,IDN-CHN,IDN_2018,CHN_2018,-0.7240188442270323,UNComtrade,232.2017125,5.447606444344261
IDN,CHN,2019,27961887116.415,27961887116.415,1,0,1,,0.48,total,IDN-CHN,IDN_2019,CHN_2019,-0.7339691750802004,UNComtrade,224.9042925,5.41567494504369
IDN,CHN,2020,31781825988.649,31781825988.649,1,0,1,,0.5071,total,IDN-CHN,IDN_2020,CHN_2020,-0.6790470561811637,UNComtrade,208.188245,5.338442694452449
IDN,CHN,2021,53772515330.998,53772515330.998,1,0,1,,0.4126,total,IDN-CHN,IDN_2021,CHN_2021,-0.8852766783449856,UNComtrade,196.7567225,5.281968054439349
IDN,CHN,2022,65929733632.416,65929733632.416,1,0,1,,0.4061,total,IDN-CHN,IDN_2022,CHN_2022,-0.9011558442898848,UNComtrade,217.057525,5.380162410575639
IDN,CHN,2023,65036643202.563,65036643202.563,1,0,1,,0.5354,total,IDN-CHN,IDN_2023,CHN_2023,-0.624741147895885,UNComtrade,236.861145,5.467474083360868
IDN,CHN,2024,62739517134.223,62739517134.223,1,0,1,,0.448,total,IDN-CHN,IDN_2024,CHN_2024,-0.8029620465671519,UNComtrade,229.0517775,5.4339480806169815
IDN,DEU,2010,2984670615.0,2984670615.0,1,0,1,,0.44,total,IDN-DEU,IDN_2010,DEU_2010,-0.8209805520698302,UNComtrade,237.635845,5.470739438904456
IDN,DEU,2011,3304651447.0,3304651447.0,1,0,1,,0.4323,total,IDN-DEU,IDN_2011,DEU_2011,-0.8386354873085509,UNComtrade,237.2379075,5.4690634667495335
IDN,DEU,2012,3074970612.0,3074970612.0,1,0,1,,0.4126,total,IDN-DEU,IDN_2012,DEU_2012,-0.8852766783449856,UNComtrade,219.303915,5.390458507521675
IDN,DEU,2013,2883422566.0,2883422566.0,1,0,1,,0.3994,total,IDN-DEU,IDN_2013,DEU_2013,-0.9177918580004224,UNComtrade,230.254365,5.439184632610445
IDN,DEU,2014,2821568436.0,2821568436.0,1,0,1,,0.3885,total,IDN-DEU,IDN_2014,DEU_2014,-0.9454621091744349,UNComtrade,224.17411,5.412423026717595
IDN,DEU,2015,2664156585.0,2664156585.0,1,0,1,,0.3906,total,IDN-DEU,IDN_2015,DEU_2015,-0.9400712605395584,UNComtrade,232.1924425,5.44756652136116
IDN,DEU,2016,2638679905.0,2638679905.0,1,0,1,,0.3893,total,IDN-DEU,IDN_2016,DEU_2016,-0.943405024365727,UNComtrade,217.835235,5.383738974273899
IDN,DEU,2017,2668210139.33,2668210139.33,1,0,1,,0.3917,total,IDN-DEU,IDN_2017,DEU_2017,-0.9372590383103514,UNComtrade,224.0402625,5.411825779006719
IDN,DEU,2018,2709811628.08,2709811628.08,1,0,1,,0.4468,total,IDN-DEU,IDN_2018,DEU_2018,-0.8056442117870914,UNComtrade,232.2017125,5.447606444344261
IDN,DEU,2019,2405755142.773,2405755142.773,1,0,1,,0.4385,total,IDN-DEU,IDN_2019,DEU_2019,-0.8243954671698993,UNComtrade,224.9042925,5.41567494504369
IDN,DEU,2020,2456304736.931,2456304736.931,1,0,1,,0.4629,total,IDN-DEU,IDN_2020,DEU_2020,-0.7702442309449122,UNComtrade,208.188245,5.338442694452449
IDN,DEU,2021,2914802438.397,2914802438.397,1,0,1,,0.3103,total,IDN-DEU,IDN_2021,DEU_2021,-1.1702157075278026,UNComtrade,196.7567225,5.281968054439349
IDN,DEU,2022,3206052815.314,3206052815.314,1,0,1,,0.3066,total,IDN-DEU,IDN_2022,DEU_2022,-1.1822113125444234,UNComtrade,217.057525,5.380162410575639
IDN,DEU,2023,2523283400.917,2523283400.917,1,0,1,,0.4099,total,IDN-DEU,IDN_2023,DEU_2023,-0.8918420514718453,UNComtrade,236.861145,5.467474083360868
IDN,DEU,2024,2394059054.474,2394059054.474,1,0,1,,0.3443,total,IDN-DEU,IDN_2024,DEU_2024,-1.0662419086376589,UNComtrade,229.0517775,5.4339480806169815
IDN,FRA,2010,0.0,,0,1,1,,0.4477,total,IDN-FRA,IDN_2010,FRA_2010,-0.8036319137352173,UNComtrade (Confirmed Zero),237.635845,5.470739438904456
IDN,FRA,2011,0.0,,0,1,1,,0.4471,total,IDN-FRA,IDN_2011,FRA_2011,-0.8049729957422022,UNComtrade (Confirmed Zero),237.2379075,5.4690634667495335
IDN,FRA,2012,0.0,,0,1,1,,0.3572,total,IDN-FRA,IDN_2012,FRA_2012,-1.029459429979793,UNComtrade (Confirmed Zero),219.303915,5.390458507521675
IDN,FRA,2013,0.0,,0,1,1,,0.3433,total,IDN-FRA,IDN_2013,FRA_2013,-1.0691505785184907,UNComtrade (Confirmed Zero),230.254365,5.439184632610445
IDN,FRA,2014,0.0,,0,1,1,,0.3327,total,IDN-FRA,IDN_2014,FRA_2014,-1.100514095957706,UNComtrade (Confirmed Zero),224.17411,5.412423026717595
IDN,FRA,2015,0.0,,0,1,1,,0.3356,total,IDN-FRA,IDN_2015,FRA_2015,-1.0918353043890858,UNComtrade (Confirmed Zero),232.1924425,5.44756652136116
IDN,FRA,2016,0.0,,0,1,1,,0.3266,total,IDN-FRA,IDN_2016,FRA_2016,-1.1190190984457724,UNComtrade (Confirmed Zero),217.835235,5.383738974273899
IDN,FRA,2017,0.0,,0,1,1,,0.3294,total,IDN-FRA,IDN_2017,FRA_2017,-1.110482461238597,UNComtrade (Confirmed Zero),224.0402625,5.411825779006719
IDN,FRA,2018,0.0,,0,1,1,,0.3843,total,IDN-FRA,IDN_2018,FRA_2018,-0.9563317814113388,UNComtrade (Confirmed Zero),232.2017125,5.447606444344261
IDN,FRA,2019,0.0,,0,1,1,,0.3801,total,IDN-FRA,IDN_2019,FRA_2019,-0.967320902986934,UNComtrade (Confirmed Zero),224.9042925,5.41567494504369
IDN,FRA,2020,0.0,,0,1,1,,0.4071,total,IDN-FRA,IDN_2020,FRA_2020,-0.8986964234732039,UNComtrade (Confirmed Zero),208.188245,5.338442694452449
IDN,FRA,2021,0.0,,0,1,1,,0.314,total,IDN-FRA,IDN_2021,FRA_2021,-1.1583622930738835,UNComtrade (Confirmed Zero),196.7567225,5.281968054439349
IDN,FRA,2022,0.0,,0,1,1,,0.3081,total,IDN-FRA,IDN_2022,FRA_2022,-1.177330873379515,UNComtrade (Confirmed Zero),217.057525,5.380162410575639
IDN,FRA,2023,0.0,,0,1,1,,0.4129,total,IDN-FRA,IDN_2023,FRA_2023,-0.8845498460900926,UNComtrade (Confirmed Zero),236.861145,5.467474083360868
IDN,FRA,2024,0.0,,0,1,1,,0.3465,total,IDN-FRA,IDN_2024,FRA_2024,-1.0598724603521792,UNComtrade (Confirmed Zero),229.0517775,5.4339480806169815
IDN,GBR,2010,1693163843.0,1693163843.0,1,0,1,,0.4571,total,IDN-GBR,IDN_2010,GBR_2010,-0.7828530936444383,UNComtrade,237.635845,5.470739438904456
IDN,GBR,2011,1719718086.0,1719718086.0,1,0,1,,0.4537,total,IDN-GBR,IDN_2011,GBR_2011,-0.7903190923122189,UNComtrade,237.2379075,5.4690634667495335
IDN,GBR,2012,1696755218.0,1696755218.0,1,0,1,,0.361,total,IDN-GBR,IDN_2012,GBR_2012,-1.018877320649256,UNComtrade,219.303915,5.390458507521675
IDN,GBR,2013,1634804625.0,1634804625.0,1,0,1,,0.3452,total,IDN-GBR,IDN_2013,GBR_2013,-1.0636313197728642,UNComtrade,230.254365,5.439184632610445
IDN,GBR,2014,1658606643.0,1658606643.0,1,0,1,,0.3331,total,IDN-GBR,IDN_2014,GBR_2014,-1.0993125337825032,UNComtrade,224.17411,5.412423026717595
IDN,GBR,2015,1527088076.0,1527088076.0,1,0,1,,0.3348,total,IDN-GBR,IDN_2015,GBR_2015,-1.0942219403668167,UNComtrade,232.1924425,5.44756652136116
IDN,GBR,2016,1590356852.0,1590356852.0,1,0,1,,0.3301,total,IDN-GBR,IDN_2016,GBR_2016,-1.1083596401229898,UNComtrade,217.835235,5.383738974273899
IDN,GBR,2017,1406068851.99,1406068851.99,1,0,1,,0.3326,total,IDN-GBR,IDN_2017,GBR_2017,-1.1008147122233096,UNComtrade,224.0402625,5.411825779006719
IDN,GBR,2018,1466108305.63,1466108305.63,1,0,1,,0.4542,total,IDN-GBR,IDN_2018,GBR_2018,-0.789217649310679,UNComtrade,232.2017125,5.447606444344261
IDN,GBR,2019,1351496170.241,1351496170.241,1,0,1,,0.3858,total,IDN-GBR,IDN_2019,GBR_2019,-0.9524361785105084,UNComtrade,224.9042925,5.41567494504369
IDN,GBR,2020,1283435539.193,1283435539.193,1,0,1,,0.4134,total,IDN-GBR,IDN_2020,GBR_2020,-0.8833396317344692,UNComtrade,208.188245,5.338442694452449
IDN,GBR,2021,1477050269.522,1477050269.522,1,0,1,,0.3212,total,IDN-GBR,IDN_2021,GBR_2021,-1.1356912969095303,UNComtrade,196.7567225,5.281968054439349
IDN,GBR,2022,1658968685.401,1658968685.401,1,0,1,,0.3128,total,IDN-GBR,IDN_2022,GBR_2022,-1.162191270310981,UNComtrade,217.057525,5.380162410575639
IDN,GBR,2023,1526743129.789,1526743129.789,1,0,1,,0.4232,total,IDN-GBR,IDN_2023,GBR_2023,-0.8599103984380474,UNComtrade,236.861145,5.467474083360868
IDN,GBR,2024,1805020427.909,1805020427.909,1,0,1,,0.354,total,IDN-GBR,IDN_2024,GBR_2024,-1.0384583658483626,UNComtrade,229.0517775,5.4339480806169815
IDN,HKG,2010,2501411436.0,2501411436.0,1,0,1,,0.4844,total,IDN-HKG,IDN_2010,HKG_2010,-0.7248442673031998,UNComtrade,237.635845,5.470739438904456
IDN,HKG,2011,3215405187.0,3215405187.0,1,0,1,,0.4884,total,IDN-HKG,IDN_2011,HKG_2011,-0.7166205367455875,UNComtrade,237.2379075,5.4690634667495335
IDN,HKG,2012,2633860902.0,2633860902.0,1,0,1,,0.4563,total,IDN-HKG,IDN_2012,HKG_2012,-0.7846047910487802,UNComtrade,219.303915,5.390458507521675
IDN,HKG,2013,2693254437.0,2693254437.0,1,0,1,,0.4389,total,IDN-HKG,IDN_2013,HKG_2013,-0.8234836822879487,UNComtrade,230.254365,5.439184632610445
IDN,HKG,2014,2777563658.0,2777563658.0,1,0,1,,0.4441,total,IDN-HKG,IDN_2014,HKG_2014,-0.8117055166840805,UNComtrade,224.17411,5.412423026717595
IDN,HKG,2015,2067293111.0,2067293111.0,1,0,1,,0.4308,total,IDN-HKG,IDN_2015,HKG_2015,-0.8421113336999035,UNComtrade,232.1924425,5.44756652136116
IDN,HKG,2016,2144834094.0,2144834094.0,1,0,1,,0.41,total,IDN-HKG,IDN_2016,HKG_2016,-0.8915981192837836,UNComtrade,217.835235,5.383738974273899
IDN,HKG,2017,2405808253.1,2405808253.1,1,0,1,,0.4052,total,IDN-HKG,IDN_2017,HKG_2017,-0.9033745066076088,UNComtrade,224.0402625,5.411825779006719
IDN,HKG,2018,2559214908.8,2559214908.8,1,0,1,,0.4705,total,IDN-HKG,IDN_2018,HKG_2018,-0.7539593199567027,UNComtrade,232.2017125,5.447606444344261
IDN,HKG,2019,2501673205.539,2501673205.539,1,0,1,,0.4633,total,IDN-HKG,IDN_2019,HKG_2019,-0.7693804865595344,UNComtrade,224.9042925,5.41567494504369
IDN,HKG,2020,2034852168.599,2034852168.599,1,0,1,,0.4906,total,IDN-HKG,IDN_2020,HKG_2020,-0.7121261471577481,UNComtrade,208.188245,5.338442694452449
IDN,HKG,2021,2063458938.961,2063458938.961,1,0,1,,0.3992,total,IDN-HKG,IDN_2021,HKG_2021,-0.9182927345448282,UNComtrade,196.7567225,5.281968054439349
IDN,HKG,2022,2960009975.935,2960009975.935,1,0,1,,0.3922,total,IDN-HKG,IDN_2022,HKG_2022,-0.9359833652198912,UNComtrade,217.057525,5.380162410575639
IDN,HKG,2023,2651473706.184,2651473706.184,1,0,1,,0.516,total,IDN-HKG,IDN_2023,HKG_2023,-0.6616485135005743,UNComtrade,236.861145,5.467474083360868
IDN,HKG,2024,2622638034.351,2622638034.351,1,0,1,,0.4289,total,IDN-HKG,IDN_2024,HKG_2024,-0.8465314874593023,UNComtrade,229.0517775,5.4339480806169815
IDN,IND,2010,9915038943.0,9915038943.0,1,0,1,,0.4641,total,IDN-IND,IDN_2010,IND_2010,-0.7676552327350069,UNComtrade,237.635845,5.470739438904456
IDN,IND,2011,13335706464.0,13335706464.0,1,0,1,,0.4544,total,IDN-IND,IDN_2011,IND_2011,-0.7887774115751954,UNComtrade,237.2379075,5.4690634667495335
IDN,IND,2012,12496314269.0,12496314269.0,1,0,1,,0.4367,total,IDN-IND,IDN_2012,IND_2012,-0.8285088184906219,UNComtrade,219.303915,5.390458507521675
IDN,IND,2013,13031302738.0,13031302738.0,1,0,1,,0.3515,total,IDN-IND,IDN_2013,IND_2013,-1.0455455677314176,UNComtrade,230.254365,5.439184632610445
IDN,IND,2014,12248959579.0,12248959579.0,1,0,1,,0.344,total,IDN-IND,IDN_2014,IND_2014,-1.067113621608739,UNComtrade,224.17411,5.412423026717595
IDN,IND,2015,11731001096.0,11731001096.0,1,0,1,,0.3406,total,IDN-IND,IDN_2015,IND_2015,-1.0770465107535492,UNComtrade,232.1924425,5.44756652136116
IDN,IND,2016,10093804356.0,10093804356.0,1,0,1,,0.3328,total,IDN-IND,IDN_2016,IND_2016,-1.1002135700350837,UNComtrade,217.835235,5.383738974273899
IDN,IND,2017,14084131442.73,14084131442.73,1,0,1,,0.3336,total,IDN-IND,IDN_2017,IND_2017,-1.0978126084975453,UNComtrade,224.0402625,5.411825779006719
IDN,IND,2018,13725675907.51,13725675907.51,1,0,1,,0.3876,total,IDN-IND,IDN_2018,IND_2018,-0.947781398965526,UNComtrade,232.2017125,5.447606444344261
IDN,IND,2019,11823490561.471,11823490561.471,1,0,1,,0.382,total,IDN-IND,IDN_2019,IND_2019,-0.962334670375562,UNComtrade,224.9042925,5.41567494504369
IDN,IND,2020,10394496578.475,10394496578.475,1,0,1,,0.3997,total,IDN-IND,IDN_2020,IND_2020,-0.9170410132648592,UNComtrade,208.188245,5.338442694452449
IDN,IND,2021,13342065494.556,13342065494.556,1,0,1,,0.3212,total,IDN-IND,IDN_2021,IND_2021,-1.1356912969095303,UNComtrade,196.7567225,5.281968054439349
IDN,IND,2022,23394236073.361,23394236073.361,1,0,1,,0.3156,total,IDN-IND,IDN_2022,IND_2022,-1.153279690010418,UNComtrade,217.057525,5.380162410575639
IDN,IND,2023,20297081442.812,20297081442.812,1,0,1,,0.4961,total,IDN-IND,IDN_2023,IND_2023,-0.7009777596751339,UNComtrade,236.861145,5.467474083360868
IDN,IND,2024,20380929676.075,20380929676.075,1,0,1,,0.4263,total,IDN-IND,IDN_2024,IND_2024,-0.8526119552109723,UNComtrade,229.0517775,5.4339480806169815
IDN,ITA,2010,2369981370.0,2369981370.0,1,0,1,,0.4401,total,IDN-ITA,IDN_2010,ITA_2010,-0.8207533051650914,UNComtrade,237.635845,5.470739438904456
IDN,ITA,2011,3168307186.0,3168307186.0,1,0,1,,0.4349,total,IDN-ITA,IDN_2011,ITA_2011,-0.8326391593785443,UNComtrade,237.2379075,5.4690634667495335
IDN,ITA,2012,2277010430.0,2277010430.0,1,0,1,,0.4145,total,IDN-ITA,IDN_2012,ITA_2012,-0.8806823044067874,UNComtrade,219.303915,5.390458507521675
IDN,ITA,2013,2128608268.0,2128608268.0,1,0,1,,0.3999,total,IDN-ITA,IDN_2013,ITA_2013,-0.9165407631293644,UNComtrade,230.254365,5.439184632610445
IDN,ITA,2014,2286858978.0,2286858978.0,1,0,1,,0.3858,total,IDN-ITA,IDN_2014,ITA_2014,-0.9524361785105084,UNComtrade,224.17411,5.412423026717595
IDN,ITA,2015,1872932508.0,1872932508.0,1,0,1,,0.3924,total,IDN-ITA,IDN_2015,ITA_2015,-0.935473551290929,UNComtrade,232.1924425,5.44756652136116
IDN,ITA,2016,1572117669.0,1572117669.0,1,0,1,,0.3881,total,IDN-ITA,IDN_2016,ITA_2016,-0.9464922406072764,UNComtrade,217.835235,5.383738974273899
IDN,ITA,2017,1932613382.67,1932613382.67,1,0,1,,0.3913,total,IDN-ITA,IDN_2017,ITA_2017,-0.9382807497657704,UNComtrade,224.0402625,5.411825779006719
IDN,ITA,2018,1921126834.93,1921126834.93,1,0,1,,0.4477,total,IDN-ITA,IDN_2018,ITA_2018,-0.8036319137352173,UNComtrade,232.2017125,5.447606444344261
IDN,ITA,2019,1749309098.909,1749309098.909,1,0,1,,0.4427,total,IDN-ITA,IDN_2019,ITA_2019,-0.8148629392440417,UNComtrade,224.9042925,5.41567494504369
IDN,ITA,2020,1746240448.705,1746240448.705,1,0,1,,0.4653,total,IDN-ITA,IDN_2020,ITA_2020,-0.7650729201315343,UNComtrade,208.188245,5.338442694452449
IDN,ITA,2021,2805743350.701,2805743350.701,1,0,1,,0.3047,total,IDN-ITA,IDN_2021,ITA_2021,-1.1884275929904735,UNComtrade,196.7567225,5.281968054439349
IDN,ITA,2022,3127964133.471,3127964133.471,1,0,1,,0.306,total,IDN-ITA,IDN_2022,ITA_2022,-1.1841701770297564,UNComtrade,217.057525,5.380162410575639
IDN,ITA,2023,2098323761.893,2098323761.893,1,0,1,,0.4795,total,IDN-ITA,IDN_2023,ITA_2023,-0.7350113846586441,UNComtrade,236.861145,5.467474083360868
IDN,ITA,2024,2251657928.002,2251657928.002,1,0,1,,0.4155,total,IDN-ITA,IDN_2024,ITA_2024,-0.8782726646866342,UNComtrade,229.0517775,5.4339480806169815
IDN,JPN,2010,25781813648.0,25781813648.0,1,0,1,,0.4638,total,IDN-JPN,IDN_2010,JPN_2010,-0.7683018541607058,UNComtrade,237.635845,5.470739438904456
IDN,JPN,2011,33714696141.0,33714696141.0,1,0,1,,0.463,total,IDN-JPN,IDN_2011,JPN_2011,-0.770028224895903,UNComtrade,237.2379075,5.4690634667495335
IDN,JPN,2012,30135106982.0,30135106982.0,1,0,1,,0.4367,total,IDN-JPN,IDN_2012,JPN_2012,-0.8285088184906219,UNComtrade,219.303915,5.390458507521675
IDN,JPN,2013,27086258710.0,27086258710.0,1,0,1,,0.4284,total,IDN-JPN,IDN_2013,JPN_2013,-0.8476979404085433,UNComtrade,230.254365,5.439184632610445
IDN,JPN,2014,23127088759.0,23127088759.0,1,0,1,,0.4311,total,IDN-JPN,IDN_2014,JPN_2014,-0.8414151972290481,UNComtrade,224.17411,5.412423026717595
IDN,JPN,2015,18020877343.0,18020877343.0,1,0,1,,0.4253,total,IDN-JPN,IDN_2015,JPN_2015,-0.8549604767225492,UNComtrade,232.1924425,5.44756652136116
IDN,JPN,2016,16101544919.0,16101544919.0,1,0,1,,0.4067,total,IDN-JPN,IDN_2016,JPN_2016,-0.8996794660689582,UNComtrade,217.835235,5.383738974273899
IDN,JPN,2017,17798800690.927,17798800690.927,1,0,1,,0.4061,total,IDN-JPN,IDN_2017,JPN_2017,-0.9011558442898848,UNComtrade,224.0402625,5.411825779006719
IDN,JPN,2018,19479891977.84,19479891977.84,1,0,1,,0.4636,total,IDN-JPN,IDN_2018,JPN_2018,-0.7687331675165404,UNComtrade,232.2017125,5.447606444344261
IDN,JPN,2019,16003261514.644,16003261514.644,1,0,1,,0.4545,total,IDN-JPN,IDN_2019,JPN_2019,-0.7885573653646035,UNComtrade,224.9042925,5.41567494504369
IDN,JPN,2020,13664728614.264,13664728614.264,1,0,1,,0.4861,total,IDN-JPN,IDN_2020,JPN_2020,-0.7213409149307273,UNComtrade,208.188245,5.338442694452449
IDN,JPN,2021,17872706084.288,17872706084.288,1,0,1,,0.391,total,IDN-JPN,IDN_2021,JPN_2021,-0.9390477189967712,UNComtrade,196.7567225,5.281968054439349
IDN,JPN,2022,24853082289.3,24853082289.3,1,0,1,,0.3816,total,IDN-JPN,IDN_2022,JPN_2022,-0.9633823394080056,UNComtrade,217.057525,5.380162410575639
IDN,JPN,2023,20787683641.363,20787683641.363,1,0,1,,0.4843,total,IDN-JPN,IDN_2023,JPN_2023,-0.7250507295729536,UNComtrade,236.861145,5.467474083360868
IDN,JPN,2024,20715076707.312,20715076707.312,1,0,1,,0.4146,total,IDN-JPN,IDN_2024,JPN_2024,-0.8804410789804578,UNComtrade,229.0517775,5.4339480806169815
IDN,KHM,2010,217738372.0,217738372.0,1,0,1,,0.1859,total,IDN-KHM,IDN_2010,KHM_2010,-1.6825463842547386,UNComtrade,237.635845,5.470739438904456
IDN,KHM,2011,259500981.0,259500981.0,1,0,1,,0.1984,total,IDN-KHM,IDN_2011,KHM_2011,-1.6174700841313647,UNComtrade,237.2379075,5.4690634667495335
IDN,KHM,2012,292191266.0,292191266.0,1,0,1,,0.1936,total,IDN-KHM,IDN_2012,KHM_2012,-1.6419611041396605,UNComtrade,219.303915,5.390458507521675
IDN,KHM,2013,312461056.0,312461056.0,1,0,1,,0.1932,total,IDN-KHM,IDN_2013,KHM_2013,-1.6440293572037197,UNComtrade,230.254365,5.439184632610445
IDN,KHM,2014,415816818.0,415816818.0,1,0,1,,0.2598,total,IDN-KHM,IDN_2014,KHM_2014,-1.347843174745638,UNComtrade,224.17411,5.412423026717595
IDN,KHM,2015,429715881.0,429715881.0,1,0,1,,0.2711,total,IDN-KHM,IDN_2015,KHM_2015,-1.3052675224775172,UNComtrade,232.1924425,5.44756652136116
IDN,KHM,2016,425420521.0,425420521.0,1,0,1,,0.2143,total,IDN-KHM,IDN_2016,KHM_2016,-1.5403783765026058,UNComtrade,217.835235,5.383738974273899
IDN,KHM,2017,513912147.48,513912147.48,1,0,1,,0.215,total,IDN-KHM,IDN_2017,KHM_2017,-1.5371172508544744,UNComtrade,224.0402625,5.411825779006719
IDN,KHM,2018,525377997.83,525377997.83,1,0,1,,0.2084,total,IDN-KHM,IDN_2018,KHM_2018,-1.5682959691029252,UNComtrade,232.2017125,5.447606444344261
IDN,KHM,2019,618521123.737,618521123.737,1,0,1,,0.2131,total,IDN-KHM,IDN_2019,KHM_2019,-1.5459937398775656,UNComtrade,224.9042925,5.41567494504369
IDN,KHM,2020,541303941.334,541303941.334,1,0,1,,0.2132,total,IDN-KHM,IDN_2020,KHM_2020,-1.5455245866904477,UNComtrade,208.188245,5.338442694452449
IDN,KHM,2021,531168239.333,531168239.333,1,0,1,,0.2143,total,IDN-KHM,IDN_2021,KHM_2021,-1.5403783765026058,UNComtrade,196.7567225,5.281968054439349
IDN,KHM,2022,725648854.249,725648854.249,1,0,1,,0.2097,total,IDN-KHM,IDN_2022,KHM_2022,-1.5620773410742628,UNComtrade,217.057525,5.380162410575639
IDN,KHM,2023,856078480.061,856078480.061,1,0,1,,0.2186,total,IDN-KHM,IDN_2023,KHM_2023,-1.5205117032396989,UNComtrade,236.861145,5.467474083360868
IDN,KHM,2024,833293188.596,833293188.596,1,0,1,,0.2271,total,IDN-KHM,IDN_2024,KHM_2024,-1.4823648298706242,UNComtrade,229.0517775,5.4339480806169815
IDN,KOR,2010,12574640785.0,12574640785.0,1,0,1,,0.4702,total,IDN-KOR,IDN_2010,KOR_2010,-0.7545971428761679,UNComtrade,237.635845,5.470739438904456
IDN,KOR,2011,16388800523.0,16388800523.0,1,0,1,,0.4797,total,IDN-KOR,IDN_2011,KOR_2011,-0.7345943704741188,UNComtrade,237.2379075,5.4690634667495335
IDN,KOR,2012,15049860022.0,15049860022.0,1,0,1,,0.4514,total,IDN-KOR,IDN_2012,KOR_2012,-0.7954014145987017,UNComtrade,219.303915,5.390458507521675
IDN,KOR,2013,11422476224.0,11422476224.0,1,0,1,,0.4366,total,IDN-KOR,IDN_2013,KOR_2013,-0.8287378348662936,UNComtrade,230.254365,5.439184632610445
IDN,KOR,2014,10606478322.0,10606478322.0,1,0,1,,0.4384,total,IDN-KOR,IDN_2014,KOR_2014,-0.8246235433483312,UNComtrade,224.17411,5.412423026717595
IDN,KOR,2015,7664446245.0,7664446245.0,1,0,1,,0.4317,total,IDN-KOR,IDN_2015,KOR_2015,-0.8400243764207053,UNComtrade,232.1924425,5.44756652136116
IDN,KOR,2016,7007623660.0,7007623660.0,1,0,1,,0.4161,total,IDN-KOR,IDN_2016,KOR_2016,-0.8768296629932414,UNComtrade,217.835235,5.383738974273899
IDN,KOR,2017,8200326740.69,8200326740.69,1,0,1,,0.4136,total,IDN-KOR,IDN_2017,KOR_2017,-0.8828559557879176,UNComtrade,224.0402625,5.411825779006719
IDN,KOR,2018,9532500318.631,9532500318.631,1,0,1,,0.4787,total,IDN-KOR,IDN_2018,KOR_2018,-0.7366811825836737,UNComtrade,232.2017125,5.447606444344261
IDN,KOR,2019,7234408618.654,7234408618.654,1,0,1,,0.4738,total,IDN-KOR,IDN_2019,KOR_2019,-0.746969987257452,UNComtrade,224.9042925,5.41567494504369
IDN,KOR,2020,6507557506.664,6507557506.664,1,0,1,,0.504,total,IDN-KOR,IDN_2020,KOR_2020,-0.6851790109107684,UNComtrade,208.188245,5.338442694452449
IDN,KOR,2021,8981895167.967,8981895167.967,1,0,1,,0.405,total,IDN-KOR,IDN_2021,KOR_2021,-0.9038682118755978,UNComtrade,196.7567225,5.281968054439349
IDN,KOR,2022,12808822457.007,12808822457.007,1,0,1,,0.3987,total,IDN-KOR,IDN_2022,KOR_2022,-0.9195460245948276,UNComtrade,217.057525,5.380162410575639
IDN,KOR,2023,10304777158.567,10304777158.567,1,0,1,,0.5286,total,IDN-KOR,IDN_2023,KOR_2023,-0.6375232768119483,UNComtrade,236.861145,5.467474083360868
IDN,KOR,2024,10773835588.006,10773835588.006,1,0,1,,0.4408,total,IDN-KOR,IDN_2024,KOR_2024,-0.8191640211434322,UNComtrade,229.0517775,5.4339480806169815
IDN,LAO,2010,5504451.0,5504451.0,1,0,1,,,total,IDN-LAO,IDN_2010,LAO_2010,,UNComtrade,237.635845,5.470739438904456
IDN,LAO,2011,8607224.0,8607224.0,1,0,1,,,total,IDN-LAO,IDN_2011,LAO_2011,,UNComtrade,237.2379075,5.4690634667495335
IDN,LAO,2012,23782973.0,23782973.0,1,0,1,,,total,IDN-LAO,IDN_2012,LAO_2012,,UNComtrade,219.303915,5.390458507521675
IDN,LAO,2013,5846339.0,5846339.0,1,0,1,,,total,IDN-LAO,IDN_2013,LAO_2013,,UNComtrade,230.254365,5.439184632610445
IDN,LAO,2014,4545247.0,4545247.0,1,0,1,,,total,IDN-LAO,IDN_2014,LAO_2014,,UNComtrade,224.17411,5.412423026717595
IDN,LAO,2015,7745233.0,7745233.0,1,0,1,,,total,IDN-LAO,IDN_2015,LAO_2015,,UNComtrade,232.1924425,5.44756652136116
IDN,LAO,2016,5873921.0,5873921.0,1,0,1,,,total,IDN-LAO,IDN_2016,LAO_2016,,UNComtrade,217.835235,5.383738974273899
IDN,LAO,2017,4212451.13,4212451.13,1,0,1,,,total,IDN-LAO,IDN_2017,LAO_2017,,UNComtrade,224.0402625,5.411825779006719
IDN,LAO,2018,7300435.34,7300435.34,1,0,1,,,total,IDN-LAO,IDN_2018,LAO_2018,,UNComtrade,232.2017125,5.447606444344261
IDN,LAO,2019,6836966.415,6836966.415,1,0,1,,,total,IDN-LAO,IDN_2019,LAO_2019,,UNComtrade,224.9042925,5.41567494504369
IDN,LAO,2020,5095718.697,5095718.697,1,0,1,,,total,IDN-LAO,IDN_2020,LAO_2020,,UNComtrade,208.188245,5.338442694452449
IDN,LAO,2021,7577157.402,7577157.402,1,0,1,,,total,IDN-LAO,IDN_2021,LAO_2021,,UNComtrade,196.7567225,5.281968054439349
IDN,LAO,2022,26620733.828,26620733.828,1,0,1,,,total,IDN-LAO,IDN_2022,LAO_2022,,UNComtrade,217.057525,5.380162410575639
IDN,LAO,2023,16701057.839,16701057.839,1,0,1,,,total,IDN-LAO,IDN_2023,LAO_2023,,UNComtrade,236.861145,5.467474083360868
IDN,LAO,2024,15044602.06,15044602.06,1,0,1,,,total,IDN-LAO,IDN_2024,LAO_2024,,UNComtrade,229.0517775,5.4339480806169815
IDN,MMR,2010,284172034.0,284172034.0,1,0,1,,0.1747,total,IDN-MMR,IDN_2010,MMR_2010,-1.744685061842126,UNComtrade,237.635845,5.470739438904456
IDN,MMR,2011,359471446.0,359471446.0,1,0,1,,0.1679,total,IDN-MMR,IDN_2011,MMR_2011,-1.784386714898642,UNComtrade,237.2379075,5.4690634667495335
IDN,MMR,2012,401589521.0,401589521.0,1,0,1,,0.2504,total,IDN-MMR,IDN_2012,MMR_2012,-1.3846956397561936,UNComtrade,219.303915,5.390458507521675
IDN,MMR,2013,556374775.0,556374775.0,1,0,1,,0.1967,total,IDN-MMR,IDN_2013,MMR_2013,-1.6260755535871236,UNComtrade,230.254365,5.439184632610445
IDN,MMR,2014,566906935.0,566906935.0,1,0,1,,0.1957,total,IDN-MMR,IDN_2014,MMR_2014,-1.6311724045801064,UNComtrade,224.17411,5.412423026717595
IDN,MMR,2015,615670386.0,615670386.0,1,0,1,,0.2128,total,IDN-MMR,IDN_2015,MMR_2015,-1.547402521514648,UNComtrade,232.1924425,5.44756652136116
IDN,MMR,2016,615683509.0,615683509.0,1,0,1,,0.2213,total,IDN-MMR,IDN_2016,MMR_2016,-1.5082360319251331,UNComtrade,217.835235,5.383738974273899
IDN,MMR,2017,827456501.88,827456501.88,1,0,1,,0.2846,total,IDN-MMR,IDN_2017,MMR_2017,-1.256670593326385,UNComtrade,224.0402625,5.411825779006719
IDN,MMR,2018,897490178.11,897490178.11,1,0,1,,0.2971,total,IDN-MMR,IDN_2018,MMR_2018,-1.2136864965135752,UNComtrade,232.2017125,5.447606444344261
IDN,MMR,2019,875626154.409,875626154.409,1,0,1,,0.2711,total,IDN-MMR,IDN_2019,MMR_2019,-1.3052675224775172,UNComtrade,224.9042925,5.41567494504369
IDN,MMR,2020,1031871858.311,1031871858.311,1,0,1,,0.2848,total,IDN-MMR,IDN_2020,MMR_2020,-1.2559680994443163,UNComtrade,208.188245,5.338442694452449
IDN,MMR,2021,1122118094.343,1122118094.343,1,0,1,,0.2779,total,IDN-MMR,IDN_2021,MMR_2021,-1.2804939422336792,UNComtrade,196.7567225,5.281968054439349
IDN,MMR,2022,964563055.087,964563055.087,1,0,1,,0.2015,total,IDN-MMR,IDN_2022,MMR_2022,-1.6019658975953994,UNComtrade,217.057525,5.380162410575639
IDN,MMR,2023,796618534.944,796618534.944,1,0,1,,0.2853,total,IDN-MMR,IDN_2023,MMR_2023,-1.2542140207626828,UNComtrade,236.861145,5.467474083360868
IDN,MMR,2024,620091959.03,620091959.03,1,0,1,,0.2914,total,IDN-MMR,IDN_2024,MMR_2024,-1.2330583852210326,UNComtrade,229.0517775,5.4339480806169815
IDN,MYS,2010,9362332453.0,9362332453.0,1,0,1,,0.4809,total,IDN-MYS,IDN_2010,MYS_2010,-0.7320959306985201,UNComtrade,237.635845,5.470739438904456
IDN,MYS,2011,10995846600.0,10995846600.0,1,0,1,,0.4857,total,IDN-MYS,IDN_2011,MYS_2011,-0.7221641296304379,UNComtrade,237.2379075,5.4690634667495335
IDN,MYS,2012,11280284955.0,11280284955.0,1,0,1,,0.4621,total,IDN-MYS,IDN_2012,MYS_2012,-0.7719739611059163,UNComtrade,219.303915,5.390458507521675
IDN,MYS,2013,10666609471.0,10666609471.0,1,0,1,,0.4427,total,IDN-MYS,IDN_2013,MYS_2013,-0.8148629392440417,UNComtrade,230.254365,5.439184632610445
IDN,MYS,2014,9731540673.0,9731540673.0,1,0,1,,0.4411,total,IDN-MYS,IDN_2014,MYS_2014,-0.818483671871243,UNComtrade,224.17411,5.412423026717595
IDN,MYS,2015,7630889322.0,7630889322.0,1,0,1,,0.4307,total,IDN-MYS,IDN_2015,MYS_2015,-0.8423434869220721,UNComtrade,232.1924425,5.44756652136116
IDN,MYS,2016,7112008233.0,7112008233.0,1,0,1,,0.4157,total,IDN-MYS,IDN_2016,MYS_2016,-0.8777914327235452,UNComtrade,217.835235,5.383738974273899
IDN,MYS,2017,8441139738.743,8441139738.743,1,0,1,,0.4118,total,IDN-MYS,IDN_2017,MYS_2017,-0.8872174843884479,UNComtrade,224.0402625,5.411825779006719
IDN,MYS,2018,9436721342.06,9436721342.06,1,0,1,,0.4778,total,IDN-MYS,IDN_2018,MYS_2018,-0.7385630440904278,UNComtrade,232.2017125,5.447606444344261
IDN,MYS,2019,8801814960.754,8801814960.754,1,0,1,,0.4719,total,IDN-MYS,IDN_2019,MYS_2019,-0.7509881802497953,UNComtrade,224.9042925,5.41567494504369
IDN,MYS,2020,8098764365.498,8098764365.498,1,0,1,,0.4959,total,IDN-MYS,IDN_2020,MYS_2020,-0.7013809854870489,UNComtrade,208.188245,5.338442694452449
IDN,MYS,2021,12064654148.741,12064654148.741,1,0,1,,0.4052,total,IDN-MYS,IDN_2021,MYS_2021,-0.9033745066076088,UNComtrade,196.7567225,5.281968054439349
IDN,MYS,2022,15672643534.839,15672643534.839,1,0,1,,0.3981,total,IDN-MYS,IDN_2022,MYS_2022,-0.9210520489758656,UNComtrade,217.057525,5.380162410575639
IDN,MYS,2023,12804353912.847,12804353912.847,1,0,1,,0.5253,total,IDN-MYS,IDN_2023,MYS_2023,-0.6437857510222212,UNComtrade,236.861145,5.467474083360868
IDN,MYS,2024,12548138587.958,12548138587.958,1,0,1,,0.4386,total,IDN-MYS,IDN_2024,MYS_2024,-0.8241674429983492,UNComtrade,229.0517775,5.4339480806169815
IDN,NLD,2010,3722455122.0,3722455122.0,1,0,1,,0.4442,total,IDN-NLD,IDN_2010,NLD_2010,-0.8114803675218101,UNComtrade,237.635845,5.470739438904456
IDN,NLD,2011,5132476545.0,5132476545.0,1,0,1,,0.4452,total,IDN-NLD,IDN_2011,NLD_2011,-0.8092316595807473,UNComtrade,237.2379075,5.4690634667495335
IDN,NLD,2012,4664300841.0,4664300841.0,1,0,1,,0.3556,total,IDN-NLD,IDN_2012,NLD_2012,-1.0339487753423875,UNComtrade,219.303915,5.390458507521675
IDN,NLD,2013,4105967064.0,4105967064.0,1,0,1,,0.3407,total,IDN-NLD,IDN_2013,NLD_2013,-1.076752954315216,UNComtrade,230.254365,5.439184632610445
IDN,NLD,2014,3984581541.0,3984581541.0,1,0,1,,0.328,total,IDN-NLD,IDN_2014,NLD_2014,-1.1147416705979931,UNComtrade,224.17411,5.412423026717595
IDN,NLD,2015,3442165722.0,3442165722.0,1,0,1,,0.3263,total,IDN-NLD,IDN_2015,NLD_2015,-1.1199380753828625,UNComtrade,232.1924425,5.44756652136116
IDN,NLD,2016,3254915907.0,3254915907.0,1,0,1,,0.3233,total,IDN-NLD,IDN_2016,NLD_2016,-1.1291745942507496,UNComtrade,217.835235,5.383738974273899
IDN,NLD,2017,4037848090.07,4037848090.07,1,0,1,,0.3265,total,IDN-NLD,IDN_2017,NLD_2017,-1.1193253302656512,UNComtrade,224.0402625,5.411825779006719
IDN,NLD,2018,3898165823.12,3898165823.12,1,0,1,,0.4524,total,IDN-NLD,IDN_2018,NLD_2018,-0.7931885347401716,UNComtrade,232.2017125,5.447606444344261
IDN,NLD,2019,3204950953.149,3204950953.149,1,0,1,,0.3833,total,IDN-NLD,IDN_2019,NLD_2019,-0.9589373065956276,UNComtrade,224.9042925,5.41567494504369
IDN,NLD,2020,3113698955.169,3113698955.169,1,0,1,,0.4104,total,IDN-NLD,IDN_2020,NLD_2020,-0.8906229851255774,UNComtrade,208.188245,5.338442694452449
IDN,NLD,2021,4630738728.976,4630738728.976,1,0,1,,0.319,total,IDN-NLD,IDN_2021,NLD_2021,-1.1425641761972924,UNComtrade,196.7567225,5.281968054439349
IDN,NLD,2022,5377785167.27,5377785167.27,1,0,1,,0.3155,total,IDN-NLD,IDN_2022,NLD_2022,-1.1535965970008693,UNComtrade,217.057525,5.380162410575639
IDN,NLD,2023,3869457869.827,3869457869.827,1,0,1,,0.4255,total,IDN-NLD,IDN_2023,NLD_2023,-0.8544903309687083,UNComtrade,236.861145,5.467474083360868
IDN,NLD,2024,4749664454.948,4749664454.948,1,0,1,,0.354,total,IDN-NLD,IDN_2024,NLD_2024,-1.0384583658483626,UNComtrade,229.0517775,5.4339480806169815
IDN,PHL,2010,3180743422.0,3180743422.0,1,0,1,,0.3376,total,IDN-PHL,IDN_2010,PHL_2010,-1.085893516260335,UNComtrade,237.635845,5.470739438904456
IDN,PHL,2011,3699026653.0,3699026653.0,1,0,1,,0.356,total,IDN-PHL,IDN_2011,PHL_2011,-1.0328245481301066,UNComtrade,237.2379075,5.4690634667495335
IDN,PHL,2012,3707633360.0,3707633360.0,1,0,1,,0.3351,total,IDN-PHL,IDN_2012,PHL_2012,-1.0933262842388722,UNComtrade,219.303915,5.390458507521675
IDN,PHL,2013,3816962607.0,3816962607.0,1,0,1,,0.3476,total,IDN-PHL,IDN_2013,PHL_2013,-1.0567028855909,UNComtrade,230.254365,5.439184632610445
IDN,PHL,2014,3887831709.0,3887831709.0,1,0,1,,0.3549,total,IDN-PHL,IDN_2014,PHL_2014,-1.0359192193296862,UNComtrade,224.17411,5.412423026717595
IDN,PHL,2015,3921676834.0,3921676834.0,1,0,1,,0.3343,total,IDN-PHL,IDN_2015,PHL_2015,-1.095716485556084,UNComtrade,232.1924425,5.44756652136116
IDN,PHL,2016,5270872707.0,5270872707.0,1,0,1,,0.3381,total,IDN-PHL,IDN_2016,PHL_2016,-1.0844135692682968,UNComtrade,217.835235,5.383738974273899
IDN,PHL,2017,6629644542.2,6629644542.2,1,0,1,,0.3455,total,IDN-PHL,IDN_2017,PHL_2017,-1.0627626357744124,UNComtrade,224.0402625,5.411825779006719
IDN,PHL,2018,6825460221.0,6825460221.0,1,0,1,,0.368,total,IDN-PHL,IDN_2018,PHL_2018,-0.999672340813206,UNComtrade,232.2017125,5.447606444344261
IDN,PHL,2019,6770111447.358,6770111447.358,1,0,1,,0.3693,total,IDN-PHL,IDN_2019,PHL_2019,-0.9961459571236196,UNComtrade,224.9042925,5.41567494504369
IDN,PHL,2020,5900740889.658,5900740889.658,1,0,1,,0.3435,total,IDN-PHL,IDN_2020,PHL_2020,-1.068568167319733,UNComtrade,208.188245,5.338442694452449
IDN,PHL,2021,8604306204.401,8604306204.401,1,0,1,,0.3258,total,IDN-PHL,IDN_2021,PHL_2021,-1.1214715828141923,UNComtrade,196.7567225,5.281968054439349
IDN,PHL,2022,12905120294.721,12905120294.721,1,0,1,,0.329,total,IDN-PHL,IDN_2022,PHL_2022,-1.1116975282167652,UNComtrade,217.057525,5.380162410575639
IDN,PHL,2023,11040135399.934,11040135399.934,1,0,1,,0.3741,total,IDN-PHL,IDN_2023,PHL_2023,-0.9832321376280366,UNComtrade,236.861145,5.467474083360868
IDN,PHL,2024,10748429359.47,10748429359.47,1,0,1,,0.3819,total,IDN-PHL,IDN_2024,PHL_2024,-0.9625964847506664,UNComtrade,229.0517775,5.4339480806169815
IDN,SGP,2010,13723265578.0,13723265578.0,1,0,1,,0.4908,total,IDN-SGP,IDN_2010,SGP_2010,-0.7117185661453806,UNComtrade,237.635845,5.470739438904456
IDN,SGP,2011,18443890221.0,18443890221.0,1,0,1,,0.4929,total,IDN-SGP,IDN_2011,SGP_2011,-0.7074489652708049,UNComtrade,237.2379075,5.4690634667495335
IDN,SGP,2012,17135025448.0,17135025448.0,1,0,1,,0.463,total,IDN-SGP,IDN_2012,SGP_2012,-0.770028224895903,UNComtrade,219.303915,5.390458507521675
IDN,SGP,2013,16686238643.0,16686238643.0,1,0,1,,0.4465,total,IDN-SGP,IDN_2013,SGP_2013,-0.8063158786655833,UNComtrade,230.254365,5.439184632610445
IDN,SGP,2014,16752339986.0,16752339986.0,1,0,1,,0.445,total,IDN-SGP,IDN_2014,SGP_2014,-0.8096809968158968,UNComtrade,224.17411,5.412423026717595
IDN,SGP,2015,12632634348.0,12632634348.0,1,0,1,,0.4378,total,IDN-SGP,IDN_2015,SGP_2015,-0.8259930938933744,UNComtrade,232.1924425,5.44756652136116
IDN,SGP,2016,11246431902.0,11246431902.0,1,0,1,,0.418,total,IDN-SGP,IDN_2016,SGP_2016,-0.8722738464573808,UNComtrade,217.835235,5.383738974273899
IDN,SGP,2017,12724896712.04,12724896712.04,1,0,1,,0.4173,total,IDN-SGP,IDN_2017,SGP_2017,-0.8739498913846301,UNComtrade,224.0402625,5.411825779006719
IDN,SGP,2018,12991592685.313,12991592685.313,1,0,1,,0.484,total,IDN-SGP,IDN_2018,SGP_2018,-0.7256703722655053,UNComtrade,232.2017125,5.447606444344261
IDN,SGP,2019,12916729676.486,12916729676.486,1,0,1,,0.4798,total,IDN-SGP,IDN_2019,SGP_2019,-0.7343859285765428,UNComtrade,224.9042925,5.41567494504369
IDN,SGP,2020,10661853767.744,10661853767.744,1,0,1,,0.5058,total,IDN-SGP,IDN_2020,SGP_2020,-0.6816139447462722,UNComtrade,208.188245,5.338442694452449
IDN,SGP,2021,11635803654.916,11635803654.916,1,0,1,,0.4115,total,IDN-SGP,IDN_2021,SGP_2021,-0.8879462588650127,UNComtrade,196.7567225,5.281968054439349
IDN,SGP,2022,14349506230.768,14349506230.768,1,0,1,,0.4056,total,IDN-SGP,IDN_2022,SGP_2022,-0.9023878267051636,UNComtrade,217.057525,5.380162410575639
IDN,SGP,2023,12607603597.107,12607603597.107,1,0,1,,0.5329,total,IDN-SGP,IDN_2023,SGP_2023,-0.6294214896794004,UNComtrade,236.861145,5.467474083360868
IDN,SGP,2024,12204376812.117,12204376812.117,1,0,1,,0.4451,total,IDN-SGP,IDN_2024,SGP_2024,-0.8094563029603284,UNComtrade,229.0517775,5.4339480806169815
IDN,THA,2010,4566569291.0,4566569291.0,1,0,1,,0.4312,total,IDN-THA,IDN_2010,THA_2010,-0.8411832593873496,UNComtrade,237.635845,5.470739438904456
IDN,THA,2011,5896686933.0,5896686933.0,1,0,1,,0.4137,total,IDN-THA,IDN_2011,THA_2011,-0.8826142055147712,UNComtrade,237.2379075,5.4690634667495335
IDN,THA,2012,6635141100.0,6635141100.0,1,0,1,,0.4124,total,IDN-THA,IDN_2012,THA_2012,-0.8857615268393322,UNComtrade,219.303915,5.390458507521675
IDN,THA,2013,6061869962.0,6061869962.0,1,0,1,,0.4122,total,IDN-THA,IDN_2013,THA_2013,-0.8862466105257784,UNComtrade,230.254365,5.439184632610445
IDN,THA,2014,5784719711.0,5784719711.0,1,0,1,,0.397,total,IDN-THA,IDN_2014,THA_2014,-0.9238189982949466,UNComtrade,224.17411,5.412423026717595
IDN,THA,2015,5507253044.0,5507253044.0,1,0,1,,0.4041,total,IDN-THA,IDN_2015,THA_2015,-0.906092906897709,UNComtrade,232.1924425,5.44756652136116
IDN,THA,2016,5392399348.0,5392399348.0,1,0,1,,0.3948,total,IDN-THA,IDN_2016,THA_2016,-0.9293759714228106,UNComtrade,217.835235,5.383738974273899
IDN,THA,2017,6473725884.4,6473725884.4,1,0,1,,0.3926,total,IDN-THA,IDN_2017,THA_2017,-0.9349639971397764,UNComtrade,224.0402625,5.411825779006719
IDN,THA,2018,6818948854.56,6818948854.56,1,0,1,,0.4473,total,IDN-THA,IDN_2018,THA_2018,-0.8045257685433347,UNComtrade,232.2017125,5.447606444344261
IDN,THA,2019,6218393407.74,6218393407.74,1,0,1,,0.4514,total,IDN-THA,IDN_2019,THA_2019,-0.7954014145987017,UNComtrade,224.9042925,5.41567494504369
IDN,THA,2020,5110298771.651,5110298771.651,1,0,1,,0.4764,total,IDN-THA,IDN_2020,THA_2020,-0.7414974415009921,UNComtrade,208.188245,5.338442694452449
IDN,THA,2021,7088026702.216,7088026702.216,1,0,1,,0.3862,total,IDN-THA,IDN_2021,THA_2021,-0.951399908987723,UNComtrade,196.7567225,5.281968054439349
IDN,THA,2022,8196786699.711,8196786699.711,1,0,1,,0.3774,total,IDN-THA,IDN_2022,THA_2022,-0.9744496460476872,UNComtrade,217.057525,5.380162410575639
IDN,THA,2023,7222872396.393,7222872396.393,1,0,1,,0.488,total,IDN-THA,IDN_2023,THA_2023,-0.7174398731289899,UNComtrade,236.861145,5.467474083360868
IDN,THA,2024,7507640780.088,7507640780.088,1,0,1,,0.4085,total,IDN-THA,IDN_2024,THA_2024,-0.8952633646820796,UNComtrade,229.0517775,5.4339480806169815
IDN,TWN,2010,4837567877.0,4837567877.0,1,0,1,,0.4739,total,IDN-TWN,IDN_2010,TWN_2010,-0.7467589500085945,UNComtrade,237.635845,5.470739438904456
IDN,TWN,2011,6584867497.0,6584867497.0,1,0,1,,0.4725,total,IDN-TWN,IDN_2011,TWN_2011,-0.7497175320483397,UNComtrade,237.2379075,5.4690634667495335
IDN,TWN,2012,6242527731.0,6242527731.0,1,0,1,,0.4459,total,IDN-TWN,IDN_2012,TWN_2012,-0.8076605673487061,UNComtrade,219.303915,5.390458507521675
IDN,TWN,2013,5862445946.0,5862445946.0,1,0,1,,0.4327,total,IDN-TWN,IDN_2013,TWN_2013,-0.837710631751298,UNComtrade,230.254365,5.439184632610445
IDN,TWN,2014,6425103349.0,6425103349.0,1,0,1,,0.4364,total,IDN-TWN,IDN_2014,TWN_2014,-0.8291960250232213,UNComtrade,224.17411,5.412423026717595
IDN,TWN,2015,5043821948.0,5043821948.0,1,0,1,,0.4272,total,IDN-TWN,IDN_2015,TWN_2015,-0.8505029913361519,UNComtrade,232.1924425,5.44756652136116
IDN,TWN,2016,3652643604.0,3652643604.0,1,0,1,,0.4057,total,IDN-TWN,IDN_2016,TWN_2016,-0.9021413087697356,UNComtrade,217.835235,5.383738974273899
IDN,TWN,2017,4229174060.81,4229174060.81,1,0,1,,0.4037,total,IDN-TWN,IDN_2017,TWN_2017,-0.907083251123242,UNComtrade,224.0402625,5.411825779006719
IDN,TWN,2018,4700894113.73,4700894113.73,1,0,1,,0.4673,total,IDN-TWN,IDN_2018,TWN_2018,-0.7607838292757566,UNComtrade,232.2017125,5.447606444344261
IDN,TWN,2019,4034831887.283,4034831887.283,1,0,1,,0.4651,total,IDN-TWN,IDN_2019,TWN_2019,-0.7655028427520857,UNComtrade,224.9042925,5.41567494504369
IDN,TWN,2020,4097427285.08,4097427285.08,1,0,1,,0.4957,total,IDN-TWN,IDN_2020,TWN_2020,-0.7017843739556089,UNComtrade,208.188245,5.338442694452449
IDN,TWN,2021,6960165191.39,6960165191.39,1,0,1,,0.4031,total,IDN-TWN,IDN_2021,TWN_2021,-0.908570608859017,UNComtrade,196.7567225,5.281968054439349
IDN,TWN,2022,8678173856.105,8678173856.105,1,0,1,,0.3931,total,IDN-TWN,IDN_2022,TWN_2022,-0.9336912465543225,UNComtrade,217.057525,5.380162410575639
IDN,TWN,2023,6703905321.572,6703905321.572,1,0,1,,0.5134,total,IDN-TWN,IDN_2023,TWN_2023,-0.6667000105450971,UNComtrade,236.861145,5.467474083360868
IDN,TWN,2024,6686535054.124,6686535054.124,1,0,1,,0.4288,total,IDN-TWN,IDN_2024,TWN_2024,-0.8467646692255448,UNComtrade,229.0517775,5.4339480806169815
IDN,USA,2010,14301875648.0,14301875648.0,1,0,1,,0.4584,total,IDN-USA,IDN_2010,USA_2010,-0.7800131135816073,UNComtrade,237.635845,5.470739438904456
IDN,USA,2011,16497615839.0,16497615839.0,1,0,1,,0.465,total,IDN-USA,IDN_2011,USA_2011,-0.7657178733947807,UNComtrade,237.2379075,5.4690634667495335
IDN,USA,2012,14910181324.0,14910181324.0,1,0,1,,0.4497,total,IDN-USA,IDN_2012,USA_2012,-0.7991745852054754,UNComtrade,219.303915,5.390458507521675
IDN,USA,2013,15741131921.0,15741131921.0,1,0,1,,0.4278,total,IDN-USA,IDN_2013,USA_2013,-0.8490994823338318,UNComtrade,230.254365,5.439184632610445
IDN,USA,2014,16560075701.0,16560075701.0,1,0,1,,0.4259,total,IDN-USA,IDN_2014,USA_2014,-0.8535507020529692,UNComtrade,224.17411,5.412423026717595
IDN,USA,2015,16268488416.0,16268488416.0,1,0,1,,0.4235,total,IDN-USA,IDN_2015,USA_2015,-0.859201764890028,UNComtrade,232.1924425,5.44756652136116
IDN,USA,2016,16171284269.0,16171284269.0,1,0,1,,0.4112,total,IDN-USA,IDN_2016,USA_2016,-0.8886755648411817,UNComtrade,217.835235,5.383738974273899
IDN,USA,2017,17817789648.6,17817789648.6,1,0,1,,0.4039,total,IDN-USA,IDN_2017,USA_2017,-0.90658795641277,UNComtrade,224.0402625,5.411825779006719
IDN,USA,2018,18471771365.59,18471771365.59,1,0,1,,0.4622,total,IDN-USA,IDN_2018,USA_2018,-0.7717575811418567,UNComtrade,232.2017125,5.447606444344261
IDN,USA,2019,17873579568.954,17873579568.954,1,0,1,,0.4565,total,IDN-USA,IDN_2019,USA_2019,-0.7841665789471138,UNComtrade,224.9042925,5.41567494504369
IDN,USA,2020,18668906208.885,18668906208.885,1,0,1,,0.4865,total,IDN-USA,IDN_2020,USA_2020,-0.7205183773560774,UNComtrade,208.188245,5.338442694452449
IDN,USA,2021,25839052758.718,25839052758.718,1,0,1,,0.3949,total,IDN-USA,IDN_2021,USA_2021,-0.9291227106895332,UNComtrade,196.7567225,5.281968054439349
IDN,USA,2022,28235188499.988,28235188499.988,1,0,1,,0.4034,total,IDN-USA,IDN_2022,USA_2022,-0.9078266534620256,UNComtrade,217.057525,5.380162410575639
IDN,USA,2023,23309897735.789,23309897735.789,1,0,1,,0.511,total,IDN-USA,IDN_2023,USA_2023,-0.6713856887784326,UNComtrade,236.861145,5.467474083360868
IDN,USA,2024,26593055006.245,26593055006.245,1,0,1,,0.4272,total,IDN-USA,IDN_2024,USA_2024,-0.8505029913361519,UNComtrade,229.0517775,5.4339480806169815
IDN,VNM,2010,1946220540.0,1946220540.0,1,0,1,,0.4113,total,IDN-VNM,IDN_2010,VNM_2010,-0.8884324037457586,UNComtrade,237.635845,5.470739438904456
IDN,VNM,2011,2354191428.0,2354191428.0,1,0,1,,0.4363,total,IDN-VNM,IDN_2011,VNM_2011,-0.829425198852573,UNComtrade,237.2379075,5.4690634667495335
IDN,VNM,2012,2273693205.0,2273693205.0,1,0,1,,0.4057,total,IDN-VNM,IDN_2012,VNM_2012,-0.9021413087697356,UNComtrade,219.303915,5.390458507521675
IDN,VNM,2013,2400879753.0,2400879753.0,1,0,1,,0.4043,total,IDN-VNM,IDN_2013,VNM_2013,-0.905598102335412,UNComtrade,230.254365,5.439184632610445
IDN,VNM,2014,2451196725.0,2451196725.0,1,0,1,,0.3953,total,IDN-VNM,IDN_2014,VNM_2014,-0.9281103086794972,UNComtrade,224.17411,5.412423026717595
IDN,VNM,2015,2740178896.0,2740178896.0,1,0,1,,0.3996,total,IDN-VNM,IDN_2015,VNM_2015,-0.9172912322077386,UNComtrade,232.1924425,5.44756652136116
IDN,VNM,2016,3045496445.0,3045496445.0,1,0,1,,0.3916,total,IDN-VNM,IDN_2016,VNM_2016,-0.9375143683257816,UNComtrade,217.835235,5.383738974273899
IDN,VNM,2017,3586906701.232,3586906701.232,1,0,1,,0.385,total,IDN-VNM,IDN_2017,VNM_2017,-0.9545119446943529,UNComtrade,224.0402625,5.411825779006719
IDN,VNM,2018,4583936588.33,4583936588.33,1,0,1,,0.4483,total,IDN-VNM,IDN_2018,VNM_2018,-0.8022926278207433,UNComtrade,232.2017125,5.447606444344261
IDN,VNM,2019,5153358373.063,5153358373.063,1,0,1,,0.4432,total,IDN-VNM,IDN_2019,VNM_2019,-0.813734143549063,UNComtrade,224.9042925,5.41567494504369
IDN,VNM,2020,4941357771.433,4941357771.433,1,0,1,,0.4647,total,IDN-VNM,IDN_2020,VNM_2020,-0.7663632428912044,UNComtrade,208.188245,5.338442694452449
IDN,VNM,2021,6850066333.211,6850066333.211,1,0,1,,0.3812,total,IDN-VNM,IDN_2021,VNM_2021,-0.96443110720209,UNComtrade,196.7567225,5.281968054439349
IDN,VNM,2022,8273310637.773,8273310637.773,1,0,1,,0.3724,total,IDN-VNM,IDN_2022,VNM_2022,-0.987786733579225,UNComtrade,217.057525,5.380162410575639
IDN,VNM,2023,7544855981.797,7544855981.797,1,0,1,,0.4976,total,IDN-VNM,IDN_2023,VNM_2023,-0.6979587375571674,UNComtrade,236.861145,5.467474083360868
IDN,VNM,2024,9508007601.689,9508007601.689,1,0,1,,0.4129,total,IDN-VNM,IDN_2024,VNM_2024,-0.8845498460900926,UNComtrade,229.0517775,5.4339480806169815
KHM,ARE,2010,9284231.0,9284231.0,1,0,1,,0.1928,total,KHM-ARE,KHM_2010,ARE_2010,-1.6461018968056915,UNComtrade,21.164685,3.0523339908004745
KHM,ARE,2011,21211014.0,21211014.0,1,0,1,,0.2067,total,KHM-ARE,KHM_2011,ARE_2011,-1.5764868122944145,UNComtrade,19.6915975,2.980192021914563
KHM,ARE,2012,25304698.0,25304698.0,1,0,1,,0.2035,total,KHM-ARE,KHM_2012,ARE_2012,-1.5920892740994874,UNComtrade,15.1057675,2.7150766245375393
KHM,ARE,2013,36548516.0,36548516.0,1,0,1,,0.2048,total,KHM-ARE,KHM_2013,ARE_2013,-1.5857213858167842,UNComtrade,21.63114,3.0741339431531065
KHM,ARE,2014,45664305.0,45664305.0,1,0,1,,0.2042,total,KHM-ARE,KHM_2014,ARE_2014,-1.5886553732515718,UNComtrade,21.7191675,3.0781951656018887
KHM,ARE,2015,62816195.0,62816195.0,1,0,1,,0.2179,total,KHM-ARE,KHM_2015,ARE_2015,-1.5237190370315628,UNComtrade,31.1958025,3.440283550508347
KHM,ARE,2016,70346737.0,70346737.0,1,0,1,,0.2326,total,KHM-ARE,KHM_2016,ARE_2016,-1.458435038897573,UNComtrade,36.898315,3.6081658860472117
KHM,ARE,2017,61758337.31,61758337.31,1,0,1,,0.23,total,KHM-ARE,KHM_2017,ARE_2017,-1.4696759700589417,UNComtrade,34.5971075,3.543770080303253
KHM,ARE,2018,52131891.11,52131891.11,1,0,1,,0.2214,total,KHM-ARE,KHM_2018,ARE_2018,-1.5077842587076005,UNComtrade,32.3786575,3.477499486611709
KHM,ARE,2019,52836586.67,52836586.67,1,0,1,,0.2269,total,KHM-ARE,KHM_2019,ARE_2019,-1.483245887196341,UNComtrade,32.2428625,3.473296700917919
KHM,ARE,2020,44075146.28,44075146.28,1,0,1,,0.2268,total,KHM-ARE,KHM_2020,ARE_2020,-1.48368670712854,UNComtrade,39.07691,3.66553175547122
KHM,ARE,2021,51000003.42,51000003.42,1,0,1,,0.2318,total,KHM-ARE,KHM_2021,ARE_2021,-1.4618803480764857,UNComtrade,37.277455,3.6183887203196994
KHM,ARE,2022,69646324.57,69646324.57,1,0,1,,0.2254,total,KHM-ARE,KHM_2022,ARE_2022,-1.4898786773764612,UNComtrade,35.921765,3.581343379197864
KHM,ARE,2023,71088554.56,71088554.56,1,0,1,,0.2266,total,KHM-ARE,KHM_2023,ARE_2023,-1.4845689303882312,UNComtrade,41.0189375,3.714033850309747
KHM,ARE,2024,67781751.8,67781751.8,1,0,1,,0.2371,total,KHM-ARE,KHM_2024,ARE_2024,-1.4392732859107773,UNComtrade,47.5957,3.862742421022366
KHM,AUS,2010,21831377.0,21831377.0,1,0,1,,0.1875,total,KHM-AUS,KHM_2010,AUS_2010,-1.6739764335716716,UNComtrade,21.164685,3.0523339908004745
KHM,AUS,2011,32272471.0,32272471.0,1,0,1,,0.201,total,KHM-AUS,KHM_2011,AUS_2011,-1.6044503709230613,UNComtrade,19.6915975,2.980192021914563
KHM,AUS,2012,35519185.0,35519185.0,1,0,1,,0.195,total,KHM-AUS,KHM_2012,AUS_2012,-1.6347557204183902,UNComtrade,15.1057675,2.7150766245375393
KHM,AUS,2013,57805676.0,57805676.0,1,0,1,,0.198,total,KHM-AUS,KHM_2013,AUS_2013,-1.619488248287602,UNComtrade,21.63114,3.0741339431531065
KHM,AUS,2014,75067511.0,75067511.0,1,0,1,,0.2026,total,KHM-AUS,KHM_2014,AUS_2014,-1.596521687167554,UNComtrade,21.7191675,3.0781951656018887
KHM,AUS,2015,88320834.0,88320834.0,1,0,1,,0.2138,total,KHM-AUS,KHM_2015,AUS_2015,-1.5427142803911922,UNComtrade,31.1958025,3.440283550508347
KHM,AUS,2016,105460157.0,105460157.0,1,0,1,,0.2257,total,KHM-AUS,KHM_2016,AUS_2016,-1.488548595158647,UNComtrade,36.898315,3.6081658860472117
KHM,AUS,2017,105735910.45,105735910.45,1,0,1,,0.2248,total,KHM-AUS,KHM_2017,AUS_2017,-1.4925441609626011,UNComtrade,34.5971075,3.543770080303253
KHM,AUS,2018,106496500.04,106496500.04,1,0,1,,0.2155,total,KHM-AUS,KHM_2018,AUS_2018,-1.5347943694383346,UNComtrade,32.3786575,3.477499486611709
KHM,AUS,2019,133882468.98,133882468.98,1,0,1,,0.2207,total,KHM-AUS,KHM_2019,AUS_2019,-1.5109509657194462,UNComtrade,32.2428625,3.473296700917919
KHM,AUS,2020,134345933.74,134345933.74,1,0,1,,0.2163,total,KHM-AUS,KHM_2020,AUS_2020,-1.531088946023124,UNComtrade,39.07691,3.66553175547122
KHM,AUS,2021,199605489.12,199605489.12,1,0,1,,0.2254,total,KHM-AUS,KHM_2021,AUS_2021,-1.4898786773764612,UNComtrade,37.277455,3.6183887203196994
KHM,AUS,2022,379035187.0,379035187.0,1,0,1,,0.2192,total,KHM-AUS,KHM_2022,AUS_2022,-1.5177707239082765,UNComtrade,35.921765,3.581343379197864
KHM,AUS,2023,371078270.75,371078270.75,1,0,1,,0.2222,total,KHM-AUS,KHM_2023,AUS_2023,-1.5041774017766074,UNComtrade,41.0189375,3.714033850309747
KHM,AUS,2024,487962753.24,487962753.24,1,0,1,,0.2293,total,KHM-AUS,KHM_2024,AUS_2024,-1.4727240891182782,UNComtrade,47.5957,3.862742421022366
KHM,BRN,2010,26442.0,26442.0,1,0,1,,0.1624,total,KHM-BRN,KHM_2010,BRN_2010,-1.81769285125456,UNComtrade,21.164685,3.0523339908004745
KHM,BRN,2011,7377.0,7377.0,1,0,1,,0.1697,total,KHM-BRN,KHM_2011,BRN_2011,-1.7737231067419563,UNComtrade,19.6915975,2.980192021914563
KHM,BRN,2012,12129.0,12129.0,1,0,1,,0.1598,total,KHM-BRN,KHM_2012,BRN_2012,-1.8338322456499627,UNComtrade,15.1057675,2.7150766245375393
KHM,BRN,2013,187373.0,187373.0,1,0,1,,0.1656,total,KHM-BRN,KHM_2013,BRN_2013,-1.7981800370309775,UNComtrade,21.63114,3.0741339431531065
KHM,BRN,2014,3126552.0,3126552.0,1,0,1,,0.1662,total,KHM-BRN,KHM_2014,BRN_2014,-1.7945633965607892,UNComtrade,21.7191675,3.0781951656018887
KHM,BRN,2015,1853505.0,1853505.0,1,0,1,,0.1719,total,KHM-BRN,KHM_2015,BRN_2015,-1.7608423665933337,UNComtrade,31.1958025,3.440283550508347
KHM,BRN,2016,9646153.0,9646153.0,1,0,1,,0.1861,total,KHM-BRN,KHM_2016,BRN_2016,-1.681471115333932,UNComtrade,36.898315,3.6081658860472117
KHM,BRN,2017,3510239.65,3510239.65,1,0,1,,0.1889,total,KHM-BRN,KHM_2017,BRN_2017,-1.666537504474673,UNComtrade,34.5971075,3.543770080303253
KHM,BRN,2018,7373043.71,7373043.71,1,0,1,,0.1742,total,KHM-BRN,KHM_2018,BRN_2018,-1.7475512145637346,UNComtrade,32.3786575,3.477499486611709
KHM,BRN,2019,14316752.59,14316752.59,1,0,1,,0.1854,total,KHM-BRN,KHM_2019,BRN_2019,-1.685239625850382,UNComtrade,32.2428625,3.473296700917919
KHM,BRN,2020,12334140.0,12334140.0,1,0,1,,0.191,total,KHM-BRN,KHM_2020,BRN_2020,-1.6554818509355071,UNComtrade,39.07691,3.66553175547122
KHM,BRN,2021,5740472.96,5740472.96,1,0,1,,0.1813,total,KHM-BRN,KHM_2021,BRN_2021,-1.7076021612213317,UNComtrade,37.277455,3.6183887203196994
KHM,BRN,2022,8845200.0,8845200.0,1,0,1,,0.1881,total,KHM-BRN,KHM_2022,BRN_2022,-1.6707815426751524,UNComtrade,35.921765,3.581343379197864
KHM,BRN,2023,5197046.04,5197046.04,1,0,1,,0.194,total,KHM-BRN,KHM_2023,BRN_2023,-1.6398971199188088,UNComtrade,41.0189375,3.714033850309747
KHM,BRN,2024,7919454.35,7919454.35,1,0,1,,0.1975,total,KHM-BRN,KHM_2024,BRN_2024,-1.6220166946409604,UNComtrade,47.5957,3.862742421022366
KHM,CAN,2010,274421034.0,274421034.0,1,0,1,,0.1872,total,KHM-CAN,KHM_2010,CAN_2010,-1.6755777149386453,UNComtrade,21.164685,3.0523339908004745
KHM,CAN,2011,382563687.0,382563687.0,1,0,1,,0.2031,total,KHM-CAN,KHM_2011,CAN_2011,-1.594056810395798,UNComtrade,19.6915975,2.980192021914563
KHM,CAN,2012,394706556.0,394706556.0,1,0,1,,0.1993,total,KHM-CAN,KHM_2012,CAN_2012,-1.612944051763388,UNComtrade,15.1057675,2.7150766245375393
KHM,CAN,2013,459527712.0,459527712.0,1,0,1,,0.2009,total,KHM-CAN,KHM_2013,CAN_2013,-1.6049480071612483,UNComtrade,21.63114,3.0741339431531065
KHM,CAN,2014,508971816.0,508971816.0,1,0,1,,0.2033,total,KHM-CAN,KHM_2014,CAN_2014,-1.593072558347836,UNComtrade,21.7191675,3.0781951656018887
KHM,CAN,2015,551035209.0,551035209.0,1,0,1,,0.2154,total,KHM-CAN,KHM_2015,CAN_2015,-1.5352585142598487,UNComtrade,31.1958025,3.440283550508347
KHM,CAN,2016,654750048.0,654750048.0,1,0,1,,0.227,total,KHM-CAN,KHM_2016,CAN_2016,-1.4828052615007343,UNComtrade,36.898315,3.6081658860472117
KHM,CAN,2017,688879583.83,688879583.83,1,0,1,,0.2264,total,KHM-CAN,KHM_2017,CAN_2017,-1.4854519326531093,UNComtrade,34.5971075,3.543770080303253
KHM,CAN,2018,777878112.6,777878112.6,1,0,1,,0.2182,total,KHM-CAN,KHM_2018,CAN_2018,-1.5223432055831665,UNComtrade,32.3786575,3.477499486611709
KHM,CAN,2019,839308744.92,839308744.92,1,0,1,,0.2237,total,KHM-CAN,KHM_2019,CAN_2019,-1.4974494104860532,UNComtrade,32.2428625,3.473296700917919
KHM,CAN,2020,750665677.01,750665677.01,1,0,1,,0.2227,total,KHM-CAN,KHM_2020,CAN_2020,-1.5019297047188152,UNComtrade,39.07691,3.66553175547122
KHM,CAN,2021,893222846.68,893222846.68,1,0,1,,0.2261,total,KHM-CAN,KHM_2021,CAN_2021,-1.4867778996982128,UNComtrade,37.277455,3.6183887203196994
KHM,CAN,2022,1120592116.79,1120592116.79,1,0,1,,0.2195,total,KHM-CAN,KHM_2022,CAN_2022,-1.516403046466911,UNComtrade,35.921765,3.581343379197864
KHM,CAN,2023,869552661.97,869552661.97,1,0,1,,0.2203,total,KHM-CAN,KHM_2023,CAN_2023,-1.5127650251738396,UNComtrade,41.0189375,3.714033850309747
KHM,CAN,2024,1109869328.73,1109869328.73,1,0,1,,0.2306,total,KHM-CAN,KHM_2024,CAN_2024,-1.4670706711471784,UNComtrade,47.5957,3.862742421022366
KHM,CHN,2010,65007580.0,65007580.0,1,0,1,,0.1987,total,KHM-CHN,KHM_2010,CHN_2010,-1.615959129424366,UNComtrade,21.164685,3.0523339908004745
KHM,CHN,2011,154598036.0,154598036.0,1,0,1,,0.2805,total,KHM-CHN,KHM_2011,CHN_2011,-1.271181554019386,UNComtrade,19.6915975,2.980192021914563
KHM,CHN,2012,178028752.0,178028752.0,1,0,1,,0.2769,total,KHM-CHN,KHM_2012,CHN_2012,-1.284098848805221,UNComtrade,15.1057675,2.7150766245375393
KHM,CHN,2013,266696353.0,266696353.0,1,0,1,,0.2793,total,KHM-CHN,KHM_2013,CHN_2013,-1.275468806031006,UNComtrade,21.63114,3.0741339431531065
KHM,CHN,2014,356595298.0,356595298.0,1,0,1,,0.2845,total,KHM-CHN,KHM_2014,CHN_2014,-1.2570220254157516,UNComtrade,21.7191675,3.0781951656018887
KHM,CHN,2015,405515210.0,405515210.0,1,0,1,,0.3024,total,KHM-CHN,KHM_2015,CHN_2015,-1.1960046346767592,UNComtrade,31.1958025,3.440283550508347
KHM,CHN,2016,609277156.0,609277156.0,1,0,1,,0.312,total,KHM-CHN,KHM_2016,CHN_2016,-1.1647520911726548,UNComtrade,36.898315,3.6081658860472117
KHM,CHN,2017,753481387.07,753481387.07,1,0,1,,0.3086,total,KHM-CHN,KHM_2017,CHN_2017,-1.1757093390530766,UNComtrade,34.5971075,3.543770080303253
KHM,CHN,2018,858735963.64,858735963.64,1,0,1,,0.2969,total,KHM-CHN,KHM_2018,CHN_2018,-1.214359897212423,UNComtrade,32.3786575,3.477499486611709
KHM,CHN,2019,1012147864.67,1012147864.67,1,0,1,,0.3028,total,KHM-CHN,KHM_2019,CHN_2019,-1.1946827574188432,UNComtrade,32.2428625,3.473296700917919
KHM,CHN,2020,1089123545.12,1089123545.12,1,0,1,,0.3029,total,KHM-CHN,KHM_2020,CHN_2020,-1.1943525609489454,UNComtrade,39.07691,3.66553175547122
KHM,CHN,2021,1251950537.27,1251950537.27,1,0,1,,0.3091,total,KHM-CHN,KHM_2021,CHN_2021,-1.1740904298440664,UNComtrade,37.277455,3.6183887203196994
KHM,CHN,2022,1240630379.43,1240630379.43,1,0,1,,0.3035,total,KHM-CHN,KHM_2022,CHN_2022,-1.192373668482584,UNComtrade,35.921765,3.581343379197864
KHM,CHN,2023,1514642807.6,1514642807.6,1,0,1,,0.3076,total,KHM-CHN,KHM_2023,CHN_2023,-1.1789550413506482,UNComtrade,41.0189375,3.714033850309747
KHM,CHN,2024,1750164702.54,1750164702.54,1,0,1,,0.3166,total,KHM-CHN,KHM_2024,CHN_2024,-1.1501161315352253,UNComtrade,47.5957,3.862742421022366
KHM,DEU,2010,112449590.0,112449590.0,1,0,1,,0.1989,total,KHM-DEU,KHM_2010,DEU_2010,-1.6149530931222105,UNComtrade,21.164685,3.0523339908004745
KHM,DEU,2011,323998454.0,323998454.0,1,0,1,,0.2111,total,KHM-DEU,KHM_2011,DEU_2011,-1.555423324127862,UNComtrade,19.6915975,2.980192021914563
KHM,DEU,2012,426677647.0,426677647.0,1,0,1,,0.2073,total,KHM-DEU,KHM_2012,DEU_2012,-1.5735882595404032,UNComtrade,15.1057675,2.7150766245375393
KHM,DEU,2013,576027306.0,576027306.0,1,0,1,,0.2116,total,KHM-DEU,KHM_2013,DEU_2013,-1.5530575789979928,UNComtrade,21.63114,3.0741339431531065
KHM,DEU,2014,578802319.0,578802319.0,1,0,1,,0.2165,total,KHM-DEU,KHM_2014,DEU_2014,-1.5301647315395923,UNComtrade,21.7191675,3.0781951656018887
KHM,DEU,2015,748370618.0,748370618.0,1,0,1,,0.2302,total,KHM-DEU,KHM_2015,DEU_2015,-1.468806782694355,UNComtrade,31.1958025,3.440283550508347
KHM,DEU,2016,903841649.0,903841649.0,1,0,1,,0.2416,total,KHM-DEU,KHM_2016,DEU_2016,-1.420471812921477,UNComtrade,36.898315,3.6081658860472117
KHM,DEU,2017,1005286495.42,1005286495.42,1,0,1,,0.2398,total,KHM-DEU,KHM_2017,DEU_2017,-1.4279500363887232,UNComtrade,34.5971075,3.543770080303253
KHM,DEU,2018,1098283648.91,1098283648.91,1,0,1,,0.2293,total,KHM-DEU,KHM_2018,DEU_2018,-1.4727240891182782,UNComtrade,32.3786575,3.477499486611709
KHM,DEU,2019,1081793435.29,1081793435.29,1,0,1,,0.233,total,KHM-DEU,KHM_2019,DEU_2019,-1.4567168254164364,UNComtrade,32.2428625,3.473296700917919
KHM,DEU,2020,971131044.37,971131044.37,1,0,1,,0.2305,total,KHM-DEU,KHM_2020,DEU_2020,-1.4675044165454338,UNComtrade,39.07691,3.66553175547122
KHM,DEU,2021,864300952.62,864300952.62,1,0,1,,0.2358,total,KHM-DEU,KHM_2021,DEU_2021,-1.4447712908788664,UNComtrade,37.277455,3.6183887203196994
KHM,DEU,2022,1083623657.84,1083623657.84,1,0,1,,0.2305,total,KHM-DEU,KHM_2022,DEU_2022,-1.4675044165454338,UNComtrade,35.921765,3.581343379197864
KHM,DEU,2023,815654463.35,815654463.35,1,0,1,,0.231,total,KHM-DEU,KHM_2023,DEU_2023,-1.4653375684603434,UNComtrade,41.0189375,3.714033850309747
KHM,DEU,2024,911208306.4,911208306.4,1,0,1,,0.2407,total,KHM-DEU,KHM_2024,DEU_2024,-1.4242039341931108,UNComtrade,47.5957,3.862742421022366
KHM,FRA,2010,0.0,,0,1,1,,0.1985,total,KHM-FRA,KHM_2010,FRA_2010,-1.616966178854892,UNComtrade (Confirmed Zero),21.164685,3.0523339908004745
KHM,FRA,2011,0.0,,0,1,1,,0.2144,total,KHM-FRA,KHM_2011,FRA_2011,-1.53991184978549,UNComtrade (Confirmed Zero),19.6915975,2.980192021914563
KHM,FRA,2012,0.0,,0,1,1,,0.2101,total,KHM-FRA,KHM_2012,FRA_2012,-1.5601716711311824,UNComtrade (Confirmed Zero),15.1057675,2.7150766245375393
KHM,FRA,2013,0.0,,0,1,1,,0.2135,total,KHM-FRA,KHM_2013,FRA_2013,-1.5441184463134578,UNComtrade (Confirmed Zero),21.63114,3.0741339431531065
KHM,FRA,2014,0.0,,0,1,1,,0.2159,total,KHM-FRA,KHM_2014,FRA_2014,-1.5329399414613754,UNComtrade (Confirmed Zero),21.7191675,3.0781951656018887
KHM,FRA,2015,0.0,,0,1,1,,0.2323,total,KHM-FRA,KHM_2015,FRA_2015,-1.4597256392057736,UNComtrade (Confirmed Zero),31.1958025,3.440283550508347
KHM,FRA,2016,0.0,,0,1,1,,0.2413,total,KHM-FRA,KHM_2016,FRA_2016,-1.421714306351151,UNComtrade (Confirmed Zero),36.898315,3.6081658860472117
KHM,FRA,2017,0.0,,0,1,1,,0.2397,total,KHM-FRA,KHM_2017,FRA_2017,-1.4283671375417983,UNComtrade (Confirmed Zero),34.5971075,3.543770080303253
KHM,FRA,2018,0.0,,0,1,1,,0.2288,total,KHM-FRA,KHM_2018,FRA_2018,-1.4749070194764942,UNComtrade (Confirmed Zero),32.3786575,3.477499486611709
KHM,FRA,2019,0.0,,0,1,1,,0.2351,total,KHM-FRA,KHM_2019,FRA_2019,-1.4477443234361131,UNComtrade (Confirmed Zero),32.2428625,3.473296700917919
KHM,FRA,2020,0.0,,0,1,1,,0.2332,total,KHM-FRA,KHM_2020,FRA_2020,-1.4558588245057995,UNComtrade (Confirmed Zero),39.07691,3.66553175547122
KHM,FRA,2021,0.0,,0,1,1,,0.2367,total,KHM-FRA,KHM_2021,FRA_2021,-1.4409617624621989,UNComtrade (Confirmed Zero),37.277455,3.6183887203196994
KHM,FRA,2022,0.0,,0,1,1,,0.2292,total,KHM-FRA,KHM_2022,FRA_2022,-1.4731602941415527,UNComtrade (Confirmed Zero),35.921765,3.581343379197864
KHM,FRA,2023,0.0,,0,1,1,,0.2303,total,KHM-FRA,KHM_2023,FRA_2023,-1.4683724721554976,UNComtrade (Confirmed Zero),41.0189375,3.714033850309747
KHM,FRA,2024,0.0,,0,1,1,,0.2412,total,KHM-FRA,KHM_2024,FRA_2024,-1.4221288141291066,UNComtrade (Confirmed Zero),47.5957,3.862742421022366
KHM,GBR,2010,235465538.0,235465538.0,1,0,1,,0.2015,total,KHM-GBR,KHM_2010,GBR_2010,-1.6019658975953994,UNComtrade,21.164685,3.0523339908004745
KHM,GBR,2011,391142136.0,391142136.0,1,0,1,,0.2165,total,KHM-GBR,KHM_2011,GBR_2011,-1.5301647315395923,UNComtrade,19.6915975,2.980192021914563
KHM,GBR,2012,482408896.0,482408896.0,1,0,1,,0.2111,total,KHM-GBR,KHM_2012,GBR_2012,-1.555423324127862,UNComtrade,15.1057675,2.7150766245375393
KHM,GBR,2013,686424173.0,686424173.0,1,0,1,,0.2135,total,KHM-GBR,KHM_2013,GBR_2013,-1.5441184463134578,UNComtrade,21.63114,3.0741339431531065
KHM,GBR,2014,751611595.0,751611595.0,1,0,1,,0.2162,total,KHM-GBR,KHM_2014,GBR_2014,-1.5315513737770292,UNComtrade,21.7191675,3.0781951656018887
KHM,GBR,2015,869038820.0,869038820.0,1,0,1,,0.2316,total,KHM-GBR,KHM_2015,GBR_2015,-1.462743533283297,UNComtrade,31.1958025,3.440283550508347
KHM,GBR,2016,953227889.0,953227889.0,1,0,1,,0.244,total,KHM-GBR,KHM_2016,GBR_2016,-1.410587053688935,UNComtrade,36.898315,3.6081658860472117
KHM,GBR,2017,1014103832.44,1014103832.44,1,0,1,,0.242,total,KHM-GBR,KHM_2017,GBR_2017,-1.4188175528254507,UNComtrade,34.5971075,3.543770080303253
KHM,GBR,2018,1015811133.22,1015811133.22,1,0,1,,0.2326,total,KHM-GBR,KHM_2018,GBR_2018,-1.458435038897573,UNComtrade,32.3786575,3.477499486611709
KHM,GBR,2019,979868276.95,979868276.95,1,0,1,,0.2394,total,KHM-GBR,KHM_2019,GBR_2019,-1.4296194858582645,UNComtrade,32.2428625,3.473296700917919
KHM,GBR,2020,830922665.64,830922665.64,1,0,1,,0.2379,total,KHM-GBR,KHM_2020,GBR_2020,-1.435904861673225,UNComtrade,39.07691,3.66553175547122
KHM,GBR,2021,713335956.79,713335956.79,1,0,1,,0.2427,total,KHM-GBR,KHM_2021,GBR_2021,-1.4159291662495814,UNComtrade,37.277455,3.6183887203196994
KHM,GBR,2022,886423618.85,886423618.85,1,0,1,,0.2327,total,KHM-GBR,KHM_2022,GBR_2022,-1.458005208673891,UNComtrade,35.921765,3.581343379197864
KHM,GBR,2023,796480561.39,796480561.39,1,0,1,,0.2375,total,KHM-GBR,KHM_2023,GBR_2023,-1.4375876555074412,UNComtrade,41.0189375,3.714033850309747
KHM,GBR,2024,958737701.36,958737701.36,1,0,1,,0.2461,total,KHM-GBR,KHM_2024,GBR_2024,-1.4020173215851268,UNComtrade,47.5957,3.862742421022366
KHM,HKG,2010,1386446567.0,1386446567.0,1,0,1,,0.2627,total,KHM-HKG,KHM_2010,HKG_2010,-1.336742582290643,UNComtrade,21.164685,3.0523339908004745
KHM,HKG,2011,1198994536.0,1198994536.0,1,0,1,,0.2785,total,KHM-HKG,KHM_2011,HKG_2011,-1.2783372196147982,UNComtrade,19.6915975,2.980192021914563
KHM,HKG,2012,497609639.0,497609639.0,1,0,1,,0.275,total,KHM-HKG,KHM_2012,HKG_2012,-1.2909841813155656,UNComtrade,15.1057675,2.7150766245375393
KHM,HKG,2013,62775597.0,62775597.0,1,0,1,,0.2772,total,KHM-HKG,KHM_2013,HKG_2013,-1.283016011666389,UNComtrade,21.63114,3.0741339431531065
KHM,HKG,2014,167361260.0,167361260.0,1,0,1,,0.2817,total,KHM-HKG,KHM_2014,HKG_2014,-1.2669126040998102,UNComtrade,21.7191675,3.0781951656018887
KHM,HKG,2015,181935973.0,181935973.0,1,0,1,,0.2984,total,KHM-HKG,KHM_2015,HKG_2015,-1.2093204106525313,UNComtrade,31.1958025,3.440283550508347
KHM,HKG,2016,213857348.0,213857348.0,1,0,1,,0.3037,total,KHM-HKG,KHM_2016,HKG_2016,-1.1917149069304338,UNComtrade,36.898315,3.6081658860472117
KHM,HKG,2017,239661853.76,239661853.76,1,0,1,,0.2992,total,KHM-HKG,KHM_2017,HKG_2017,-1.2066430328818147,UNComtrade,34.5971075,3.543770080303253
KHM,HKG,2018,310052156.15,310052156.15,1,0,1,,0.2884,total,KHM-HKG,KHM_2018,HKG_2018,-1.243406873571343,UNComtrade,32.3786575,3.477499486611709
KHM,HKG,2019,240815048.69,240815048.69,1,0,1,,0.2924,total,KHM-HKG,KHM_2019,HKG_2019,-1.2296325511065136,UNComtrade,32.2428625,3.473296700917919
KHM,HKG,2020,677706990.64,677706990.64,1,0,1,,0.2935,total,KHM-HKG,KHM_2020,HKG_2020,-1.225877639713986,UNComtrade,39.07691,3.66553175547122
KHM,HKG,2021,183928393.09,183928393.09,1,0,1,,0.2988,total,KHM-HKG,KHM_2021,HKG_2021,-1.2079808257234748,UNComtrade,37.277455,3.6183887203196994
KHM,HKG,2022,182000098.44,182000098.44,1,0,1,,0.2931,total,KHM-HKG,KHM_2022,HKG_2022,-1.2272414312652902,UNComtrade,35.921765,3.581343379197864
KHM,HKG,2023,165595795.13,165595795.13,1,0,1,,0.2948,total,KHM-HKG,KHM_2023,HKG_2023,-1.2214581186669555,UNComtrade,41.0189375,3.714033850309747
KHM,HKG,2024,197032118.94,197032118.94,1,0,1,,0.3056,total,KHM-HKG,KHM_2024,HKG_2024,-1.1854782216897717,UNComtrade,47.5957,3.862742421022366
KHM,IDN,2010,4168342.0,4168342.0,1,0,1,,0.1859,total,KHM-IDN,KHM_2010,IDN_2010,-1.6825463842547386,UNComtrade,21.164685,3.0523339908004745
KHM,IDN,2011,6312182.0,6312182.0,1,0,1,,0.1984,total,KHM-IDN,KHM_2011,IDN_2011,-1.6174700841313647,UNComtrade,19.6915975,2.980192021914563
KHM,IDN,2012,8003821.0,8003821.0,1,0,1,,0.1936,total,KHM-IDN,KHM_2012,IDN_2012,-1.6419611041396605,UNComtrade,15.1057675,2.7150766245375393
KHM,IDN,2013,10896734.0,10896734.0,1,0,1,,0.1932,total,KHM-IDN,KHM_2013,IDN_2013,-1.6440293572037197,UNComtrade,21.63114,3.0741339431531065
KHM,IDN,2014,9291752.0,9291752.0,1,0,1,,0.2598,total,KHM-IDN,KHM_2014,IDN_2014,-1.347843174745638,UNComtrade,21.7191675,3.0781951656018887
KHM,IDN,2015,14554661.0,14554661.0,1,0,1,,0.2711,total,KHM-IDN,KHM_2015,IDN_2015,-1.3052675224775172,UNComtrade,31.1958025,3.440283550508347
KHM,IDN,2016,18169137.0,18169137.0,1,0,1,,0.2143,total,KHM-IDN,KHM_2016,IDN_2016,-1.5403783765026058,UNComtrade,36.898315,3.6081658860472117
KHM,IDN,2017,15814442.06,15814442.06,1,0,1,,0.215,total,KHM-IDN,KHM_2017,IDN_2017,-1.5371172508544744,UNComtrade,34.5971075,3.543770080303253
KHM,IDN,2018,21452115.03,21452115.03,1,0,1,,0.2084,total,KHM-IDN,KHM_2018,IDN_2018,-1.5682959691029252,UNComtrade,32.3786575,3.477499486611709
KHM,IDN,2019,22508777.51,22508777.51,1,0,1,,0.2131,total,KHM-IDN,KHM_2019,IDN_2019,-1.5459937398775656,UNComtrade,32.2428625,3.473296700917919
KHM,IDN,2020,34429024.47,34429024.47,1,0,1,,0.2132,total,KHM-IDN,KHM_2020,IDN_2020,-1.5455245866904477,UNComtrade,39.07691,3.66553175547122
KHM,IDN,2021,31836610.73,31836610.73,1,0,1,,0.2143,total,KHM-IDN,KHM_2021,IDN_2021,-1.5403783765026058,UNComtrade,37.277455,3.6183887203196994
KHM,IDN,2022,36839483.93,36839483.93,1,0,1,,0.2097,total,KHM-IDN,KHM_2022,IDN_2022,-1.5620773410742628,UNComtrade,35.921765,3.581343379197864
KHM,IDN,2023,93050691.05,93050691.05,1,0,1,,0.2186,total,KHM-IDN,KHM_2023,IDN_2023,-1.5205117032396989,UNComtrade,41.0189375,3.714033850309747
KHM,IDN,2024,94679077.37,94679077.37,1,0,1,,0.2271,total,KHM-IDN,KHM_2024,IDN_2024,-1.4823648298706242,UNComtrade,47.5957,3.862742421022366
KHM,IND,2010,8033491.0,8033491.0,1,0,1,,0.1922,total,KHM-IND,KHM_2010,IND_2010,-1.6492187824459448,UNComtrade,21.164685,3.0523339908004745
KHM,IND,2011,12220537.0,12220537.0,1,0,1,,0.2054,total,KHM-IND,KHM_2011,IND_2011,-1.5827959814876793,UNComtrade,19.6915975,2.980192021914563
KHM,IND,2012,8678048.0,8678048.0,1,0,1,,0.2013,total,KHM-IND,KHM_2012,IND_2012,-1.6029589463363911,UNComtrade,15.1057675,2.7150766245375393
KHM,IND,2013,7128157.0,7128157.0,1,0,1,,0.2013,total,KHM-IND,KHM_2013,IND_2013,-1.6029589463363911,UNComtrade,21.63114,3.0741339431531065
KHM,IND,2014,7970710.0,7970710.0,1,0,1,,0.2032,total,KHM-IND,KHM_2014,IND_2014,-1.5935645632778104,UNComtrade,21.7191675,3.0781951656018887
KHM,IND,2015,9827616.0,9827616.0,1,0,1,,0.219,total,KHM-IND,KHM_2015,IND_2015,-1.5186835491656363,UNComtrade,31.1958025,3.440283550508347
KHM,IND,2016,22566681.0,22566681.0,1,0,1,,0.2334,total,KHM-IND,KHM_2016,IND_2016,-1.4550015591296814,UNComtrade,36.898315,3.6081658860472117
KHM,IND,2017,35512585.8,35512585.8,1,0,1,,0.2322,total,KHM-IND,KHM_2017,IND_2017,-1.460156209718346,UNComtrade,34.5971075,3.543770080303253
KHM,IND,2018,50120474.35,50120474.35,1,0,1,,0.2196,total,KHM-IND,KHM_2018,IND_2018,-1.5159475693467614,UNComtrade,32.3786575,3.477499486611709
KHM,IND,2019,64876724.48,64876724.48,1,0,1,,0.2236,total,KHM-IND,KHM_2019,IND_2019,-1.497896537701193,UNComtrade,32.2428625,3.473296700917919
KHM,IND,2020,62237879.75,62237879.75,1,0,1,,0.2246,total,KHM-IND,KHM_2020,IND_2020,-1.4934342366777942,UNComtrade,39.07691,3.66553175547122
KHM,IND,2021,125736579.18,125736579.18,1,0,1,,0.2288,total,KHM-IND,KHM_2021,IND_2021,-1.4749070194764942,UNComtrade,37.277455,3.6183887203196994
KHM,IND,2022,196632341.81,196632341.81,1,0,1,,0.2242,total,KHM-IND,KHM_2022,IND_2022,-1.4952167683440776,UNComtrade,35.921765,3.581343379197864
KHM,IND,2023,293325359.03,293325359.03,1,0,1,,0.2288,total,KHM-IND,KHM_2023,IND_2023,-1.4749070194764942,UNComtrade,41.0189375,3.714033850309747
KHM,IND,2024,154322391.06,154322391.06,1,0,1,,0.2397,total,KHM-IND,KHM_2024,IND_2024,-1.4283671375417983,UNComtrade,47.5957,3.862742421022366
KHM,ITA,2010,49935546.0,49935546.0,1,0,1,,0.1982,total,KHM-ITA,KHM_2010,ITA_2010,-1.6184786570862495,UNComtrade,21.164685,3.0523339908004745
KHM,ITA,2011,80537075.0,80537075.0,1,0,1,,0.2124,total,KHM-ITA,KHM_2011,ITA_2011,-1.549283989614353,UNComtrade,19.6915975,2.980192021914563
KHM,ITA,2012,103032596.0,103032596.0,1,0,1,,0.2092,total,KHM-ITA,KHM_2012,ITA_2012,-1.5644645467913691,UNComtrade,15.1057675,2.7150766245375393
KHM,ITA,2013,149627743.0,149627743.0,1,0,1,,0.2118,total,KHM-ITA,KHM_2013,ITA_2013,-1.552112845814831,UNComtrade,21.63114,3.0741339431531065
KHM,ITA,2014,161675993.0,161675993.0,1,0,1,,0.2159,total,KHM-ITA,KHM_2014,ITA_2014,-1.5329399414613754,UNComtrade,21.7191675,3.0781951656018887
KHM,ITA,2015,197412835.0,197412835.0,1,0,1,,0.2315,total,KHM-ITA,KHM_2015,ITA_2015,-1.4631754054558483,UNComtrade,31.1958025,3.440283550508347
KHM,ITA,2016,212267972.0,212267972.0,1,0,1,,0.2406,total,KHM-ITA,KHM_2016,ITA_2016,-1.4246194754415584,UNComtrade,36.898315,3.6081658860472117
KHM,ITA,2017,236414464.82,236414464.82,1,0,1,,0.2395,total,KHM-ITA,KHM_2017,ITA_2017,-1.429201862131167,UNComtrade,34.5971075,3.543770080303253
KHM,ITA,2018,290454622.91,290454622.91,1,0,1,,0.2299,total,KHM-ITA,KHM_2018,ITA_2018,-1.4701108472130011,UNComtrade,32.3786575,3.477499486611709
KHM,ITA,2019,285153399.55,285153399.55,1,0,1,,0.2356,total,KHM-ITA,KHM_2019,ITA_2019,-1.4456198272047054,UNComtrade,32.2428625,3.473296700917919
KHM,ITA,2020,238653677.88,238653677.88,1,0,1,,0.2321,total,KHM-ITA,KHM_2020,ITA_2020,-1.4605869657017456,UNComtrade,39.07691,3.66553175547122
KHM,ITA,2021,238339586.38,238339586.38,1,0,1,,0.2302,total,KHM-ITA,KHM_2021,ITA_2021,-1.468806782694355,UNComtrade,37.277455,3.6183887203196994
KHM,ITA,2022,332434041.29,332434041.29,1,0,1,,0.2277,total,KHM-ITA,KHM_2022,ITA_2022,-1.479726305912443,UNComtrade,35.921765,3.581343379197864
KHM,ITA,2023,290158431.95,290158431.95,1,0,1,,0.2303,total,KHM-ITA,KHM_2023,ITA_2023,-1.4683724721554976,UNComtrade,41.0189375,3.714033850309747
KHM,ITA,2024,327574694.73,327574694.73,1,0,1,,0.2411,total,KHM-ITA,KHM_2024,ITA_2024,-1.4225434937950117,UNComtrade,47.5957,3.862742421022366
KHM,JPN,2010,89556574.0,89556574.0,1,0,1,,0.1936,total,KHM-JPN,KHM_2010,JPN_2010,-1.6419611041396605,UNComtrade,21.164685,3.0523339908004745
KHM,JPN,2011,153379199.0,153379199.0,1,0,1,,0.2721,total,KHM-JPN,KHM_2011,JPN_2011,-1.3015856331929363,UNComtrade,19.6915975,2.980192021914563
KHM,JPN,2012,184209122.0,184209122.0,1,0,1,,0.2042,total,KHM-JPN,KHM_2012,JPN_2012,-1.5886553732515718,UNComtrade,15.1057675,2.7150766245375393
KHM,JPN,2013,314062701.0,314062701.0,1,0,1,,0.2076,total,KHM-JPN,KHM_2013,JPN_2013,-1.5721421276904035,UNComtrade,21.63114,3.0741339431531065
KHM,JPN,2014,344883264.0,344883264.0,1,0,1,,0.2112,total,KHM-JPN,KHM_2014,JPN_2014,-1.5549497271500303,UNComtrade,21.7191675,3.0781951656018887
KHM,JPN,2015,571552437.0,571552437.0,1,0,1,,0.2911,total,KHM-JPN,KHM_2015,JPN_2015,-1.2340884282305595,UNComtrade,31.1958025,3.440283550508347
KHM,JPN,2016,827187921.0,827187921.0,1,0,1,,0.2993,total,KHM-JPN,KHM_2016,JPN_2016,-1.2063088641234838,UNComtrade,36.898315,3.6081658860472117
KHM,JPN,2017,850181013.71,850181013.71,1,0,1,,0.2985,total,KHM-JPN,KHM_2017,JPN_2017,-1.2089853461494804,UNComtrade,34.5971075,3.543770080303253
KHM,JPN,2018,1076251993.47,1076251993.47,1,0,1,,0.2855,total,KHM-JPN,KHM_2018,JPN_2018,-1.2535132498860722,UNComtrade,32.3786575,3.477499486611709
KHM,JPN,2019,1140012504.21,1140012504.21,1,0,1,,0.2892,total,KHM-JPN,KHM_2019,JPN_2019,-1.2406367886975274,UNComtrade,32.2428625,3.473296700917919
KHM,JPN,2020,1062352034.3,1062352034.3,1,0,1,,0.2905,total,KHM-JPN,KHM_2020,JPN_2020,-1.2361517026901712,UNComtrade,39.07691,3.66553175547122
KHM,JPN,2021,1074091236.7,1074091236.7,1,0,1,,0.294,total,KHM-JPN,KHM_2021,JPN_2021,-1.2241755116434554,UNComtrade,37.277455,3.6183887203196994
KHM,JPN,2022,1173030243.62,1173030243.62,1,0,1,,0.2866,total,KHM-JPN,KHM_2022,JPN_2022,-1.2496677635880655,UNComtrade,35.921765,3.581343379197864
KHM,JPN,2023,1177726346.65,1177726346.65,1,0,1,,0.2883,total,KHM-JPN,KHM_2023,JPN_2023,-1.2437536743377806,UNComtrade,41.0189375,3.714033850309747
KHM,JPN,2024,1408793114.54,1408793114.54,1,0,1,,0.3013,total,KHM-JPN,KHM_2024,JPN_2024,-1.1996488328458814,UNComtrade,47.5957,3.862742421022366
KHM,KOR,2010,24486331.0,24486331.0,1,0,1,,0.1953,total,KHM-KOR,KHM_2010,KOR_2010,-1.633218441099504,UNComtrade,21.164685,3.0523339908004745
KHM,KOR,2011,46389635.0,46389635.0,1,0,1,,0.2132,total,KHM-KOR,KHM_2011,KOR_2011,-1.5455245866904477,UNComtrade,19.6915975,2.980192021914563
KHM,KOR,2012,70727955.0,70727955.0,1,0,1,,0.2097,total,KHM-KOR,KHM_2012,KOR_2012,-1.5620773410742628,UNComtrade,15.1057675,2.7150766245375393
KHM,KOR,2013,94069053.0,94069053.0,1,0,1,,0.2121,total,KHM-KOR,KHM_2013,KOR_2013,-1.5506974174115002,UNComtrade,21.63114,3.0741339431531065
KHM,KOR,2014,123178974.0,123178974.0,1,0,1,,0.2158,total,KHM-KOR,KHM_2014,KOR_2014,-1.5334032261581028,UNComtrade,21.7191675,3.0781951656018887
KHM,KOR,2015,137415028.0,137415028.0,1,0,1,,0.2977,total,KHM-KOR,KHM_2015,KOR_2015,-1.2116690109604062,UNComtrade,31.1958025,3.440283550508347
KHM,KOR,2016,163987688.0,163987688.0,1,0,1,,0.3066,total,KHM-KOR,KHM_2016,KOR_2016,-1.1822113125444234,UNComtrade,36.898315,3.6081658860472117
KHM,KOR,2017,169322470.46,169322470.46,1,0,1,,0.3039,total,KHM-KOR,KHM_2017,KOR_2017,-1.1910565790593897,UNComtrade,34.5971075,3.543770080303253
KHM,KOR,2018,200163441.8,200163441.8,1,0,1,,0.2933,total,KHM-KOR,KHM_2018,KOR_2018,-1.2265593029987316,UNComtrade,32.3786575,3.477499486611709
KHM,KOR,2019,212558747.26,212558747.26,1,0,1,,0.3001,total,KHM-KOR,KHM_2019,KOR_2019,-1.2036395265358155,UNComtrade,32.2428625,3.473296700917919
KHM,KOR,2020,185310928.43,185310928.43,1,0,1,,0.3009,total,KHM-KOR,KHM_2020,KOR_2020,-1.2009772953461375,UNComtrade,39.07691,3.66553175547122
KHM,KOR,2021,188583184.99,188583184.99,1,0,1,,0.3047,total,KHM-KOR,KHM_2021,KOR_2021,-1.1884275929904735,UNComtrade,37.277455,3.6183887203196994
KHM,KOR,2022,233637840.25,233637840.25,1,0,1,,0.2993,total,KHM-KOR,KHM_2022,KOR_2022,-1.2063088641234838,UNComtrade,35.921765,3.581343379197864
KHM,KOR,2023,281191066.18,281191066.18,1,0,1,,0.3045,total,KHM-KOR,KHM_2023,KOR_2023,-1.1890841918321853,UNComtrade,41.0189375,3.714033850309747
KHM,KOR,2024,319435368.92,319435368.92,1,0,1,,0.3132,total,KHM-KOR,KHM_2024,KOR_2024,-1.160913314865489,UNComtrade,47.5957,3.862742421022366
KHM,LAO,2010,884470.0,884470.0,1,0,1,,,total,KHM-LAO,KHM_2010,LAO_2010,,UNComtrade,21.164685,3.0523339908004745
KHM,LAO,2011,1233091.0,1233091.0,1,0,1,,,total,KHM-LAO,KHM_2011,LAO_2011,,UNComtrade,19.6915975,2.980192021914563
KHM,LAO,2012,1853424.0,1853424.0,1,0,1,,,total,KHM-LAO,KHM_2012,LAO_2012,,UNComtrade,15.1057675,2.7150766245375393
KHM,LAO,2013,576105.0,576105.0,1,0,1,,,total,KHM-LAO,KHM_2013,LAO_2013,,UNComtrade,21.63114,3.0741339431531065
KHM,LAO,2014,109485.0,109485.0,1,0,1,,,total,KHM-LAO,KHM_2014,LAO_2014,,UNComtrade,21.7191675,3.0781951656018887
KHM,LAO,2015,5453681.0,5453681.0,1,0,1,,,total,KHM-LAO,KHM_2015,LAO_2015,,UNComtrade,31.1958025,3.440283550508347
KHM,LAO,2016,5701442.0,5701442.0,1,0,1,,,total,KHM-LAO,KHM_2016,LAO_2016,,UNComtrade,36.898315,3.6081658860472117
KHM,LAO,2017,5780930.74,5780930.74,1,0,1,,,total,KHM-LAO,KHM_2017,LAO_2017,,UNComtrade,34.5971075,3.543770080303253
KHM,LAO,2018,7370158.49,7370158.49,1,0,1,,,total,KHM-LAO,KHM_2018,LAO_2018,,UNComtrade,32.3786575,3.477499486611709
KHM,LAO,2019,2463462.16,2463462.16,1,0,1,,,total,KHM-LAO,KHM_2019,LAO_2019,,UNComtrade,32.2428625,3.473296700917919
KHM,LAO,2020,1367895.85,1367895.85,1,0,1,,,total,KHM-LAO,KHM_2020,LAO_2020,,UNComtrade,39.07691,3.66553175547122
KHM,LAO,2021,3145502.41,3145502.41,1,0,1,,,total,KHM-LAO,KHM_2021,LAO_2021,,UNComtrade,37.277455,3.6183887203196994
KHM,LAO,2022,2607189.9,2607189.9,1,0,1,,,total,KHM-LAO,KHM_2022,LAO_2022,,UNComtrade,35.921765,3.581343379197864
KHM,LAO,2023,5699516.72,5699516.72,1,0,1,,,total,KHM-LAO,KHM_2023,LAO_2023,,UNComtrade,41.0189375,3.714033850309747
KHM,LAO,2024,16820053.17,16820053.17,1,0,1,,,total,KHM-LAO,KHM_2024,LAO_2024,,UNComtrade,47.5957,3.862742421022366
KHM,MMR,2010,2134.0,2134.0,1,0,1,,0.1589,total,KHM-MMR,KHM_2010,MMR_2010,-1.8394802054394668,UNComtrade,21.164685,3.0523339908004745
KHM,MMR,2011,79316.0,79316.0,1,0,1,,0.1561,total,KHM-MMR,KHM_2011,MMR_2011,-1.8572584514607504,UNComtrade,19.6915975,2.980192021914563
KHM,MMR,2012,83391.0,83391.0,1,0,1,,0.1633,total,KHM-MMR,KHM_2012,MMR_2012,-1.8121662790057176,UNComtrade,15.1057675,2.7150766245375393
KHM,MMR,2013,627703.0,627703.0,1,0,1,,0.1622,total,KHM-MMR,KHM_2013,MMR_2013,-1.8189251373008244,UNComtrade,21.63114,3.0741339431531065
KHM,MMR,2014,792149.0,792149.0,1,0,1,,0.1628,total,KHM-MMR,KHM_2014,MMR_2014,-1.815232825413697,UNComtrade,21.7191675,3.0781951656018887
KHM,MMR,2015,1469580.0,1469580.0,1,0,1,,0.2492,total,KHM-MMR,KHM_2015,MMR_2015,-1.389499492068839,UNComtrade,31.1958025,3.440283550508347
KHM,MMR,2016,1117671.0,1117671.0,1,0,1,,0.2012,total,KHM-MMR,KHM_2016,MMR_2016,-1.603455840756553,UNComtrade,36.898315,3.6081658860472117
KHM,MMR,2017,2073575.24,2073575.24,1,0,1,,0.1994,total,KHM-MMR,KHM_2017,MMR_2017,-1.612442421454399,UNComtrade,34.5971075,3.543770080303253
KHM,MMR,2018,2870332.75,2870332.75,1,0,1,,0.1981,total,KHM-MMR,KHM_2018,MMR_2018,-1.6189833252776318,UNComtrade,32.3786575,3.477499486611709
KHM,MMR,2019,3368373.95,3368373.95,1,0,1,,0.1933,total,KHM-MMR,KHM_2019,MMR_2019,-1.6435118927678518,UNComtrade,32.2428625,3.473296700917919
KHM,MMR,2020,3267544.17,3267544.17,1,0,1,,0.2028,total,KHM-MMR,KHM_2020,MMR_2020,-1.5955350072651089,UNComtrade,39.07691,3.66553175547122
KHM,MMR,2021,10846014.17,10846014.17,1,0,1,,0.2055,total,KHM-MMR,KHM_2021,MMR_2021,-1.5823092450458478,UNComtrade,37.277455,3.6183887203196994
KHM,MMR,2022,1084373.39,1084373.39,1,0,1,,0.1928,total,KHM-MMR,KHM_2022,MMR_2022,-1.6461018968056915,UNComtrade,35.921765,3.581343379197864
KHM,MMR,2023,1228544.65,1228544.65,1,0,1,,0.2623,total,KHM-MMR,KHM_2023,MMR_2023,-1.3382663921093092,UNComtrade,41.0189375,3.714033850309747
KHM,MMR,2024,720129.15,720129.15,1,0,1,,0.2737,total,KHM-MMR,KHM_2024,MMR_2024,-1.2957226629355036,UNComtrade,47.5957,3.862742421022366
KHM,MYS,2010,19427641.0,19427641.0,1,0,1,,0.2606,total,KHM-MYS,KHM_2010,MYS_2010,-1.3447686142913924,UNComtrade,21.164685,3.0523339908004745
KHM,MYS,2011,45223249.0,45223249.0,1,0,1,,0.2755,total,KHM-MYS,KHM_2011,MYS_2011,-1.2891676503891678,UNComtrade,19.6915975,2.980192021914563
KHM,MYS,2012,88924346.0,88924346.0,1,0,1,,0.2761,total,KHM-MYS,KHM_2012,MYS_2012,-1.2869921600460283,UNComtrade,15.1057675,2.7150766245375393
KHM,MYS,2013,125131607.0,125131607.0,1,0,1,,0.2793,total,KHM-MYS,KHM_2013,MYS_2013,-1.275468806031006,UNComtrade,21.63114,3.0741339431531065
KHM,MYS,2014,124062026.0,124062026.0,1,0,1,,0.2834,total,KHM-MYS,KHM_2014,MYS_2014,-1.2608959517255571,UNComtrade,21.7191675,3.0781951656018887
KHM,MYS,2015,134013966.0,134013966.0,1,0,1,,0.2997,total,KHM-MYS,KHM_2015,MYS_2015,-1.2049733046595197,UNComtrade,31.1958025,3.440283550508347
KHM,MYS,2016,100367872.0,100367872.0,1,0,1,,0.3082,total,KHM-MYS,KHM_2016,MYS_2016,-1.1770063560961217,UNComtrade,36.898315,3.6081658860472117
KHM,MYS,2017,147301123.54,147301123.54,1,0,1,,0.3026,total,KHM-MYS,KHM_2017,MYS_2017,-1.1953434776278815,UNComtrade,34.5971075,3.543770080303253
KHM,MYS,2018,128830323.51,128830323.51,1,0,1,,0.2927,total,KHM-MYS,KHM_2018,MYS_2018,-1.2286070852842967,UNComtrade,32.3786575,3.477499486611709
KHM,MYS,2019,116024829.88,116024829.88,1,0,1,,0.2978,total,KHM-MYS,KHM_2019,MYS_2019,-1.2113331587322285,UNComtrade,32.2428625,3.473296700917919
KHM,MYS,2020,99126928.02,99126928.02,1,0,1,,0.2981,total,KHM-MYS,KHM_2020,MYS_2020,-1.2103262782981117,UNComtrade,39.07691,3.66553175547122
KHM,MYS,2021,100980284.37,100980284.37,1,0,1,,0.3034,total,KHM-MYS,KHM_2021,MYS_2021,-1.1927032120677052,UNComtrade,37.277455,3.6183887203196994
KHM,MYS,2022,111853326.54,111853326.54,1,0,1,,0.2975,total,KHM-MYS,KHM_2022,MYS_2022,-1.2123410539964528,UNComtrade,35.921765,3.581343379197864
KHM,MYS,2023,105410451.12,105410451.12,1,0,1,,0.3013,total,KHM-MYS,KHM_2023,MYS_2023,-1.1996488328458814,UNComtrade,41.0189375,3.714033850309747
KHM,MYS,2024,147390845.9,147390845.9,1,0,1,,0.3106,total,KHM-MYS,KHM_2024,MYS_2024,-1.1692493682675504,UNComtrade,47.5957,3.862742421022366
KHM,NLD,2010,235781592.0,235781592.0,1,0,1,,0.1994,total,KHM-NLD,KHM_2010,NLD_2010,-1.612442421454399,UNComtrade,21.164685,3.0523339908004745
KHM,NLD,2011,171387886.0,171387886.0,1,0,1,,0.2144,total,KHM-NLD,KHM_2011,NLD_2011,-1.53991184978549,UNComtrade,19.6915975,2.980192021914563
KHM,NLD,2012,112980893.0,112980893.0,1,0,1,,0.2083,total,KHM-NLD,KHM_2012,NLD_2012,-1.5687759307152107,UNComtrade,15.1057675,2.7150766245375393
KHM,NLD,2013,161921919.0,161921919.0,1,0,1,,0.211,total,KHM-NLD,KHM_2013,NLD_2013,-1.5558971455060706,UNComtrade,21.63114,3.0741339431531065
KHM,NLD,2014,173763134.0,173763134.0,1,0,1,,0.213,total,KHM-NLD,KHM_2014,NLD_2014,-1.546463113272712,UNComtrade,21.7191675,3.0781951656018887
KHM,NLD,2015,248714719.0,248714719.0,1,0,1,,0.2254,total,KHM-NLD,KHM_2015,NLD_2015,-1.4898786773764612,UNComtrade,31.1958025,3.440283550508347
KHM,NLD,2016,300164232.0,300164232.0,1,0,1,,0.2387,total,KHM-NLD,KHM_2016,NLD_2016,-1.4325477456373528,UNComtrade,36.898315,3.6081658860472117
KHM,NLD,2017,361655181.85,361655181.85,1,0,1,,0.2376,total,KHM-NLD,KHM_2017,NLD_2017,-1.4371666914936472,UNComtrade,34.5971075,3.543770080303253
KHM,NLD,2018,426274113.65,426274113.65,1,0,1,,0.2315,total,KHM-NLD,KHM_2018,NLD_2018,-1.4631754054558483,UNComtrade,32.3786575,3.477499486611709
KHM,NLD,2019,464139325.8,464139325.8,1,0,1,,0.2378,total,KHM-NLD,KHM_2019,NLD_2019,-1.4363252947254554,UNComtrade,32.2428625,3.473296700917919
KHM,NLD,2020,363012626.6,363012626.6,1,0,1,,0.236,total,KHM-NLD,KHM_2020,NLD_2020,-1.443923473956527,UNComtrade,39.07691,3.66553175547122
KHM,NLD,2021,423036488.26,423036488.26,1,0,1,,0.241,total,KHM-NLD,KHM_2021,NLD_2021,-1.422958345491482,UNComtrade,37.277455,3.6183887203196994
KHM,NLD,2022,552625505.79,552625505.79,1,0,1,,0.2357,total,KHM-NLD,KHM_2022,NLD_2022,-1.4451954690400517,UNComtrade,35.921765,3.581343379197864
KHM,NLD,2023,566338335.18,566338335.18,1,0,1,,0.2385,total,KHM-NLD,KHM_2023,NLD_2023,-1.4333859686537411,UNComtrade,41.0189375,3.714033850309747
KHM,NLD,2024,801258519.02,801258519.02,1,0,1,,0.2468,total,KHM-NLD,KHM_2024,NLD_2024,-1.3991769869509043,UNComtrade,47.5957,3.862742421022366
KHM,PHL,2010,2645695.0,2645695.0,1,0,1,,0.1789,total,KHM-PHL,KHM_2010,PHL_2010,-1.7209282884674637,UNComtrade,21.164685,3.0523339908004745
KHM,PHL,2011,1408286.0,1408286.0,1,0,1,,0.1912,total,KHM-PHL,KHM_2011,PHL_2011,-1.6544352783648362,UNComtrade,19.6915975,2.980192021914563
KHM,PHL,2012,2186079.0,2186079.0,1,0,1,,0.2541,total,KHM-PHL,KHM_2012,PHL_2012,-1.3700273886560186,UNComtrade,15.1057675,2.7150766245375393
KHM,PHL,2013,13772436.0,13772436.0,1,0,1,,0.2584,total,KHM-PHL,KHM_2013,PHL_2013,-1.35324650707369,UNComtrade,21.63114,3.0741339431531065
KHM,PHL,2014,6854248.0,6854248.0,1,0,1,,0.2624,total,KHM-PHL,KHM_2014,PHL_2014,-1.337885221912203,UNComtrade,21.7191675,3.0781951656018887
KHM,PHL,2015,17351386.0,17351386.0,1,0,1,,0.2692,total,KHM-PHL,KHM_2015,PHL_2015,-1.3123006812115643,UNComtrade,31.1958025,3.440283550508347
KHM,PHL,2016,21866796.0,21866796.0,1,0,1,,0.2803,total,KHM-PHL,KHM_2016,PHL_2016,-1.2718948208113945,UNComtrade,36.898315,3.6081658860472117
KHM,PHL,2017,33610688.07,33610688.07,1,0,1,,0.2821,total,KHM-PHL,KHM_2017,PHL_2017,-1.2654936609741865,UNComtrade,34.5971075,3.543770080303253
KHM,PHL,2018,33300218.81,33300218.81,1,0,1,,0.2074,total,KHM-PHL,KHM_2018,PHL_2018,-1.57310598318671,UNComtrade,32.3786575,3.477499486611709
KHM,PHL,2019,36943277.3,36943277.3,1,0,1,,0.2131,total,KHM-PHL,KHM_2019,PHL_2019,-1.5459937398775656,UNComtrade,32.2428625,3.473296700917919
KHM,PHL,2020,34196043.46,34196043.46,1,0,1,,0.2738,total,KHM-PHL,KHM_2020,PHL_2020,-1.2953573661277886,UNComtrade,39.07691,3.66553175547122
KHM,PHL,2021,37695225.81,37695225.81,1,0,1,,0.277,total,KHM-PHL,KHM_2021,PHL_2021,-1.2837377727947985,UNComtrade,37.277455,3.6183887203196994
KHM,PHL,2022,42725738.55,42725738.55,1,0,1,,0.2724,total,KHM-PHL,KHM_2022,PHL_2022,-1.30048370470678,UNComtrade,35.921765,3.581343379197864
KHM,PHL,2023,52925361.73,52925361.73,1,0,1,,0.2761,total,KHM-PHL,KHM_2023,PHL_2023,-1.2869921600460283,UNComtrade,41.0189375,3.714033850309747
KHM,PHL,2024,47977152.37,47977152.37,1,0,1,,0.2864,total,KHM-PHL,KHM_2024,PHL_2024,-1.2503658438956466,UNComtrade,47.5957,3.862742421022366
KHM,SGP,2010,429981027.0,429981027.0,1,0,1,,0.2623,total,KHM-SGP,KHM_2010,SGP_2010,-1.3382663921093092,UNComtrade,21.164685,3.0523339908004745
KHM,SGP,2011,441877256.0,441877256.0,1,0,1,,0.278,total,KHM-SGP,KHM_2011,SGP_2011,-1.2801341652915,UNComtrade,19.6915975,2.980192021914563
KHM,SGP,2012,207821513.0,207821513.0,1,0,1,,0.2756,total,KHM-SGP,KHM_2012,SGP_2012,-1.2888047398426334,UNComtrade,15.1057675,2.7150766245375393
KHM,SGP,2013,50625472.0,50625472.0,1,0,1,,0.2782,total,KHM-SGP,KHM_2013,SGP_2013,-1.2794149994927946,UNComtrade,21.63114,3.0741339431531065
KHM,SGP,2014,71206952.0,71206952.0,1,0,1,,0.2823,total,KHM-SGP,KHM_2014,SGP_2014,-1.2647849437226937,UNComtrade,21.7191675,3.0781951656018887
KHM,SGP,2015,58564386.0,58564386.0,1,0,1,,0.2994,total,KHM-SGP,KHM_2015,SGP_2015,-1.205974806996609,UNComtrade,31.1958025,3.440283550508347
KHM,SGP,2016,62522050.0,62522050.0,1,0,1,,0.3085,total,KHM-SGP,KHM_2016,SGP_2016,-1.1760334356366946,UNComtrade,36.898315,3.6081658860472117
KHM,SGP,2017,158754582.95,158754582.95,1,0,1,,0.3052,total,KHM-SGP,KHM_2017,SGP_2017,-1.186787979571835,UNComtrade,34.5971075,3.543770080303253
KHM,SGP,2018,78228031.68,78228031.68,1,0,1,,0.2952,total,KHM-SGP,KHM_2018,SGP_2018,-1.2201021862558197,UNComtrade,32.3786575,3.477499486611709
KHM,SGP,2019,272667997.97,272667997.97,1,0,1,,0.3015,total,KHM-SGP,KHM_2019,SGP_2019,-1.198985262814897,UNComtrade,32.2428625,3.473296700917919
KHM,SGP,2020,2622629288.74,2622629288.74,1,0,1,,0.3009,total,KHM-SGP,KHM_2020,SGP_2020,-1.2009772953461375,UNComtrade,39.07691,3.66553175547122
KHM,SGP,2021,120346323.59,120346323.59,1,0,1,,0.3068,total,KHM-SGP,KHM_2021,SGP_2021,-1.181559209489036,UNComtrade,37.277455,3.6183887203196994
KHM,SGP,2022,92575192.72,92575192.72,1,0,1,,0.3003,total,KHM-SGP,KHM_2022,SGP_2022,-1.2029733039928523,UNComtrade,35.921765,3.581343379197864
KHM,SGP,2023,621683620.6,621683620.6,1,0,1,,0.3048,total,KHM-SGP,KHM_2023,SGP_2023,-1.1880994551696458,UNComtrade,41.0189375,3.714033850309747
KHM,SGP,2024,294731098.11,294731098.11,1,0,1,,0.3135,total,KHM-SGP,KHM_2024,SGP_2024,-1.1599559189091615,UNComtrade,47.5957,3.862742421022366
KHM,THA,2010,150086990.0,150086990.0,1,0,1,,0.2504,total,KHM-THA,KHM_2010,THA_2010,-1.3846956397561936,UNComtrade,21.164685,3.0523339908004745
KHM,THA,2011,190470337.0,190470337.0,1,0,1,,0.2602,total,KHM-THA,KHM_2011,THA_2011,-1.3463047129037322,UNComtrade,19.6915975,2.980192021914563
KHM,THA,2012,96361506.0,96361506.0,1,0,1,,0.2579,total,KHM-THA,KHM_2012,THA_2012,-1.3551833660948378,UNComtrade,15.1057675,2.7150766245375393
KHM,THA,2013,221222808.0,221222808.0,1,0,1,,0.2602,total,KHM-THA,KHM_2013,THA_2013,-1.3463047129037322,UNComtrade,21.63114,3.0741339431531065
KHM,THA,2014,49991277.0,49991277.0,1,0,1,,0.2647,total,KHM-THA,KHM_2014,THA_2014,-1.3291581697490815,UNComtrade,21.7191675,3.0781951656018887
KHM,THA,2015,346200963.0,346200963.0,1,0,1,,0.275,total,KHM-THA,KHM_2015,THA_2015,-1.2909841813155656,UNComtrade,31.1958025,3.440283550508347
KHM,THA,2016,419153349.0,419153349.0,1,0,1,,0.292,total,KHM-THA,KHM_2016,THA_2016,-1.2310014767138553,UNComtrade,36.898315,3.6081658860472117
KHM,THA,2017,429944128.43,429944128.43,1,0,1,,0.2888,total,KHM-THA,KHM_2017,THA_2017,-1.2420208719634658,UNComtrade,34.5971075,3.543770080303253
KHM,THA,2018,313441050.07,313441050.07,1,0,1,,0.2795,total,KHM-THA,KHM_2018,THA_2018,-1.274752986386983,UNComtrade,32.3786575,3.477499486611709
KHM,THA,2019,507493270.83,507493270.83,1,0,1,,0.2849,total,KHM-THA,KHM_2019,THA_2019,-1.2556170374782745,UNComtrade,32.2428625,3.473296700917919
KHM,THA,2020,653488686.21,653488686.21,1,0,1,,0.2831,total,KHM-THA,KHM_2020,THA_2020,-1.261955086864283,UNComtrade,39.07691,3.66553175547122
KHM,THA,2021,369468794.89,369468794.89,1,0,1,,0.2889,total,KHM-THA,KHM_2021,THA_2021,-1.2416746715099476,UNComtrade,37.277455,3.6183887203196994
KHM,THA,2022,409600310.94,409600310.94,1,0,1,,0.2821,total,KHM-THA,KHM_2022,THA_2022,-1.2654936609741865,UNComtrade,35.921765,3.581343379197864
KHM,THA,2023,544374808.85,544374808.85,1,0,1,,0.2831,total,KHM-THA,KHM_2023,THA_2023,-1.261955086864283,UNComtrade,41.0189375,3.714033850309747
KHM,THA,2024,844900805.7,844900805.7,1,0,1,,0.2931,total,KHM-THA,KHM_2024,THA_2024,-1.2272414312652902,UNComtrade,47.5957,3.862742421022366
KHM,TWN,2010,10884750.0,10884750.0,1,0,1,,0.2594,total,KHM-TWN,KHM_2010,TWN_2010,-1.3493840070997936,UNComtrade,21.164685,3.0523339908004745
KHM,TWN,2011,15488751.0,15488751.0,1,0,1,,0.273,total,KHM-TWN,KHM_2011,TWN_2011,-1.2982834837971773,UNComtrade,19.6915975,2.980192021914563
KHM,TWN,2012,15427471.0,15427471.0,1,0,1,,0.2717,total,KHM-TWN,KHM_2012,TWN_2012,-1.303056762549835,UNComtrade,15.1057675,2.7150766245375393
KHM,TWN,2013,21440991.0,21440991.0,1,0,1,,0.2727,total,KHM-TWN,KHM_2013,TWN_2013,-1.299382989130594,UNComtrade,21.63114,3.0741339431531065
KHM,TWN,2014,21685045.0,21685045.0,1,0,1,,0.2769,total,KHM-TWN,KHM_2014,TWN_2014,-1.284098848805221,UNComtrade,21.7191675,3.0781951656018887
KHM,TWN,2015,33253596.0,33253596.0,1,0,1,,0.2911,total,KHM-TWN,KHM_2015,TWN_2015,-1.2340884282305595,UNComtrade,31.1958025,3.440283550508347
KHM,TWN,2016,40905710.0,40905710.0,1,0,1,,0.3004,total,KHM-TWN,KHM_2016,TWN_2016,-1.2026403590921573,UNComtrade,36.898315,3.6081658860472117
KHM,TWN,2017,40026978.44,40026978.44,1,0,1,,0.2981,total,KHM-TWN,KHM_2017,TWN_2017,-1.2103262782981117,UNComtrade,34.5971075,3.543770080303253
KHM,TWN,2018,48575640.21,48575640.21,1,0,1,,0.2888,total,KHM-TWN,KHM_2018,TWN_2018,-1.2420208719634658,UNComtrade,32.3786575,3.477499486611709
KHM,TWN,2019,61989752.9,61989752.9,1,0,1,,0.2947,total,KHM-TWN,KHM_2019,TWN_2019,-1.221797389238488,UNComtrade,32.2428625,3.473296700917919
KHM,TWN,2020,70394146.62,70394146.62,1,0,1,,0.2955,total,KHM-TWN,KHM_2020,TWN_2020,-1.2190864421359842,UNComtrade,39.07691,3.66553175547122
KHM,TWN,2021,96314881.56,96314881.56,1,0,1,,0.3018,total,KHM-TWN,KHM_2021,TWN_2021,-1.1979907326483883,UNComtrade,37.277455,3.6183887203196994
KHM,TWN,2022,116066693.35,116066693.35,1,0,1,,0.2938,total,KHM-TWN,KHM_2022,TWN_2022,-1.2248560152423602,UNComtrade,35.921765,3.581343379197864
KHM,TWN,2023,129731179.49,129731179.49,1,0,1,,0.2955,total,KHM-TWN,KHM_2023,TWN_2023,-1.2190864421359842,UNComtrade,41.0189375,3.714033850309747
KHM,TWN,2024,93019675.89,93019675.89,1,0,1,,0.3048,total,KHM-TWN,KHM_2024,TWN_2024,-1.1880994551696458,UNComtrade,47.5957,3.862742421022366
KHM,USA,2010,1905612021.0,1905612021.0,1,0,1,,0.2015,total,KHM-USA,KHM_2010,USA_2010,-1.6019658975953994,UNComtrade,21.164685,3.0523339908004745
KHM,USA,2011,2107192126.0,2107192126.0,1,0,1,,0.2175,total,KHM-USA,KHM_2011,USA_2011,-1.5255564284533982,UNComtrade,19.6915975,2.980192021914563
KHM,USA,2012,1897687931.0,1897687931.0,1,0,1,,0.2137,total,KHM-USA,KHM_2012,USA_2012,-1.5431821166570352,UNComtrade,15.1057675,2.7150766245375393
KHM,USA,2013,2087970408.0,2087970408.0,1,0,1,,0.2172,total,KHM-USA,KHM_2013,USA_2013,-1.5269366909223567,UNComtrade,21.63114,3.0741339431531065
KHM,USA,2014,2000173697.0,2000173697.0,1,0,1,,0.2253,total,KHM-USA,KHM_2014,USA_2014,-1.4903224315439385,UNComtrade,21.7191675,3.0781951656018887
KHM,USA,2015,2136784183.0,2136784183.0,1,0,1,,0.2385,total,KHM-USA,KHM_2015,USA_2015,-1.4333859686537411,UNComtrade,31.1958025,3.440283550508347
KHM,USA,2016,2147050442.0,2147050442.0,1,0,1,,0.2467,total,KHM-USA,KHM_2016,USA_2016,-1.399582255446826,UNComtrade,36.898315,3.6081658860472117
KHM,USA,2017,2408330077.91,2408330077.91,1,0,1,,0.2453,total,KHM-USA,KHM_2017,USA_2017,-1.4052733277176934,UNComtrade,34.5971075,3.543770080303253
KHM,USA,2018,3044350603.02,3044350603.02,1,0,1,,0.2342,total,KHM-USA,KHM_2018,USA_2018,-1.45157982781852,UNComtrade,32.3786575,3.477499486611709
KHM,USA,2019,4414284165.72,4414284165.72,1,0,1,,0.2414,total,KHM-USA,KHM_2019,USA_2019,-1.421299970318706,UNComtrade,32.2428625,3.473296700917919
KHM,USA,2020,5333169719.04,5333169719.04,1,0,1,,0.2398,total,KHM-USA,KHM_2020,USA_2020,-1.4279500363887232,UNComtrade,39.07691,3.66553175547122
KHM,USA,2021,7374350253.14,7374350253.14,1,0,1,,0.2454,total,KHM-USA,KHM_2021,USA_2021,-1.404865746705326,UNComtrade,37.277455,3.6183887203196994
KHM,USA,2022,8971371714.79,8971371714.79,1,0,1,,0.239,total,KHM-USA,KHM_2022,USA_2022,-1.4312917270506265,UNComtrade,35.921765,3.581343379197864
KHM,USA,2023,8995880631.535,8995880631.535,1,0,1,,0.2414,total,KHM-USA,KHM_2023,USA_2023,-1.421299970318706,UNComtrade,41.0189375,3.714033850309747
KHM,USA,2024,9932118266.36,9932118266.36,1,0,1,,0.2498,total,KHM-USA,KHM_2024,USA_2024,-1.3870946812906595,UNComtrade,47.5957,3.862742421022366
KHM,VNM,2010,96145697.0,96145697.0,1,0,1,,0.2467,total,KHM-VNM,KHM_2010,VNM_2010,-1.399582255446826,UNComtrade,21.164685,3.0523339908004745
KHM,VNM,2011,148824814.0,148824814.0,1,0,1,,0.2627,total,KHM-VNM,KHM_2011,VNM_2011,-1.336742582290643,UNComtrade,19.6915975,2.980192021914563
KHM,VNM,2012,111656680.0,111656680.0,1,0,1,,0.257,total,KHM-VNM,KHM_2012,VNM_2012,-1.3586791940869172,UNComtrade,15.1057675,2.7150766245375393
KHM,VNM,2013,103745024.0,103745024.0,1,0,1,,0.2611,total,KHM-VNM,KHM_2013,VNM_2013,-1.342851803277054,UNComtrade,21.63114,3.0741339431531065
KHM,VNM,2014,96801465.0,96801465.0,1,0,1,,0.2628,total,KHM-VNM,KHM_2014,VNM_2014,-1.3363619923716816,UNComtrade,21.7191675,3.0781951656018887
KHM,VNM,2015,185645412.0,185645412.0,1,0,1,,0.2782,total,KHM-VNM,KHM_2015,VNM_2015,-1.2794149994927946,UNComtrade,31.1958025,3.440283550508347
KHM,VNM,2016,229059270.0,229059270.0,1,0,1,,0.2924,total,KHM-VNM,KHM_2016,VNM_2016,-1.2296325511065136,UNComtrade,36.898315,3.6081658860472117
KHM,VNM,2017,325830864.42,325830864.42,1,0,1,,0.2873,total,KHM-VNM,KHM_2017,VNM_2017,-1.247228312996893,UNComtrade,34.5971075,3.543770080303253
KHM,VNM,2018,361815539.39,361815539.39,1,0,1,,0.2787,total,KHM-VNM,KHM_2018,VNM_2018,-1.2776193444942343,UNComtrade,32.3786575,3.477499486611709
KHM,VNM,2019,359195679.83,359195679.83,1,0,1,,0.2845,total,KHM-VNM,KHM_2019,VNM_2019,-1.2570220254157516,UNComtrade,32.2428625,3.473296700917919
KHM,VNM,2020,387436063.54,387436063.54,1,0,1,,0.2816,total,KHM-VNM,KHM_2020,VNM_2020,-1.2672676546982498,UNComtrade,39.07691,3.66553175547122
KHM,VNM,2021,522759288.41,522759288.41,1,0,1,,0.2879,total,KHM-VNM,KHM_2021,VNM_2021,-1.2451420813640068,UNComtrade,37.277455,3.6183887203196994
KHM,VNM,2022,683626163.53,683626163.53,1,0,1,,0.2826,total,KHM-VNM,KHM_2022,VNM_2022,-1.2637228087317098,UNComtrade,35.921765,3.581343379197864
KHM,VNM,2023,1347895346.947,1347895346.947,1,0,1,,0.2875,total,KHM-VNM,KHM_2023,VNM_2023,-1.246532418744732,UNComtrade,41.0189375,3.714033850309747
KHM,VNM,2024,3615550127.332,3615550127.332,1,0,1,,0.2978,total,KHM-VNM,KHM_2024,VNM_2024,-1.2113331587322285,UNComtrade,47.5957,3.862742421022366
MMR,ARE,2010,30399587.81,30399587.81,1,0,1,,0.1796,total,MMR-ARE,MMR_2010,ARE_2010,-1.7170231231140378,UNComtrade,25.45837,3.2370445690844782
MMR,ARE,2011,25996075.0,25996075.0,1,0,1,,0.173,total,MMR-ARE,MMR_2011,ARE_2011,-1.7544636844843582,UNComtrade,25.64648,3.2444063302307993
MMR,ARE,2012,39406424.0,39406424.0,1,0,1,,0.1968,total,MMR-ARE,MMR_2012,ARE_2012,-1.625567294363984,UNComtrade,37.2916675,3.6187699102732784
MMR,ARE,2013,51100396.0,51100396.0,1,0,1,,0.21,total,MMR-ARE,MMR_2013,ARE_2013,-1.5606477482646683,UNComtrade,39.9086675,3.6865935308811135
MMR,ARE,2014,38119291.83,38119291.83,1,0,1,,0.2075,total,MMR-ARE,MMR_2014,ARE_2014,-1.572623939311384,UNComtrade,40.0606,3.6903933076592095
MMR,ARE,2015,92326363.737,92326363.737,1,0,1,,0.2279,total,MMR-ARE,MMR_2015,ARE_2015,-1.4788483427304986,UNComtrade,47.5433,3.861640874752203
MMR,ARE,2016,73631627.69,73631627.69,1,0,1,,0.2453,total,MMR-ARE,MMR_2016,ARE_2016,-1.4052733277176934,UNComtrade,52.72942,3.9651735540508204
MMR,ARE,2017,70537984.245,70537984.245,1,0,1,,0.24,total,MMR-ARE,MMR_2017,ARE_2017,-1.4271163556401458,UNComtrade,44.97264,3.806054304863367
MMR,ARE,2018,79630120.61,79630120.61,1,0,1,,0.2454,total,MMR-ARE,MMR_2018,ARE_2018,-1.404865746705326,UNComtrade,43.4245575,3.7710251220925217
MMR,ARE,2019,99453575.89,99453575.89,1,0,1,,0.2183,total,MMR-ARE,MMR_2019,ARE_2019,-1.5218850154262389,UNComtrade,37.23075,3.617135032726036
MMR,ARE,2020,88413334.46,88413334.46,1,0,1,,0.2339,total,MMR-ARE,MMR_2020,ARE_2020,-1.4528616053920038,UNComtrade,38.3599275,3.647013360023879
MMR,ARE,2021,56847239.324,56847239.324,1,0,1,,0.2324,total,MMR-ARE,MMR_2021,ARE_2021,-1.4592952540043809,UNComtrade,32.315192499999995,3.4755374756830357
MMR,ARE,2022,85045645.53,85045645.53,1,0,1,,0.2172,total,MMR-ARE,MMR_2022,ARE_2022,-1.5269366909223567,UNComtrade,36.2486375,3.5904017943874083
MMR,ARE,2023,59901470.32,59901470.32,1,0,1,,0.2266,total,MMR-ARE,MMR_2023,ARE_2023,-1.4845689303882312,UNComtrade,47.246375,3.855375931419935
MMR,ARE,2024,70679825.75,70679825.75,1,0,1,,0.2397,total,MMR-ARE,MMR_2024,ARE_2024,-1.4283671375417983,UNComtrade,41.1990725,3.7184157439661565
MMR,AUS,2010,17924417.71,17924417.71,1,0,1,,0.1759,total,MMR-AUS,MMR_2010,AUS_2010,-1.7378396272386245,UNComtrade,25.45837,3.2370445690844782
MMR,AUS,2011,6168328.0,6168328.0,1,0,1,,0.1696,total,MMR-AUS,MMR_2011,AUS_2011,-1.7743125556243344,UNComtrade,25.64648,3.2444063302307993
MMR,AUS,2012,6852258.0,6852258.0,1,0,1,,0.1901,total,MMR-AUS,MMR_2012,AUS_2012,-1.6602050294877535,UNComtrade,37.2916675,3.6187699102732784
MMR,AUS,2013,14728928.0,14728928.0,1,0,1,,0.2052,total,MMR-AUS,MMR_2013,AUS_2013,-1.5837701656855223,UNComtrade,39.9086675,3.6865935308811135
MMR,AUS,2014,12839837.713,12839837.713,1,0,1,,0.2039,total,MMR-AUS,MMR_2014,AUS_2014,-1.5901256014017275,UNComtrade,40.0606,3.6903933076592095
MMR,AUS,2015,6404577.612,6404577.612,1,0,1,,0.2226,total,MMR-AUS,MMR_2015,AUS_2015,-1.5023788401406926,UNComtrade,47.5433,3.861640874752203
MMR,AUS,2016,19485419.13,19485419.13,1,0,1,,0.2365,total,MMR-AUS,MMR_2016,AUS_2016,-1.4418070710501494,UNComtrade,52.72942,3.9651735540508204
MMR,AUS,2017,25878763.165,25878763.165,1,0,1,,0.2344,total,MMR-AUS,MMR_2017,AUS_2017,-1.4507262212792795,UNComtrade,44.97264,3.806054304863367
MMR,AUS,2018,22866637.58,22866637.58,1,0,1,,0.2387,total,MMR-AUS,MMR_2018,AUS_2018,-1.4325477456373528,UNComtrade,43.4245575,3.7710251220925217
MMR,AUS,2019,28126944.28,28126944.28,1,0,1,,0.2139,total,MMR-AUS,MMR_2019,AUS_2019,-1.542246662893777,UNComtrade,37.23075,3.617135032726036
MMR,AUS,2020,30201504.92,30201504.92,1,0,1,,0.2241,total,MMR-AUS,MMR_2020,AUS_2020,-1.4956628981752558,UNComtrade,38.3599275,3.647013360023879
MMR,AUS,2021,29257011.246,29257011.246,1,0,1,,0.2271,total,MMR-AUS,MMR_2021,AUS_2021,-1.4823648298706242,UNComtrade,32.315192499999995,3.4755374756830357
MMR,AUS,2022,32489661.19,32489661.19,1,0,1,,0.211,total,MMR-AUS,MMR_2022,AUS_2022,-1.5558971455060706,UNComtrade,36.2486375,3.5904017943874083
MMR,AUS,2023,28072355.42,28072355.42,1,0,1,,0.2241,total,MMR-AUS,MMR_2023,AUS_2023,-1.4956628981752558,UNComtrade,47.246375,3.855375931419935
MMR,AUS,2024,59944660.08,59944660.08,1,0,1,,0.2312,total,MMR-AUS,MMR_2024,AUS_2024,-1.4644721421839146,UNComtrade,41.1990725,3.7184157439661565
MMR,BRN,2010,407954.59,407954.59,1,0,1,,0.1602,total,MMR-BRN,MMR_2010,BRN_2010,-1.831332244347878,UNComtrade,25.45837,3.2370445690844782
MMR,BRN,2011,384800.0,384800.0,1,0,1,,0.155,total,MMR-BRN,MMR_2011,BRN_2011,-1.8643301620628905,UNComtrade,25.64648,3.2444063302307993
MMR,BRN,2012,213895.0,213895.0,1,0,1,,0.1641,total,MMR-BRN,MMR_2012,BRN_2012,-1.807279280886092,UNComtrade,37.2916675,3.6187699102732784
MMR,BRN,2013,1162504.0,1162504.0,1,0,1,,0.167,total,MMR-BRN,MMR_2013,BRN_2013,-1.7897614665653818,UNComtrade,39.9086675,3.6865935308811135
MMR,BRN,2014,3729943.91,3729943.91,1,0,1,,0.167,total,MMR-BRN,MMR_2014,BRN_2014,-1.7897614665653818,UNComtrade,40.0606,3.6903933076592095
MMR,BRN,2015,663233.71,663233.71,1,0,1,,0.1815,total,MMR-BRN,MMR_2015,BRN_2015,-1.7064996252772315,UNComtrade,47.5433,3.861640874752203
MMR,BRN,2016,617768.51,617768.51,1,0,1,,0.1826,total,MMR-BRN,MMR_2016,BRN_2016,-1.7004573108212688,UNComtrade,52.72942,3.9651735540508204
MMR,BRN,2017,198865.07,198865.07,1,0,1,,0.1833,total,MMR-BRN,MMR_2017,BRN_2017,-1.6966311241364778,UNComtrade,44.97264,3.806054304863367
MMR,BRN,2018,269085.78,269085.78,1,0,1,,0.176,total,MMR-BRN,MMR_2018,BRN_2018,-1.7372712839439852,UNComtrade,43.4245575,3.7710251220925217
MMR,BRN,2019,292659.24,292659.24,1,0,1,,0.1806,total,MMR-BRN,MMR_2019,BRN_2019,-1.711470637999252,UNComtrade,37.23075,3.617135032726036
MMR,BRN,2020,447318.4,447318.4,1,0,1,,0.2583,total,MMR-BRN,MMR_2020,BRN_2020,-1.3536335788803424,UNComtrade,38.3599275,3.647013360023879
MMR,BRN,2021,345514.22,345514.22,1,0,1,,0.2493,total,MMR-BRN,MMR_2021,BRN_2021,-1.3890982884526248,UNComtrade,32.315192499999995,3.4755374756830357
MMR,BRN,2022,410258.99,410258.99,1,0,1,,0.2557,total,MMR-BRN,MMR_2022,BRN_2022,-1.3637503966849962,UNComtrade,36.2486375,3.5904017943874083
MMR,BRN,2023,295435.79,295435.79,1,0,1,,0.255,total,MMR-BRN,MMR_2023,BRN_2023,-1.3664917338237108,UNComtrade,47.246375,3.855375931419935
MMR,BRN,2024,170536.91,170536.91,1,0,1,,0.2619,total,MMR-BRN,MMR_2024,BRN_2024,-1.3397925274684708,UNComtrade,41.1990725,3.7184157439661565
MMR,CAN,2010,10229.21,10229.21,1,0,1,,0.1757,total,MMR-CAN,MMR_2010,CAN_2010,-1.7389772837890856,UNComtrade,25.45837,3.2370445690844782
MMR,CAN,2011,4027931.0,4027931.0,1,0,1,,0.1708,total,MMR-CAN,MMR_2011,CAN_2011,-1.7672619976276676,UNComtrade,25.64648,3.2444063302307993
MMR,CAN,2012,1782042.0,1782042.0,1,0,1,,0.1916,total,MMR-CAN,MMR_2012,CAN_2012,-1.652345413445377,UNComtrade,37.2916675,3.6187699102732784
MMR,CAN,2013,2682576.0,2682576.0,1,0,1,,0.2072,total,MMR-CAN,MMR_2013,CAN_2013,-1.5740707685968092,UNComtrade,39.9086675,3.6865935308811135
MMR,CAN,2014,4074733.067,4074733.067,1,0,1,,0.2056,total,MMR-CAN,MMR_2014,CAN_2014,-1.5818227454011269,UNComtrade,40.0606,3.6903933076592095
MMR,CAN,2015,7624331.407,7624331.407,1,0,1,,0.2257,total,MMR-CAN,MMR_2015,CAN_2015,-1.488548595158647,UNComtrade,47.5433,3.861640874752203
MMR,CAN,2016,32475093.59,32475093.59,1,0,1,,0.2397,total,MMR-CAN,MMR_2016,CAN_2016,-1.4283671375417983,UNComtrade,52.72942,3.9651735540508204
MMR,CAN,2017,60572388.044,60572388.044,1,0,1,,0.2362,total,MMR-CAN,MMR_2017,CAN_2017,-1.443076375218875,UNComtrade,44.97264,3.806054304863367
MMR,CAN,2018,82587309.85,82587309.85,1,0,1,,0.2436,total,MMR-CAN,MMR_2018,CAN_2018,-1.412227743146395,UNComtrade,43.4245575,3.7710251220925217
MMR,CAN,2019,99302404.04,99302404.04,1,0,1,,0.2169,total,MMR-CAN,MMR_2019,CAN_2019,-1.5283188611493084,UNComtrade,37.23075,3.617135032726036
MMR,CAN,2020,77769181.62,77769181.62,1,0,1,,0.2311,total,MMR-CAN,MMR_2020,CAN_2020,-1.464904761701802,UNComtrade,38.3599275,3.647013360023879
MMR,CAN,2021,47445872.492,47445872.492,1,0,1,,0.2261,total,MMR-CAN,MMR_2021,CAN_2021,-1.4867778996982128,UNComtrade,32.315192499999995,3.4755374756830357
MMR,CAN,2022,85510426.86,85510426.86,1,0,1,,0.2114,total,MMR-CAN,MMR_2022,CAN_2022,-1.5540032055459998,UNComtrade,36.2486375,3.5904017943874083
MMR,CAN,2023,54039077.93,54039077.93,1,0,1,,0.2222,total,MMR-CAN,MMR_2023,CAN_2023,-1.5041774017766074,UNComtrade,47.246375,3.855375931419935
MMR,CAN,2024,51809360.9,51809360.9,1,0,1,,0.2308,total,MMR-CAN,MMR_2024,CAN_2024,-1.4662037443481926,UNComtrade,41.1990725,3.7184157439661565
MMR,CHN,2010,260305745.437,260305745.437,1,0,1,,0.1838,total,MMR-CHN,MMR_2010,CHN_2010,-1.6939070690605504,UNComtrade,25.45837,3.2370445690844782
MMR,CHN,2011,1515277414.0,1515277414.0,1,0,1,,0.1786,total,MMR-CHN,MMR_2011,CHN_2011,-1.7226066105397384,UNComtrade,25.64648,3.2444063302307993
MMR,CHN,2012,1382899671.0,1382899671.0,1,0,1,,0.2021,total,MMR-CHN,MMR_2012,CHN_2012,-1.5989926545725617,UNComtrade,37.2916675,3.6187699102732784
MMR,CHN,2013,3053061802.0,3053061802.0,1,0,1,,0.2155,total,MMR-CHN,MMR_2013,CHN_2013,-1.5347943694383346,UNComtrade,39.9086675,3.6865935308811135
MMR,CHN,2014,4016638048.759,4016638048.759,1,0,1,,0.2159,total,MMR-CHN,MMR_2014,CHN_2014,-1.5329399414613754,UNComtrade,40.0606,3.6903933076592095
MMR,CHN,2015,4511614562.88,4511614562.88,1,0,1,,0.3071,total,MMR-CHN,MMR_2015,CHN_2015,-1.1805818515353603,UNComtrade,47.5433,3.861640874752203
MMR,CHN,2016,4766680647.67,4766680647.67,1,0,1,,0.3228,total,MMR-CHN,MMR_2016,CHN_2016,-1.1307223425863433,UNComtrade,52.72942,3.9651735540508204
MMR,CHN,2017,5397238887.112,5397238887.112,1,0,1,,0.3216,total,MMR-CHN,MMR_2017,CHN_2017,-1.1344467416773258,UNComtrade,44.97264,3.806054304863367
MMR,CHN,2018,5374919854.566,5374919854.566,1,0,1,,0.3263,total,MMR-CHN,MMR_2018,CHN_2018,-1.1199380753828625,UNComtrade,43.4245575,3.7710251220925217
MMR,CHN,2019,5753615476.367,5753615476.367,1,0,1,,0.298,total,MMR-CHN,MMR_2019,CHN_2019,-1.210661792476733,UNComtrade,37.23075,3.617135032726036
MMR,CHN,2020,5388653302.396,5388653302.396,1,0,1,,0.317,total,MMR-CHN,MMR_2020,CHN_2020,-1.1488535051048565,UNComtrade,38.3599275,3.647013360023879
MMR,CHN,2021,4479396309.407,4479396309.407,1,0,1,,0.3164,total,MMR-CHN,MMR_2021,CHN_2021,-1.150748043088638,UNComtrade,32.315192499999995,3.4755374756830357
MMR,CHN,2022,3687329861.683,3687329861.683,1,0,1,,0.2991,total,MMR-CHN,MMR_2022,CHN_2022,-1.2069773133462347,UNComtrade,36.2486375,3.5904017943874083
MMR,CHN,2023,3428022335.131,3428022335.131,1,0,1,,0.3133,total,MMR-CHN,MMR_2023,CHN_2023,-1.160594081023991,UNComtrade,47.246375,3.855375931419935
MMR,CHN,2024,3456722380.856,3456722380.856,1,0,1,,0.3239,total,MMR-CHN,MMR_2024,CHN_2024,-1.1273204528048533,UNComtrade,41.1990725,3.7184157439661565
MMR,DEU,2010,0.0,,0,1,1,,0.1839,total,MMR-DEU,MMR_2010,DEU_2010,-1.6933631473718616,UNComtrade (Confirmed Zero),25.45837,3.2370445690844782
MMR,DEU,2011,0.0,,0,1,1,,0.1769,total,MMR-DEU,MMR_2011,DEU_2011,-1.7321706778163974,UNComtrade (Confirmed Zero),25.64648,3.2444063302307993
MMR,DEU,2012,9199590.0,9199590.0,1,0,1,,0.2013,total,MMR-DEU,MMR_2012,DEU_2012,-1.6029589463363911,UNComtrade,37.2916675,3.6187699102732784
MMR,DEU,2013,26192569.0,26192569.0,1,0,1,,0.2148,total,MMR-DEU,MMR_2013,DEU_2013,-1.5380479163474274,UNComtrade,39.9086675,3.6865935308811135
MMR,DEU,2014,63497643.443,63497643.443,1,0,1,,0.2131,total,MMR-DEU,MMR_2014,DEU_2014,-1.5459937398775656,UNComtrade,40.0606,3.6903933076592095
MMR,DEU,2015,76048567.012,76048567.012,1,0,1,,0.2372,total,MMR-DEU,MMR_2015,DEU_2015,-1.4388516118585666,UNComtrade,47.5433,3.861640874752203
MMR,DEU,2016,172359994.31,172359994.31,1,0,1,,0.2543,total,MMR-DEU,MMR_2016,DEU_2016,-1.369240606554063,UNComtrade,52.72942,3.9651735540508204
MMR,DEU,2017,360347009.265,360347009.265,1,0,1,,0.2526,total,MMR-DEU,MMR_2017,DEU_2017,-1.3759480690657464,UNComtrade,44.97264,3.806054304863367
MMR,DEU,2018,512803845.48,512803845.48,1,0,1,,0.2584,total,MMR-DEU,MMR_2018,DEU_2018,-1.35324650707369,UNComtrade,43.4245575,3.7710251220925217
MMR,DEU,2019,641724142.01,641724142.01,1,0,1,,0.2262,total,MMR-DEU,MMR_2019,DEU_2019,-1.4863357153001169,UNComtrade,37.23075,3.617135032726036
MMR,DEU,2020,591413253.89,591413253.89,1,0,1,,0.24,total,MMR-DEU,MMR_2020,DEU_2020,-1.4271163556401458,UNComtrade,38.3599275,3.647013360023879
MMR,DEU,2021,455664702.506,455664702.506,1,0,1,,0.2368,total,MMR-DEU,MMR_2021,DEU_2021,-1.4405393759722864,UNComtrade,32.315192499999995,3.4755374756830357
MMR,DEU,2022,679882259.95,679882259.95,1,0,1,,0.2223,total,MMR-DEU,MMR_2022,DEU_2022,-1.5037274580119862,UNComtrade,36.2486375,3.5904017943874083
MMR,DEU,2023,519104536.55,519104536.55,1,0,1,,0.231,total,MMR-DEU,MMR_2023,DEU_2023,-1.4653375684603434,UNComtrade,47.246375,3.855375931419935
MMR,DEU,2024,631960923.95,631960923.95,1,0,1,,0.2417,total,MMR-DEU,MMR_2024,DEU_2024,-1.4200579912726998,UNComtrade,41.1990725,3.7184157439661565
MMR,FRA,2010,0.0,,0,1,1,,0.185,total,MMR-FRA,MMR_2010,FRA_2010,-1.6873994539038122,UNComtrade (Confirmed Zero),25.45837,3.2370445690844782
MMR,FRA,2011,0.0,,0,1,1,,0.1789,total,MMR-FRA,MMR_2011,FRA_2011,-1.7209282884674637,UNComtrade (Confirmed Zero),25.64648,3.2444063302307993
MMR,FRA,2012,0.0,,0,1,1,,0.2016,total,MMR-FRA,MMR_2012,FRA_2012,-1.6014697427849236,UNComtrade (Confirmed Zero),37.2916675,3.6187699102732784
MMR,FRA,2013,0.0,,0,1,1,,0.2174,total,MMR-FRA,MMR_2013,FRA_2013,-1.526016304295028,UNComtrade (Confirmed Zero),39.9086675,3.6865935308811135
MMR,FRA,2014,0.0,,0,1,1,,0.2152,total,MMR-FRA,MMR_2014,FRA_2014,-1.5361874506945077,UNComtrade (Confirmed Zero),40.0606,3.6903933076592095
MMR,FRA,2015,0.0,,0,1,1,,0.2423,total,MMR-FRA,MMR_2015,FRA_2015,-1.417578651159657,UNComtrade (Confirmed Zero),47.5433,3.861640874752203
MMR,FRA,2016,0.0,,0,1,1,,0.254,total,MMR-FRA,MMR_2016,FRA_2016,-1.3704210119636004,UNComtrade (Confirmed Zero),52.72942,3.9651735540508204
MMR,FRA,2017,0.0,,0,1,1,,0.2508,total,MMR-FRA,MMR_2017,FRA_2017,-1.3830994702233714,UNComtrade (Confirmed Zero),44.97264,3.806054304863367
MMR,FRA,2018,0.0,,0,1,1,,0.2562,total,MMR-FRA,MMR_2018,FRA_2018,-1.3617968895195032,UNComtrade (Confirmed Zero),43.4245575,3.7710251220925217
MMR,FRA,2019,0.0,,0,1,1,,0.2264,total,MMR-FRA,MMR_2019,FRA_2019,-1.4854519326531093,UNComtrade (Confirmed Zero),37.23075,3.617135032726036
MMR,FRA,2020,0.0,,0,1,1,,0.2414,total,MMR-FRA,MMR_2020,FRA_2020,-1.421299970318706,UNComtrade (Confirmed Zero),38.3599275,3.647013360023879
MMR,FRA,2021,0.0,,0,1,1,,0.238,total,MMR-FRA,MMR_2021,FRA_2021,-1.4354846053106625,UNComtrade (Confirmed Zero),32.315192499999995,3.4755374756830357
MMR,FRA,2022,0.0,,0,1,1,,0.223,total,MMR-FRA,MMR_2022,FRA_2022,-1.5005835075220182,UNComtrade (Confirmed Zero),36.2486375,3.5904017943874083
MMR,FRA,2023,0.0,,0,1,1,,0.2322,total,MMR-FRA,MMR_2023,FRA_2023,-1.460156209718346,UNComtrade (Confirmed Zero),47.246375,3.855375931419935
MMR,FRA,2024,0.0,,0,1,1,,0.2445,total,MMR-FRA,MMR_2024,FRA_2024,-1.4085399700672103,UNComtrade (Confirmed Zero),41.1990725,3.7184157439661565
MMR,GBR,2010,35242959.894,35242959.894,1,0,1,,0.1871,total,MMR-GBR,MMR_2010,GBR_2010,-1.6761120457020933,UNComtrade,25.45837,3.2370445690844782
MMR,GBR,2011,97365417.0,97365417.0,1,0,1,,0.1802,total,MMR-GBR,MMR_2011,GBR_2011,-1.7136879338078994,UNComtrade,25.64648,3.2444063302307993
MMR,GBR,2012,10052799.0,10052799.0,1,0,1,,0.2024,total,MMR-GBR,MMR_2012,GBR_2012,-1.5975093415688266,UNComtrade,37.2916675,3.6187699102732784
MMR,GBR,2013,56143705.0,56143705.0,1,0,1,,0.2174,total,MMR-GBR,MMR_2013,GBR_2013,-1.526016304295028,UNComtrade,39.9086675,3.6865935308811135
MMR,GBR,2014,58284696.67,58284696.67,1,0,1,,0.2154,total,MMR-GBR,MMR_2014,GBR_2014,-1.5352585142598487,UNComtrade,40.0606,3.6903933076592095
MMR,GBR,2015,36182502.38,36182502.38,1,0,1,,0.2418,total,MMR-GBR,MMR_2015,GBR_2015,-1.4196443408014447,UNComtrade,47.5433,3.861640874752203
MMR,GBR,2016,68986229.14,68986229.14,1,0,1,,0.2567,total,MMR-GBR,MMR_2016,GBR_2016,-1.3598471911050425,UNComtrade,52.72942,3.9651735540508204
MMR,GBR,2017,288874895.41,288874895.41,1,0,1,,0.2533,total,MMR-GBR,MMR_2017,GBR_2017,-1.3731807219745074,UNComtrade,44.97264,3.806054304863367
MMR,GBR,2018,420713661.74,420713661.74,1,0,1,,0.2603,total,MMR-GBR,MMR_2018,GBR_2018,-1.3459204669816174,UNComtrade,43.4245575,3.7710251220925217
MMR,GBR,2019,535863535.01,535863535.01,1,0,1,,0.2307,total,MMR-GBR,MMR_2019,GBR_2019,-1.4666371138024292,UNComtrade,37.23075,3.617135032726036
MMR,GBR,2020,488346588.47,488346588.47,1,0,1,,0.2466,total,MMR-GBR,MMR_2020,GBR_2020,-1.3999876882518931,UNComtrade,38.3599275,3.647013360023879
MMR,GBR,2021,393465885.465,393465885.465,1,0,1,,0.2443,total,MMR-GBR,MMR_2021,GBR_2021,-1.4093583007184425,UNComtrade,32.315192499999995,3.4755374756830357
MMR,GBR,2022,623245201.47,623245201.47,1,0,1,,0.2284,total,MMR-GBR,MMR_2022,GBR_2022,-1.476656801200282,UNComtrade,36.2486375,3.5904017943874083
MMR,GBR,2023,346373637.99,346373637.99,1,0,1,,0.2394,total,MMR-GBR,MMR_2023,GBR_2023,-1.4296194858582645,UNComtrade,47.246375,3.855375931419935
MMR,GBR,2024,200482871.89,200482871.89,1,0,1,,0.2478,total,MMR-GBR,MMR_2024,GBR_2024,-1.395133309787095,UNComtrade,41.1990725,3.7184157439661565
MMR,HKG,2010,1591875394.495,1591875394.495,1,0,1,,0.1833,total,MMR-HKG,MMR_2010,HKG_2010,-1.6966311241364778,UNComtrade,25.45837,3.2370445690844782
MMR,HKG,2011,552758374.0,552758374.0,1,0,1,,0.1773,total,MMR-HKG,MMR_2011,HKG_2011,-1.7299120659019749,UNComtrade,25.64648,3.2444063302307993
MMR,HKG,2012,142569022.0,142569022.0,1,0,1,,0.2006,total,MMR-HKG,MMR_2012,HKG_2012,-1.606442403454302,UNComtrade,37.2916675,3.6187699102732784
MMR,HKG,2013,373260054.0,373260054.0,1,0,1,,0.214,total,MMR-HKG,MMR_2013,HKG_2013,-1.5417792639602856,UNComtrade,39.9086675,3.6865935308811135
MMR,HKG,2014,346256369.057,346256369.057,1,0,1,,0.2122,total,MMR-HKG,MMR_2014,HKG_2014,-1.5502260528022542,UNComtrade,40.0606,3.6903933076592095
MMR,HKG,2015,275631490.999,275631490.999,1,0,1,,0.3036,total,MMR-HKG,MMR_2015,HKG_2015,-1.1920442334606622,UNComtrade,47.5433,3.861640874752203
MMR,HKG,2016,192611260.32,192611260.32,1,0,1,,0.3146,total,MMR-HKG,MMR_2016,HKG_2016,-1.1564532883579597,UNComtrade,52.72942,3.9651735540508204
MMR,HKG,2017,81200144.96,81200144.96,1,0,1,,0.3114,total,MMR-HKG,MMR_2017,HKG_2017,-1.1666770195822391,UNComtrade,44.97264,3.806054304863367
MMR,HKG,2018,573513553.762,573513553.762,1,0,1,,0.3166,total,MMR-HKG,MMR_2018,HKG_2018,-1.1501161315352253,UNComtrade,43.4245575,3.7710251220925217
MMR,HKG,2019,331201232.58,331201232.58,1,0,1,,0.2856,total,MMR-HKG,MMR_2019,HKG_2019,-1.2531630485167076,UNComtrade,37.23075,3.617135032726036
MMR,HKG,2020,96303473.63,96303473.63,1,0,1,,0.3062,total,MMR-HKG,MMR_2020,HKG_2020,-1.1835167957585535,UNComtrade,38.3599275,3.647013360023879
MMR,HKG,2021,93877226.58,93877226.58,1,0,1,,0.3051,total,MMR-HKG,MMR_2021,HKG_2021,-1.1871156872595132,UNComtrade,32.315192499999995,3.4755374756830357
MMR,HKG,2022,118901861.791,118901861.791,1,0,1,,0.2887,total,MMR-HKG,MMR_2022,HKG_2022,-1.2423671923132475,UNComtrade,36.2486375,3.5904017943874083
MMR,HKG,2023,108238577.081,108238577.081,1,0,1,,0.2376,total,MMR-HKG,MMR_2023,HKG_2023,-1.4371666914936472,UNComtrade,47.246375,3.855375931419935
MMR,HKG,2024,147080191.4,147080191.4,1,0,1,,0.312,total,MMR-HKG,MMR_2024,HKG_2024,-1.1647520911726548,UNComtrade,41.1990725,3.7184157439661565
MMR,IDN,2010,41861801.33,41861801.33,1,0,1,,0.1747,total,MMR-IDN,MMR_2010,IDN_2010,-1.744685061842126,UNComtrade,25.45837,3.2370445690844782
MMR,IDN,2011,35779588.0,35779588.0,1,0,1,,0.1679,total,MMR-IDN,MMR_2011,IDN_2011,-1.784386714898642,UNComtrade,25.64648,3.2444063302307993
MMR,IDN,2012,23912395.0,23912395.0,1,0,1,,0.2504,total,MMR-IDN,MMR_2012,IDN_2012,-1.3846956397561936,UNComtrade,37.2916675,3.6187699102732784
MMR,IDN,2013,31261182.0,31261182.0,1,0,1,,0.1967,total,MMR-IDN,MMR_2013,IDN_2013,-1.6260755535871236,UNComtrade,39.9086675,3.6865935308811135
MMR,IDN,2014,85539025.42,85539025.42,1,0,1,,0.1957,total,MMR-IDN,MMR_2014,IDN_2014,-1.6311724045801064,UNComtrade,40.0606,3.6903933076592095
MMR,IDN,2015,139098498.842,139098498.842,1,0,1,,0.2128,total,MMR-IDN,MMR_2015,IDN_2015,-1.547402521514648,UNComtrade,47.5433,3.861640874752203
MMR,IDN,2016,116815195.53,116815195.53,1,0,1,,0.2213,total,MMR-IDN,MMR_2016,IDN_2016,-1.5082360319251331,UNComtrade,52.72942,3.9651735540508204
MMR,IDN,2017,118648262.512,118648262.512,1,0,1,,0.2846,total,MMR-IDN,MMR_2017,IDN_2017,-1.256670593326385,UNComtrade,44.97264,3.806054304863367
MMR,IDN,2018,121234081.18,121234081.18,1,0,1,,0.2971,total,MMR-IDN,MMR_2018,IDN_2018,-1.2136864965135752,UNComtrade,43.4245575,3.7710251220925217
MMR,IDN,2019,160027611.12,160027611.12,1,0,1,,0.2711,total,MMR-IDN,MMR_2019,IDN_2019,-1.3052675224775172,UNComtrade,37.23075,3.617135032726036
MMR,IDN,2020,164737590.45,164737590.45,1,0,1,,0.2848,total,MMR-IDN,MMR_2020,IDN_2020,-1.2559680994443163,UNComtrade,38.3599275,3.647013360023879
MMR,IDN,2021,115336701.102,115336701.102,1,0,1,,0.2779,total,MMR-IDN,MMR_2021,IDN_2021,-1.2804939422336792,UNComtrade,32.315192499999995,3.4755374756830357
MMR,IDN,2022,93670163.71,93670163.71,1,0,1,,0.2015,total,MMR-IDN,MMR_2022,IDN_2022,-1.6019658975953994,UNComtrade,36.2486375,3.5904017943874083
MMR,IDN,2023,136435531.36,136435531.36,1,0,1,,0.2853,total,MMR-IDN,MMR_2023,IDN_2023,-1.2542140207626828,UNComtrade,47.246375,3.855375931419935
MMR,IDN,2024,513598215.08,513598215.08,1,0,1,,0.2914,total,MMR-IDN,MMR_2024,IDN_2024,-1.2330583852210326,UNComtrade,41.1990725,3.7184157439661565
MMR,IND,2010,958167298.844,958167298.844,1,0,1,,0.244,total,MMR-IND,MMR_2010,IND_2010,-1.410587053688935,UNComtrade,25.45837,3.2370445690844782
MMR,IND,2011,929207677.0,929207677.0,1,0,1,,0.237,total,MMR-IND,MMR_2011,IND_2011,-1.439695137847006,UNComtrade,25.64648,3.2444063302307993
MMR,IND,2012,2763499523.0,2763499523.0,1,0,1,,0.2613,total,MMR-IND,MMR_2012,IND_2012,-1.3420861064555702,UNComtrade,37.2916675,3.6187699102732784
MMR,IND,2013,811530006.0,811530006.0,1,0,1,,0.2736,total,MMR-IND,MMR_2013,IND_2013,-1.2960880932337415,UNComtrade,39.9086675,3.6865935308811135
MMR,IND,2014,835583248.483,835583248.483,1,0,1,,0.2734,total,MMR-IND,MMR_2014,IND_2014,-1.296819354692288,UNComtrade,40.0606,3.6903933076592095
MMR,IND,2015,958227139.299,958227139.299,1,0,1,,0.2919,total,MMR-IND,MMR_2015,IND_2015,-1.231344001122068,UNComtrade,47.5433,3.861640874752203
MMR,IND,2016,1038113879.51,1038113879.51,1,0,1,,0.309,total,MMR-IND,MMR_2016,IND_2016,-1.1744140020843916,UNComtrade,52.72942,3.9651735540508204
MMR,IND,2017,708130078.775,708130078.775,1,0,1,,0.3071,total,MMR-IND,MMR_2017,IND_2017,-1.1805818515353603,UNComtrade,44.97264,3.806054304863367
MMR,IND,2018,618391099.129,618391099.129,1,0,1,,0.2434,total,MMR-IND,MMR_2018,IND_2018,-1.4130490984287103,UNComtrade,43.4245575,3.7710251220925217
MMR,IND,2019,635230715.985,635230715.985,1,0,1,,0.2169,total,MMR-IND,MMR_2019,IND_2019,-1.5283188611493084,UNComtrade,37.23075,3.617135032726036
MMR,IND,2020,695595211.325,695595211.325,1,0,1,,0.2352,total,MMR-IND,MMR_2020,IND_2020,-1.447319062957665,UNComtrade,38.3599275,3.647013360023879
MMR,IND,2021,858000003.285,858000003.285,1,0,1,,0.2331,total,MMR-IND,MMR_2021,IND_2021,-1.4562877329404256,UNComtrade,32.315192499999995,3.4755374756830357
MMR,IND,2022,900070201.508,900070201.508,1,0,1,,0.2198,total,MMR-IND,MMR_2022,IND_2022,-1.5150372370126162,UNComtrade,36.2486375,3.5904017943874083
MMR,IND,2023,839430998.452,839430998.452,1,0,1,,0.2345,total,MMR-IND,MMR_2023,IND_2023,-1.450299691095803,UNComtrade,47.246375,3.855375931419935
MMR,IND,2024,1275728434.22,1275728434.22,1,0,1,,0.2443,total,MMR-IND,MMR_2024,IND_2024,-1.4093583007184425,UNComtrade,41.1990725,3.7184157439661565
MMR,ITA,2010,5912484.729,5912484.729,1,0,1,,0.1834,total,MMR-ITA,MMR_2010,ITA_2010,-1.6960857191597725,UNComtrade,25.45837,3.2370445690844782
MMR,ITA,2011,4537479.0,4537479.0,1,0,1,,0.1765,total,MMR-ITA,MMR_2011,ITA_2011,-1.7344344026087857,UNComtrade,25.64648,3.2444063302307993
MMR,ITA,2012,322401007.0,322401007.0,1,0,1,,0.2013,total,MMR-ITA,MMR_2012,ITA_2012,-1.6029589463363911,UNComtrade,37.2916675,3.6187699102732784
MMR,ITA,2013,12559980.0,12559980.0,1,0,1,,0.2149,total,MMR-ITA,MMR_2013,ITA_2013,-1.5375824753336722,UNComtrade,39.9086675,3.6865935308811135
MMR,ITA,2014,19606668.17,19606668.17,1,0,1,,0.2127,total,MMR-ITA,MMR_2014,ITA_2014,-1.5478725567759457,UNComtrade,40.0606,3.6903933076592095
MMR,ITA,2015,22371715.339,22371715.339,1,0,1,,0.2384,total,MMR-ITA,MMR_2015,ITA_2015,-1.4338053437909424,UNComtrade,47.5433,3.861640874752203
MMR,ITA,2016,43865397.49,43865397.49,1,0,1,,0.2533,total,MMR-ITA,MMR_2016,ITA_2016,-1.3731807219745074,UNComtrade,52.72942,3.9651735540508204
MMR,ITA,2017,96702159.226,96702159.226,1,0,1,,0.2523,total,MMR-ITA,MMR_2017,ITA_2017,-1.3771364233351249,UNComtrade,44.97264,3.806054304863367
MMR,ITA,2018,181186250.96,181186250.96,1,0,1,,0.259,total,MMR-ITA,MMR_2018,ITA_2018,-1.3509272172825992,UNComtrade,43.4245575,3.7710251220925217
MMR,ITA,2019,214167489.26,214167489.26,1,0,1,,0.2288,total,MMR-ITA,MMR_2019,ITA_2019,-1.4749070194764942,UNComtrade,37.23075,3.617135032726036
MMR,ITA,2020,188273364.12,188273364.12,1,0,1,,0.2418,total,MMR-ITA,MMR_2020,ITA_2020,-1.4196443408014447,UNComtrade,38.3599275,3.647013360023879
MMR,ITA,2021,172275252.17,172275252.17,1,0,1,,0.233,total,MMR-ITA,MMR_2021,ITA_2021,-1.4567168254164364,UNComtrade,32.315192499999995,3.4755374756830357
MMR,ITA,2022,308893323.7,308893323.7,1,0,1,,0.2252,total,MMR-ITA,MMR_2022,ITA_2022,-1.4907663827166018,UNComtrade,36.2486375,3.5904017943874083
MMR,ITA,2023,287390217.92,287390217.92,1,0,1,,0.2378,total,MMR-ITA,MMR_2023,ITA_2023,-1.4363252947254554,UNComtrade,47.246375,3.855375931419935
MMR,ITA,2024,293410081.9,293410081.9,1,0,1,,0.2443,total,MMR-ITA,MMR_2024,ITA_2024,-1.4093583007184425,UNComtrade,41.1990725,3.7184157439661565
MMR,JPN,2010,217743727.256,217743727.256,1,0,1,,0.1802,total,MMR-JPN,MMR_2010,JPN_2010,-1.7136879338078994,UNComtrade,25.45837,3.2370445690844782
MMR,JPN,2011,310009029.0,310009029.0,1,0,1,,0.1734,total,MMR-JPN,MMR_2011,JPN_2011,-1.7521542146356957,UNComtrade,25.64648,3.2444063302307993
MMR,JPN,2012,373643242.0,373643242.0,1,0,1,,0.1958,total,MMR-JPN,MMR_2012,JPN_2012,-1.630661548885727,UNComtrade,37.2916675,3.6187699102732784
MMR,JPN,2013,779976011.0,779976011.0,1,0,1,,0.2106,total,MMR-JPN,MMR_2013,JPN_2013,-1.557794679282262,UNComtrade,39.9086675,3.6865935308811135
MMR,JPN,2014,532034719.559,532034719.559,1,0,1,,0.2083,total,MMR-JPN,MMR_2014,JPN_2014,-1.5687759307152107,UNComtrade,40.0606,3.6903933076592095
MMR,JPN,2015,429546383.057,429546383.057,1,0,1,,0.234,total,MMR-JPN,MMR_2015,JPN_2015,-1.4524341636244356,UNComtrade,47.5433,3.861640874752203
MMR,JPN,2016,663433716.35,663433716.35,1,0,1,,0.3101,total,MMR-JPN,MMR_2016,JPN_2016,-1.1708604528757338,UNComtrade,52.72942,3.9651735540508204
MMR,JPN,2017,903025915.691,903025915.691,1,0,1,,0.3087,total,MMR-JPN,MMR_2017,JPN_2017,-1.1753853474740237,UNComtrade,44.97264,3.806054304863367
MMR,JPN,2018,1412151874.23,1412151874.23,1,0,1,,0.3113,total,MMR-JPN,MMR_2018,JPN_2018,-1.1669982015345746,UNComtrade,43.4245575,3.7710251220925217
MMR,JPN,2019,1435525662.91,1435525662.91,1,0,1,,0.2158,total,MMR-JPN,MMR_2019,JPN_2019,-1.5334032261581028,UNComtrade,37.23075,3.617135032726036
MMR,JPN,2020,1240810228.547,1240810228.547,1,0,1,,0.2343,total,MMR-JPN,MMR_2020,JPN_2020,-1.451152933468387,UNComtrade,38.3599275,3.647013360023879
MMR,JPN,2021,907804710.146,907804710.146,1,0,1,,0.2312,total,MMR-JPN,MMR_2021,JPN_2021,-1.4644721421839146,UNComtrade,32.315192499999995,3.4755374756830357
MMR,JPN,2022,1211864882.39,1211864882.39,1,0,1,,0.2118,total,MMR-JPN,MMR_2022,JPN_2022,-1.552112845814831,UNComtrade,36.2486375,3.5904017943874083
MMR,JPN,2023,1200128027.22,1200128027.22,1,0,1,,0.2254,total,MMR-JPN,MMR_2023,JPN_2023,-1.4898786773764612,UNComtrade,47.246375,3.855375931419935
MMR,JPN,2024,1073788072.17,1073788072.17,1,0,1,,0.3073,total,MMR-JPN,MMR_2024,JPN_2024,-1.179930809845698,UNComtrade,41.1990725,3.7184157439661565
MMR,KHM,2010,0.0,,0,1,1,,0.1589,total,MMR-KHM,MMR_2010,KHM_2010,-1.8394802054394668,UNComtrade (Confirmed Zero),25.45837,3.2370445690844782
MMR,KHM,2011,43164.0,43164.0,1,0,1,,0.1561,total,MMR-KHM,MMR_2011,KHM_2011,-1.8572584514607504,UNComtrade,25.64648,3.2444063302307993
MMR,KHM,2012,19140.0,19140.0,1,0,1,,0.1633,total,MMR-KHM,MMR_2012,KHM_2012,-1.8121662790057176,UNComtrade,37.2916675,3.6187699102732784
MMR,KHM,2013,340432.0,340432.0,1,0,1,,0.1622,total,MMR-KHM,MMR_2013,KHM_2013,-1.8189251373008244,UNComtrade,39.9086675,3.6865935308811135
MMR,KHM,2014,462084.55,462084.55,1,0,1,,0.1628,total,MMR-KHM,MMR_2014,KHM_2014,-1.815232825413697,UNComtrade,40.0606,3.6903933076592095
MMR,KHM,2015,1810.76,1810.76,1,0,1,,0.2492,total,MMR-KHM,MMR_2015,KHM_2015,-1.389499492068839,UNComtrade,47.5433,3.861640874752203
MMR,KHM,2016,2549079.51,2549079.51,1,0,1,,0.2012,total,MMR-KHM,MMR_2016,KHM_2016,-1.603455840756553,UNComtrade,52.72942,3.9651735540508204
MMR,KHM,2017,2592484.31,2592484.31,1,0,1,,0.1994,total,MMR-KHM,MMR_2017,KHM_2017,-1.612442421454399,UNComtrade,44.97264,3.806054304863367
MMR,KHM,2018,8037883.45,8037883.45,1,0,1,,0.1981,total,MMR-KHM,MMR_2018,KHM_2018,-1.6189833252776318,UNComtrade,43.4245575,3.7710251220925217
MMR,KHM,2019,17070028.7,17070028.7,1,0,1,,0.1933,total,MMR-KHM,MMR_2019,KHM_2019,-1.6435118927678518,UNComtrade,37.23075,3.617135032726036
MMR,KHM,2020,30600889.7,30600889.7,1,0,1,,0.2028,total,MMR-KHM,MMR_2020,KHM_2020,-1.5955350072651089,UNComtrade,38.3599275,3.647013360023879
MMR,KHM,2021,12242463.746,12242463.746,1,0,1,,0.2055,total,MMR-KHM,MMR_2021,KHM_2021,-1.5823092450458478,UNComtrade,32.315192499999995,3.4755374756830357
MMR,KHM,2022,7940060.73,7940060.73,1,0,1,,0.1928,total,MMR-KHM,MMR_2022,KHM_2022,-1.6461018968056915,UNComtrade,36.2486375,3.5904017943874083
MMR,KHM,2023,18018949.16,18018949.16,1,0,1,,0.2623,total,MMR-KHM,MMR_2023,KHM_2023,-1.3382663921093092,UNComtrade,47.246375,3.855375931419935
MMR,KHM,2024,41362134.57,41362134.57,1,0,1,,0.2737,total,MMR-KHM,MMR_2024,KHM_2024,-1.2957226629355036,UNComtrade,41.1990725,3.7184157439661565
MMR,KOR,2010,127124412.656,127124412.656,1,0,1,,0.1814,total,MMR-KOR,MMR_2010,KOR_2010,-1.707050741301101,UNComtrade,25.45837,3.2370445690844782
MMR,KOR,2011,206988380.0,206988380.0,1,0,1,,0.177,total,MMR-KOR,MMR_2011,KOR_2011,-1.731605546408308,UNComtrade,25.64648,3.2444063302307993
MMR,KOR,2012,294807901.0,294807901.0,1,0,1,,0.2002,total,MMR-KOR,MMR_2012,KOR_2012,-1.608438412101017,UNComtrade,37.2916675,3.6187699102732784
MMR,KOR,2013,326891774.0,326891774.0,1,0,1,,0.2138,total,MMR-KOR,MMR_2013,KOR_2013,-1.5427142803911922,UNComtrade,39.9086675,3.6865935308811135
MMR,KOR,2014,376723358.715,376723358.715,1,0,1,,0.2114,total,MMR-KOR,MMR_2014,KOR_2014,-1.5540032055459998,UNComtrade,40.0606,3.6903933076592095
MMR,KOR,2015,266081219.17,266081219.17,1,0,1,,0.303,total,MMR-KOR,MMR_2015,KOR_2015,-1.194022473472768,UNComtrade,47.5433,3.861640874752203
MMR,KOR,2016,334815930.96,334815930.96,1,0,1,,0.3175,total,MMR-KOR,MMR_2016,KOR_2016,-1.1472774606493907,UNComtrade,52.72942,3.9651735540508204
MMR,KOR,2017,300656873.019,300656873.019,1,0,1,,0.3146,total,MMR-KOR,MMR_2017,KOR_2017,-1.1564532883579597,UNComtrade,44.97264,3.806054304863367
MMR,KOR,2018,467725687.82,467725687.82,1,0,1,,0.3222,total,MMR-KOR,MMR_2018,KOR_2018,-1.132582808239263,UNComtrade,43.4245575,3.7710251220925217
MMR,KOR,2019,530638904.81,530638904.81,1,0,1,,0.2304,total,MMR-KOR,MMR_2019,KOR_2019,-1.4679383501604009,UNComtrade,37.23075,3.617135032726036
MMR,KOR,2020,438012702.49,438012702.49,1,0,1,,0.3109,total,MMR-KOR,MMR_2020,KOR_2020,-1.168283961917429,UNComtrade,38.3599275,3.647013360023879
MMR,KOR,2021,295925268.103,295925268.103,1,0,1,,0.243,total,MMR-KOR,MMR_2021,KOR_2021,-1.4146938356415886,UNComtrade,32.315192499999995,3.4755374756830357
MMR,KOR,2022,340135700.53,340135700.53,1,0,1,,0.2264,total,MMR-KOR,MMR_2022,KOR_2022,-1.4854519326531093,UNComtrade,36.2486375,3.5904017943874083
MMR,KOR,2023,404393726.83,404393726.83,1,0,1,,0.3102,total,MMR-KOR,MMR_2023,KOR_2023,-1.1705380282396989,UNComtrade,47.246375,3.855375931419935
MMR,KOR,2024,449384247.29,449384247.29,1,0,1,,0.3202,total,MMR-KOR,MMR_2024,KOR_2024,-1.1388094784195228,UNComtrade,41.1990725,3.7184157439661565
MMR,LAO,2010,4452.0,4452.0,1,0,1,,,total,MMR-LAO,MMR_2010,LAO_2010,,UNComtrade,25.45837,3.2370445690844782
MMR,LAO,2011,15541.0,15541.0,1,0,1,,,total,MMR-LAO,MMR_2011,LAO_2011,,UNComtrade,25.64648,3.2444063302307993
MMR,LAO,2012,141998.0,141998.0,1,0,1,,,total,MMR-LAO,MMR_2012,LAO_2012,,UNComtrade,37.2916675,3.6187699102732784
MMR,LAO,2013,400177.0,400177.0,1,0,1,,,total,MMR-LAO,MMR_2013,LAO_2013,,UNComtrade,39.9086675,3.6865935308811135
MMR,LAO,2014,605549.05,605549.05,1,0,1,,,total,MMR-LAO,MMR_2014,LAO_2014,,UNComtrade,40.0606,3.6903933076592095
MMR,LAO,2015,474433.98,474433.98,1,0,1,,,total,MMR-LAO,MMR_2015,LAO_2015,,UNComtrade,47.5433,3.861640874752203
MMR,LAO,2016,41479.7,41479.7,1,0,1,,,total,MMR-LAO,MMR_2016,LAO_2016,,UNComtrade,52.72942,3.9651735540508204
MMR,LAO,2017,82750.0,82750.0,1,0,1,,,total,MMR-LAO,MMR_2017,LAO_2017,,UNComtrade,44.97264,3.806054304863367
MMR,LAO,2018,16673.95,16673.95,1,0,1,,,total,MMR-LAO,MMR_2018,LAO_2018,,UNComtrade,43.4245575,3.7710251220925217
MMR,LAO,2019,532255.3,532255.3,1,0,1,,,total,MMR-LAO,MMR_2019,LAO_2019,,UNComtrade,37.23075,3.617135032726036
MMR,LAO,2020,330749.99,330749.99,1,0,1,,,total,MMR-LAO,MMR_2020,LAO_2020,,UNComtrade,38.3599275,3.647013360023879
MMR,LAO,2021,330106.39,330106.39,1,0,1,,,total,MMR-LAO,MMR_2021,LAO_2021,,UNComtrade,32.315192499999995,3.4755374756830357
MMR,LAO,2022,51095.0,51095.0,1,0,1,,,total,MMR-LAO,MMR_2022,LAO_2022,,UNComtrade,36.2486375,3.5904017943874083
MMR,LAO,2023,107697.15,107697.15,1,0,1,,,total,MMR-LAO,MMR_2023,LAO_2023,,UNComtrade,47.246375,3.855375931419935
MMR,LAO,2024,109588.34,109588.34,1,0,1,,,total,MMR-LAO,MMR_2024,LAO_2024,,UNComtrade,41.1990725,3.7184157439661565
MMR,MYS,2010,433440088.006,433440088.006,1,0,1,,0.2465,total,MMR-MYS,MMR_2010,MYS_2010,-1.4003932854993923,UNComtrade,25.45837,3.2370445690844782
MMR,MYS,2011,190448813.0,190448813.0,1,0,1,,0.2403,total,MMR-MYS,MMR_2011,MYS_2011,-1.4258671362397135,UNComtrade,25.64648,3.2444063302307993
MMR,MYS,2012,427520400.0,427520400.0,1,0,1,,0.2663,total,MMR-MYS,MMR_2012,MYS_2012,-1.3231317861622505,UNComtrade,37.2916675,3.6187699102732784
MMR,MYS,2013,243425916.0,243425916.0,1,0,1,,0.2803,total,MMR-MYS,MMR_2013,MYS_2013,-1.2718948208113945,UNComtrade,39.9086675,3.6865935308811135
MMR,MYS,2014,255600032.139,255600032.139,1,0,1,,0.28,total,MMR-MYS,MMR_2014,MYS_2014,-1.272965675812887,UNComtrade,40.0606,3.6903933076592095
MMR,MYS,2015,162919035.927,162919035.927,1,0,1,,0.3048,total,MMR-MYS,MMR_2015,MYS_2015,-1.1880994551696458,UNComtrade,47.5433,3.861640874752203
MMR,MYS,2016,144359278.72,144359278.72,1,0,1,,0.319,total,MMR-MYS,MMR_2016,MYS_2016,-1.1425641761972924,UNComtrade,52.72942,3.9651735540508204
MMR,MYS,2017,187794526.44,187794526.44,1,0,1,,0.3151,total,MMR-MYS,MMR_2017,MYS_2017,-1.1548652302189082,UNComtrade,44.97264,3.806054304863367
MMR,MYS,2018,241516789.88,241516789.88,1,0,1,,0.3215,total,MMR-MYS,MMR_2018,MYS_2018,-1.1347577353044629,UNComtrade,43.4245575,3.7710251220925217
MMR,MYS,2019,198246249.31,198246249.31,1,0,1,,0.2929,total,MMR-MYS,MMR_2019,MYS_2019,-1.2279240251484491,UNComtrade,37.23075,3.617135032726036
MMR,MYS,2020,195575547.59,195575547.59,1,0,1,,0.3115,total,MMR-MYS,MMR_2020,MYS_2020,-1.1663559407546291,UNComtrade,38.3599275,3.647013360023879
MMR,MYS,2021,303970809.845,303970809.845,1,0,1,,0.3102,total,MMR-MYS,MMR_2021,MYS_2021,-1.1705380282396989,UNComtrade,32.315192499999995,3.4755374756830357
MMR,MYS,2022,298915176.1,298915176.1,1,0,1,,0.2931,total,MMR-MYS,MMR_2022,MYS_2022,-1.2272414312652902,UNComtrade,36.2486375,3.5904017943874083
MMR,MYS,2023,171996915.44,171996915.44,1,0,1,,0.307,total,MMR-MYS,MMR_2023,MYS_2023,-1.18090753139494,UNComtrade,47.246375,3.855375931419935
MMR,MYS,2024,237897123.34,237897123.34,1,0,1,,0.3174,total,MMR-MYS,MMR_2024,MYS_2024,-1.1475924708898284,UNComtrade,41.1990725,3.7184157439661565
MMR,NLD,2010,5248093.985,5248093.985,1,0,1,,0.1856,total,MMR-NLD,MMR_2010,NLD_2010,-1.6841614586300369,UNComtrade,25.45837,3.2370445690844782
MMR,NLD,2011,5910935.0,5910935.0,1,0,1,,0.1789,total,MMR-NLD,MMR_2011,NLD_2011,-1.7209282884674637,UNComtrade,25.64648,3.2444063302307993
MMR,NLD,2012,3482123.0,3482123.0,1,0,1,,0.2002,total,MMR-NLD,MMR_2012,NLD_2012,-1.608438412101017,UNComtrade,37.2916675,3.6187699102732784
MMR,NLD,2013,20422504.0,20422504.0,1,0,1,,0.2157,total,MMR-NLD,MMR_2013,NLD_2013,-1.5338667255870264,UNComtrade,39.9086675,3.6865935308811135
MMR,NLD,2014,22762877.92,22762877.92,1,0,1,,0.2133,total,MMR-NLD,MMR_2014,NLD_2014,-1.5450556535048323,UNComtrade,40.0606,3.6903933076592095
MMR,NLD,2015,51882244.858,51882244.858,1,0,1,,0.2363,total,MMR-NLD,MMR_2015,NLD_2015,-1.4426530947892748,UNComtrade,47.5433,3.861640874752203
MMR,NLD,2016,55216629.06,55216629.06,1,0,1,,0.2514,total,MMR-NLD,MMR_2016,NLD_2016,-1.38070998282599,UNComtrade,52.72942,3.9651735540508204
MMR,NLD,2017,163656629.705,163656629.705,1,0,1,,0.2485,total,MMR-NLD,MMR_2017,NLD_2017,-1.3923124334454535,UNComtrade,44.97264,3.806054304863367
MMR,NLD,2018,370759730.64,370759730.64,1,0,1,,0.259,total,MMR-NLD,MMR_2018,NLD_2018,-1.3509272172825992,UNComtrade,43.4245575,3.7710251220925217
MMR,NLD,2019,481033363.01,481033363.01,1,0,1,,0.2291,total,MMR-NLD,MMR_2019,NLD_2019,-1.4735966895226873,UNComtrade,37.23075,3.617135032726036
MMR,NLD,2020,431768713.42,431768713.42,1,0,1,,0.2443,total,MMR-NLD,MMR_2020,NLD_2020,-1.4093583007184425,UNComtrade,38.3599275,3.647013360023879
MMR,NLD,2021,379183949.255,379183949.255,1,0,1,,0.2425,total,MMR-NLD,MMR_2021,NLD_2021,-1.4167535686045991,UNComtrade,32.315192499999995,3.4755374756830357
MMR,NLD,2022,543392744.17,543392744.17,1,0,1,,0.2275,total,MMR-NLD,MMR_2022,NLD_2022,-1.480605040591132,UNComtrade,36.2486375,3.5904017943874083
MMR,NLD,2023,300210787.46,300210787.46,1,0,1,,0.2404,total,MMR-NLD,MMR_2023,NLD_2023,-1.4254510763210846,UNComtrade,47.246375,3.855375931419935
MMR,NLD,2024,219151268.47,219151268.47,1,0,1,,0.2484,total,MMR-NLD,MMR_2024,NLD_2024,-1.3927149289228131,UNComtrade,41.1990725,3.7184157439661565
MMR,PHL,2010,20337089.003,20337089.003,1,0,1,,0.1679,total,MMR-PHL,MMR_2010,PHL_2010,-1.784386714898642,UNComtrade,25.45837,3.2370445690844782
MMR,PHL,2011,35492356.0,35492356.0,1,0,1,,0.1617,total,MMR-PHL,MMR_2011,PHL_2011,-1.822012512399076,UNComtrade,25.64648,3.2444063302307993
MMR,PHL,2012,22769426.0,22769426.0,1,0,1,,0.1803,total,MMR-PHL,MMR_2012,PHL_2012,-1.7131331487728656,UNComtrade,37.2916675,3.6187699102732784
MMR,PHL,2013,12167430.0,12167430.0,1,0,1,,0.197,total,MMR-PHL,MMR_2013,PHL_2013,-1.6245515502441483,UNComtrade,39.9086675,3.6865935308811135
MMR,PHL,2014,8993884.12,8993884.12,1,0,1,,0.1974,total,MMR-PHL,MMR_2014,PHL_2014,-1.622523151982756,UNComtrade,40.0606,3.6903933076592095
MMR,PHL,2015,11658515.407,11658515.407,1,0,1,,0.2129,total,MMR-PHL,MMR_2015,PHL_2015,-1.5469327070827033,UNComtrade,47.5433,3.861640874752203
MMR,PHL,2016,39257498.32,39257498.32,1,0,1,,0.2264,total,MMR-PHL,MMR_2016,PHL_2016,-1.4854519326531093,UNComtrade,52.72942,3.9651735540508204
MMR,PHL,2017,19223463.73,19223463.73,1,0,1,,0.2261,total,MMR-PHL,MMR_2017,PHL_2017,-1.4867778996982128,UNComtrade,44.97264,3.806054304863367
MMR,PHL,2018,66436388.1,66436388.1,1,0,1,,0.2311,total,MMR-PHL,MMR_2018,PHL_2018,-1.464904761701802,UNComtrade,43.4245575,3.7710251220925217
MMR,PHL,2019,124250913.42,124250913.42,1,0,1,,0.2063,total,MMR-PHL,MMR_2019,PHL_2019,-1.5784238589049309,UNComtrade,37.23075,3.617135032726036
MMR,PHL,2020,111118660.62,111118660.62,1,0,1,,0.28,total,MMR-PHL,MMR_2020,PHL_2020,-1.272965675812887,UNComtrade,38.3599275,3.647013360023879
MMR,PHL,2021,202151507.189,202151507.189,1,0,1,,0.2756,total,MMR-PHL,MMR_2021,PHL_2021,-1.2888047398426334,UNComtrade,32.315192499999995,3.4755374756830357
MMR,PHL,2022,198398559.59,198398559.59,1,0,1,,0.2643,total,MMR-PHL,MMR_2022,PHL_2022,-1.3306704573718935,UNComtrade,36.2486375,3.5904017943874083
MMR,PHL,2023,125368401.25,125368401.25,1,0,1,,0.278,total,MMR-PHL,MMR_2023,PHL_2023,-1.2801341652915,UNComtrade,47.246375,3.855375931419935
MMR,PHL,2024,262032828.9,262032828.9,1,0,1,,0.2874,total,MMR-PHL,MMR_2024,PHL_2024,-1.2468803053372126,UNComtrade,41.1990725,3.7184157439661565
MMR,SGP,2010,457811179.66,457811179.66,1,0,1,,0.2477,total,MMR-SGP,MMR_2010,SGP_2010,-1.3955369424868231,UNComtrade,25.45837,3.2370445690844782
MMR,SGP,2011,396847242.0,396847242.0,1,0,1,,0.2418,total,MMR-SGP,MMR_2011,SGP_2011,-1.4196443408014447,UNComtrade,25.64648,3.2444063302307993
MMR,SGP,2012,356524624.0,356524624.0,1,0,1,,0.2658,total,MMR-SGP,MMR_2012,SGP_2012,-1.325011132702992,UNComtrade,37.2916675,3.6187699102732784
MMR,SGP,2013,657373710.0,657373710.0,1,0,1,,0.2795,total,MMR-SGP,MMR_2013,SGP_2013,-1.274752986386983,UNComtrade,39.9086675,3.6865935308811135
MMR,SGP,2014,549738860.696,549738860.696,1,0,1,,0.2792,total,MMR-SGP,MMR_2014,SGP_2014,-1.2758269080939195,UNComtrade,40.0606,3.6903933076592095
MMR,SGP,2015,566713229.225,566713229.225,1,0,1,,0.3045,total,MMR-SGP,MMR_2015,SGP_2015,-1.1890841918321853,UNComtrade,47.5433,3.861640874752203
MMR,SGP,2016,890759560.95,890759560.95,1,0,1,,0.3194,total,MMR-SGP,MMR_2016,SGP_2016,-1.141311043201225,UNComtrade,52.72942,3.9651735540508204
MMR,SGP,2017,735224164.989,735224164.989,1,0,1,,0.3179,total,MMR-SGP,MMR_2017,SGP_2017,-1.14601841106538,UNComtrade,44.97264,3.806054304863367
MMR,SGP,2018,492194606.7,492194606.7,1,0,1,,0.3245,total,MMR-SGP,MMR_2018,SGP_2018,-1.1254697428379925,UNComtrade,43.4245575,3.7710251220925217
MMR,SGP,2019,337356587.42,337356587.42,1,0,1,,0.2966,total,MMR-SGP,MMR_2019,SGP_2019,-1.2153708492783055,UNComtrade,37.23075,3.617135032726036
MMR,SGP,2020,696893188.52,696893188.52,1,0,1,,0.3146,total,MMR-SGP,MMR_2020,SGP_2020,-1.1564532883579597,UNComtrade,38.3599275,3.647013360023879
MMR,SGP,2021,213531735.384,213531735.384,1,0,1,,0.3138,total,MMR-SGP,MMR_2021,SGP_2021,-1.1589994386832048,UNComtrade,32.315192499999995,3.4755374756830357
MMR,SGP,2022,200179156.5,200179156.5,1,0,1,,0.2959,total,MMR-SGP,MMR_2022,SGP_2022,-1.2177337195759732,UNComtrade,36.2486375,3.5904017943874083
MMR,SGP,2023,158082146.22,158082146.22,1,0,1,,0.3105,total,MMR-SGP,MMR_2023,SGP_2023,-1.1695713776086036,UNComtrade,47.246375,3.855375931419935
MMR,SGP,2024,126853731.67,126853731.67,1,0,1,,0.3206,total,MMR-SGP,MMR_2024,SGP_2024,-1.1375610388066846,UNComtrade,41.1990725,3.7184157439661565
MMR,THA,2010,3179639054.185,3179639054.185,1,0,1,,0.1745,total,MMR-THA,MMR_2010,THA_2010,-1.7458305373396552,UNComtrade,25.45837,3.2370445690844782
MMR,THA,2011,3216929874.0,3216929874.0,1,0,1,,0.1662,total,MMR-THA,MMR_2011,THA_2011,-1.7945633965607892,UNComtrade,25.64648,3.2444063302307993
MMR,THA,2012,2394644159.0,2394644159.0,1,0,1,,0.1871,total,MMR-THA,MMR_2012,THA_2012,-1.6761120457020933,UNComtrade,37.2916675,3.6187699102732784
MMR,THA,2013,4598123086.0,4598123086.0,1,0,1,,0.202,total,MMR-THA,MMR_2013,THA_2013,-1.5994875815809322,UNComtrade,39.9086675,3.6865935308811135
MMR,THA,2014,3746023255.75,3746023255.75,1,0,1,,0.2008,total,MMR-THA,MMR_2014,THA_2014,-1.6054458911645628,UNComtrade,40.0606,3.6903933076592095
MMR,THA,2015,3346485746.292,3346485746.292,1,0,1,,0.2197,total,MMR-THA,MMR_2015,THA_2015,-1.5154922995915725,UNComtrade,47.5433,3.861640874752203
MMR,THA,2016,2241496686.44,2241496686.44,1,0,1,,0.3028,total,MMR-THA,MMR_2016,THA_2016,-1.1946827574188432,UNComtrade,52.72942,3.9651735540508204
MMR,THA,2017,2698657219.957,2698657219.957,1,0,1,,0.2981,total,MMR-THA,MMR_2017,THA_2017,-1.2103262782981117,UNComtrade,44.97264,3.806054304863367
MMR,THA,2018,3065794394.107,3065794394.107,1,0,1,,0.3044,total,MMR-THA,MMR_2018,THA_2018,-1.1894126529946063,UNComtrade,43.4245575,3.7710251220925217
MMR,THA,2019,3256931147.623,3256931147.623,1,0,1,,0.28,total,MMR-THA,MMR_2019,THA_2019,-1.272965675812887,UNComtrade,37.23075,3.617135032726036
MMR,THA,2020,3008844684.256,3008844684.256,1,0,1,,0.2924,total,MMR-THA,MMR_2020,THA_2020,-1.2296325511065136,UNComtrade,38.3599275,3.647013360023879
MMR,THA,2021,3492851956.712,3492851956.712,1,0,1,,0.2923,total,MMR-THA,MMR_2021,THA_2021,-1.2299746068649369,UNComtrade,32.315192499999995,3.4755374756830357
MMR,THA,2022,3847856229.416,3847856229.416,1,0,1,,0.2111,total,MMR-THA,MMR_2022,THA_2022,-1.555423324127862,UNComtrade,36.2486375,3.5904017943874083
MMR,THA,2023,3580394203.725,3580394203.725,1,0,1,,0.2221,total,MMR-THA,MMR_2023,THA_2023,-1.5046275480817553,UNComtrade,47.246375,3.855375931419935
MMR,THA,2024,2903829927.186,2903829927.186,1,0,1,,0.2338,total,MMR-THA,MMR_2024,THA_2024,-1.4532892299441689,UNComtrade,41.1990725,3.7184157439661565
MMR,TWN,2010,32767.786,32767.786,1,0,1,,0.1809,total,MMR-TWN,MMR_2010,TWN_2010,-1.7098108865808876,UNComtrade,25.45837,3.2370445690844782
MMR,TWN,2011,50925.0,50925.0,1,0,1,,0.174,total,MMR-TWN,MMR_2011,TWN_2011,-1.7486999797676082,UNComtrade,25.64648,3.2444063302307993
MMR,TWN,2012,1.0,1.0,1,0,1,,0.198,total,MMR-TWN,MMR_2012,TWN_2012,-1.619488248287602,UNComtrade,37.2916675,3.6187699102732784
MMR,TWN,2013,756573.0,756573.0,1,0,1,,0.2108,total,MMR-TWN,MMR_2013,TWN_2013,-1.55684546231493,UNComtrade,39.9086675,3.6865935308811135
MMR,TWN,2014,1321386.35,1321386.35,1,0,1,,0.2109,total,MMR-TWN,MMR_2014,TWN_2014,-1.556371191497408,UNComtrade,40.0606,3.6903933076592095
MMR,TWN,2015,3685568.31,3685568.31,1,0,1,,0.234,total,MMR-TWN,MMR_2015,TWN_2015,-1.4524341636244356,UNComtrade,47.5433,3.861640874752203
MMR,TWN,2016,10497614.76,10497614.76,1,0,1,,0.2465,total,MMR-TWN,MMR_2016,TWN_2016,-1.4003932854993923,UNComtrade,52.72942,3.9651735540508204
MMR,TWN,2017,20952198.588,20952198.588,1,0,1,,0.2454,total,MMR-TWN,MMR_2017,TWN_2017,-1.404865746705326,UNComtrade,44.97264,3.806054304863367
MMR,TWN,2018,34259699.816,34259699.816,1,0,1,,0.2522,total,MMR-TWN,MMR_2018,TWN_2018,-1.377532855451318,UNComtrade,43.4245575,3.7710251220925217
MMR,TWN,2019,41820831.34,41820831.34,1,0,1,,0.225,total,MMR-TWN,MMR_2019,TWN_2019,-1.491654876777717,UNComtrade,37.23075,3.617135032726036
MMR,TWN,2020,36582272.16,36582272.16,1,0,1,,0.3085,total,MMR-TWN,MMR_2020,TWN_2020,-1.1760334356366946,UNComtrade,38.3599275,3.647013360023879
MMR,TWN,2021,36573021.712,36573021.712,1,0,1,,0.3084,total,MMR-TWN,MMR_2021,TWN_2021,-1.1763576372929625,UNComtrade,32.315192499999995,3.4755374756830357
MMR,TWN,2022,49672606.8,49672606.8,1,0,1,,0.2894,total,MMR-TWN,MMR_2022,TWN_2022,-1.2399454647847536,UNComtrade,36.2486375,3.5904017943874083
MMR,TWN,2023,44341096.53,44341096.53,1,0,1,,0.2383,total,MMR-TWN,MMR_2023,TWN_2023,-1.4342248948774403,UNComtrade,47.246375,3.855375931419935
MMR,TWN,2024,50156159.17,50156159.17,1,0,1,,0.2484,total,MMR-TWN,MMR_2024,TWN_2024,-1.3927149289228131,UNComtrade,41.1990725,3.7184157439661565
MMR,USA,2010,4422223.89,4422223.89,1,0,1,,0.1858,total,MMR-USA,MMR_2010,USA_2010,-1.683084452602399,UNComtrade,25.45837,3.2370445690844782
MMR,USA,2011,8110462.0,8110462.0,1,0,1,,0.1796,total,MMR-USA,MMR_2011,USA_2011,-1.7170231231140378,UNComtrade,25.64648,3.2444063302307993
MMR,USA,2012,12048856.0,12048856.0,1,0,1,,0.2049,total,MMR-USA,MMR_2012,USA_2012,-1.585233223737283,UNComtrade,37.2916675,3.6187699102732784
MMR,USA,2013,11135795.0,11135795.0,1,0,1,,0.2188,total,MMR-USA,MMR_2013,USA_2013,-1.519597208434311,UNComtrade,39.9086675,3.6865935308811135
MMR,USA,2014,43261347.41,43261347.41,1,0,1,,0.2177,total,MMR-USA,MMR_2014,USA_2014,-1.524637310741635,UNComtrade,40.0606,3.6903933076592095
MMR,USA,2015,61859234.511,61859234.511,1,0,1,,0.2445,total,MMR-USA,MMR_2015,USA_2015,-1.4085399700672103,UNComtrade,47.5433,3.861640874752203
MMR,USA,2016,150303216.83,150303216.83,1,0,1,,0.2594,total,MMR-USA,MMR_2016,USA_2016,-1.3493840070997936,UNComtrade,52.72942,3.9651735540508204
MMR,USA,2017,278012392.662,278012392.662,1,0,1,,0.2586,total,MMR-USA,MMR_2017,USA_2017,-1.35247281264438,UNComtrade,44.97264,3.806054304863367
MMR,USA,2018,521034606.17,521034606.17,1,0,1,,0.2621,total,MMR-USA,MMR_2018,USA_2018,-1.3390291686527764,UNComtrade,43.4245575,3.7710251220925217
MMR,USA,2019,835157073.52,835157073.52,1,0,1,,0.2347,total,MMR-USA,MMR_2019,USA_2019,-1.4494471761251593,UNComtrade,37.23075,3.617135032726036
MMR,USA,2020,868873591.062,868873591.062,1,0,1,,0.2506,total,MMR-USA,MMR_2020,USA_2020,-1.3838972365201692,UNComtrade,38.3599275,3.647013360023879
MMR,USA,2021,593081464.443,593081464.443,1,0,1,,0.2492,total,MMR-USA,MMR_2021,USA_2021,-1.389499492068839,UNComtrade,32.315192499999995,3.4755374756830357
MMR,USA,2022,761163076.57,761163076.57,1,0,1,,0.2309,total,MMR-USA,MMR_2022,USA_2022,-1.4657705626216877,UNComtrade,36.2486375,3.5904017943874083
MMR,USA,2023,587580057.56,587580057.56,1,0,1,,0.2433,total,MMR-USA,MMR_2023,USA_2023,-1.4134600291926602,UNComtrade,47.246375,3.855375931419935
MMR,USA,2024,473115749.67,473115749.67,1,0,1,,0.2535,total,MMR-USA,MMR_2024,USA_2024,-1.3723914559508992,UNComtrade,41.1990725,3.7184157439661565
MMR,VNM,2010,60827673.661,60827673.661,1,0,1,,0.1719,total,MMR-VNM,MMR_2010,VNM_2010,-1.7608423665933337,UNComtrade,25.45837,3.2370445690844782
MMR,VNM,2011,85274438.0,85274438.0,1,0,1,,0.1677,total,MMR-VNM,MMR_2011,VNM_2011,-1.785578610152974,UNComtrade,25.64648,3.2444063302307993
MMR,VNM,2012,73120835.0,73120835.0,1,0,1,,0.1845,total,MMR-VNM,MMR_2012,VNM_2012,-1.6901058155015551,UNComtrade,37.2916675,3.6187699102732784
MMR,VNM,2013,77481605.0,77481605.0,1,0,1,,0.2008,total,MMR-VNM,MMR_2013,VNM_2013,-1.6054458911645628,UNComtrade,39.9086675,3.6865935308811135
MMR,VNM,2014,97463190.868,97463190.868,1,0,1,,0.1977,total,MMR-VNM,MMR_2014,VNM_2014,-1.621004548805566,UNComtrade,40.0606,3.6903933076592095
MMR,VNM,2015,61047604.599,61047604.599,1,0,1,,0.284,total,MMR-VNM,MMR_2015,VNM_2015,-1.258781040820931,UNComtrade,47.5433,3.861640874752203
MMR,VNM,2016,75477441.53,75477441.53,1,0,1,,0.3014,total,MMR-VNM,MMR_2016,VNM_2016,-1.199316992789742,UNComtrade,52.72942,3.9651735540508204
MMR,VNM,2017,129985470.001,129985470.001,1,0,1,,0.2985,total,MMR-VNM,MMR_2017,VNM_2017,-1.2089853461494804,UNComtrade,44.97264,3.806054304863367
MMR,VNM,2018,225275140.85,225275140.85,1,0,1,,0.3034,total,MMR-VNM,MMR_2018,VNM_2018,-1.1927032120677052,UNComtrade,43.4245575,3.7710251220925217
MMR,VNM,2019,230092742.64,230092742.64,1,0,1,,0.2777,total,MMR-VNM,MMR_2019,VNM_2019,-1.2812138846693832,UNComtrade,37.23075,3.617135032726036
MMR,VNM,2020,177019724.24,177019724.24,1,0,1,,0.2927,total,MMR-VNM,MMR_2020,VNM_2020,-1.2286070852842967,UNComtrade,38.3599275,3.647013360023879
MMR,VNM,2021,224470327.679,224470327.679,1,0,1,,0.2932,total,MMR-VNM,MMR_2021,VNM_2021,-1.2269003089696406,UNComtrade,32.315192499999995,3.4755374756830357
MMR,VNM,2022,240947506.63,240947506.63,1,0,1,,0.2763,total,MMR-VNM,MMR_2022,VNM_2022,-1.2862680470527663,UNComtrade,36.2486375,3.5904017943874083
MMR,VNM,2023,149364467.45,149364467.45,1,0,1,,0.2912,total,MMR-VNM,MMR_2023,VNM_2023,-1.2337449626596062,UNComtrade,47.246375,3.855375931419935
MMR,VNM,2024,238137791.85,238137791.85,1,0,1,,0.3016,total,MMR-VNM,MMR_2024,VNM_2024,-1.198653642848336,UNComtrade,41.1990725,3.7184157439661565
MYS,ARE,2010,3791789899.0,3791789899.0,1,0,1,,0.5949,total,MYS-ARE,MYS_2010,ARE_2010,-0.5193619547882771,UNComtrade,442.247695,6.09187012104214
MYS,ARE,2011,4203111494.0,4203111494.0,1,0,1,,0.6089,total,MYS-ARE,MYS_2011,ARE_2011,-0.4961012283676086,UNComtrade,493.95318,6.202440735368333
MYS,ARE,2012,4018264429.0,4018264429.0,1,0,1,,0.6128,total,MYS-ARE,MYS_2012,ARE_2012,-0.4897166605557554,UNComtrade,480.83371,6.175521493076056
MYS,ARE,2013,4016112272.0,4016112272.0,1,0,1,,0.6248,total,MYS-ARE,MYS_2013,ARE_2013,-0.4703236804566608,UNComtrade,474.15216,6.161528282839765
MYS,ARE,2014,3588943780.0,3588943780.0,1,0,1,,0.6082,total,MYS-ARE,MYS_2014,ARE_2014,-0.4972515037388728,UNComtrade,461.6900325,6.134893740585947
MYS,ARE,2015,3038580255.0,3038580255.0,1,0,1,,0.5988,total,MYS-ARE,MYS_2015,ARE_2015,-0.5128276264366638,UNComtrade,473.30025,6.159729965118275
MYS,ARE,2016,3030975704.0,3030975704.0,1,0,1,,0.6294,total,MYS-ARE,MYS_2016,ARE_2016,-0.4629882943518306,UNComtrade,478.178465,6.169984020551384
MYS,ARE,2017,2798971325.181,2798971325.181,1,0,1,,0.6113,total,MYS-ARE,MYS_2017,ARE_2017,-0.4921674419474574,UNComtrade,463.0247075,6.137780416593316
MYS,ARE,2018,2813394617.781,2813394617.781,1,0,1,,0.6367,total,MYS-ARE,MYS_2018,ARE_2018,-0.4514566919591573,UNComtrade,467.134855,6.146617984719847
MYS,ARE,2019,2701371275.862,2701371275.862,1,0,1,,0.621,total,MYS-ARE,MYS_2019,ARE_2019,-0.4764241970486583,UNComtrade,460.5462075,6.132413192680982
MYS,ARE,2020,2020203459.756,2020203459.756,1,0,1,,0.6302,total,MYS-ARE,MYS_2020,ARE_2020,-0.4617180496589628,UNComtrade,468.5965325,6.14974212634508
MYS,ARE,2021,2555259715.898,2555259715.898,1,0,1,,0.6438,total,MYS-ARE,MYS_2021,ARE_2021,-0.4403671601174292,UNComtrade,473.33377,6.159800784461982
MYS,ARE,2022,3508784921.943,3508784921.943,1,0,1,,0.6418,total,MYS-ARE,MYS_2022,ARE_2022,-0.4434785503063805,UNComtrade,477.81565,6.169224988645797
MYS,ARE,2023,3120539496.905,3120539496.905,1,0,1,,0.6585,total,MYS-ARE,MYS_2023,ARE_2023,-0.4177907577988013,UNComtrade,493.3251475,6.201168485046982
MYS,ARE,2024,3181595937.437,3181595937.437,1,0,1,,0.6846,total,MYS-ARE,MYS_2024,ARE_2024,-0.3789205528860521,UNComtrade,491.4130175,6.197284950375199
MYS,AUS,2010,7467064443.0,7467064443.0,1,0,1,,0.4461,total,MYS-AUS,MYS_2010,AUS_2010,-0.8072121368479179,UNComtrade,442.247695,6.09187012104214
MYS,AUS,2011,8206225749.0,8206225749.0,1,0,1,,0.4625,total,MYS-AUS,MYS_2011,AUS_2011,-0.7711087220296571,UNComtrade,493.95318,6.202440735368333
MYS,AUS,2012,9418819264.0,9418819264.0,1,0,1,,0.4647,total,MYS-AUS,MYS_2012,AUS_2012,-0.7663632428912044,UNComtrade,480.83371,6.175521493076056
MYS,AUS,2013,9268214051.0,9268214051.0,1,0,1,,0.4745,total,MYS-AUS,MYS_2013,AUS_2013,-0.7454936609321545,UNComtrade,474.15216,6.161528282839765
MYS,AUS,2014,10076154037.0,10076154037.0,1,0,1,,0.4791,total,MYS-AUS,MYS_2014,AUS_2014,-0.7358459350930605,UNComtrade,461.6900325,6.134893740585947
MYS,AUS,2015,7208750041.0,7208750041.0,1,0,1,,0.4753,total,MYS-AUS,MYS_2015,AUS_2015,-0.7438090953621733,UNComtrade,473.30025,6.159729965118275
MYS,AUS,2016,6445327279.0,6445327279.0,1,0,1,,0.4775,total,MYS-AUS,MYS_2016,AUS_2016,-0.7391911190613522,UNComtrade,478.178465,6.169984020551384
MYS,AUS,2017,7539698996.008,7539698996.008,1,0,1,,0.4774,total,MYS-AUS,MYS_2017,AUS_2017,-0.7394005650774074,UNComtrade,463.0247075,6.137780416593316
MYS,AUS,2018,8311961546.634,8311961546.634,1,0,1,,0.4591,total,MYS-AUS,MYS_2018,AUS_2018,-0.7784872277269607,UNComtrade,467.134855,6.146617984719847
MYS,AUS,2019,6867442146.372,6867442146.372,1,0,1,,0.4638,total,MYS-AUS,MYS_2019,AUS_2019,-0.7683018541607058,UNComtrade,460.5462075,6.132413192680982
MYS,AUS,2020,5794920462.134,5794920462.134,1,0,1,,0.4525,total,MYS-AUS,MYS_2020,AUS_2020,-0.7929675158421562,UNComtrade,468.5965325,6.14974212634508
MYS,AUS,2021,8482353313.866,8482353313.866,1,0,1,,0.4661,total,MYS-AUS,MYS_2021,AUS_2021,-0.7633550756034417,UNComtrade,473.33377,6.159800784461982
MYS,AUS,2022,10927047843.736,10927047843.736,1,0,1,,0.4576,total,MYS-AUS,MYS_2022,AUS_2022,-0.7817598389165489,UNComtrade,477.81565,6.169224988645797
MYS,AUS,2023,10941691068.787,10941691068.787,1,0,1,,0.4752,total,MYS-AUS,MYS_2023,AUS_2023,-0.7440195109337019,UNComtrade,493.3251475,6.201168485046982
MYS,AUS,2024,10793443730.888,10793443730.888,1,0,1,,0.4676,total,MYS-AUS,MYS_2024,AUS_2024,-0.7601420493842237,UNComtrade,491.4130175,6.197284950375199
MYS,BRN,2010,449849988.0,449849988.0,1,0,1,,0.2608,total,MYS-BRN,MYS_2010,BRN_2010,-1.3440014489296392,UNComtrade,442.247695,6.09187012104214
MYS,BRN,2011,544468937.0,544468937.0,1,0,1,,0.2718,total,MYS-BRN,MYS_2011,BRN_2011,-1.3026887772650937,UNComtrade,493.95318,6.202440735368333
MYS,BRN,2012,690796651.0,690796651.0,1,0,1,,0.2569,total,MYS-BRN,MYS_2012,BRN_2012,-1.359068374866299,UNComtrade,480.83371,6.175521493076056
MYS,BRN,2013,821038307.0,821038307.0,1,0,1,,0.2612,total,MYS-BRN,MYS_2013,BRN_2013,-1.342468881579861,UNComtrade,474.15216,6.161528282839765
MYS,BRN,2014,858912944.0,858912944.0,1,0,1,,0.2609,total,MYS-BRN,MYS_2014,BRN_2014,-1.3436180868394545,UNComtrade,461.6900325,6.134893740585947
MYS,BRN,2015,689674097.0,689674097.0,1,0,1,,0.2693,total,MYS-BRN,MYS_2015,BRN_2015,-1.3119292791645838,UNComtrade,473.30025,6.159729965118275
MYS,BRN,2016,512029444.0,512029444.0,1,0,1,,0.2723,total,MYS-BRN,MYS_2016,BRN_2016,-1.3008508793024232,UNComtrade,478.178465,6.169984020551384
MYS,BRN,2017,537535125.785,537535125.785,1,0,1,,0.274,total,MYS-BRN,MYS_2017,BRN_2017,-1.2946271725940668,UNComtrade,463.0247075,6.137780416593316
MYS,BRN,2018,548383423.713,548383423.713,1,0,1,,0.2634,total,MYS-BRN,MYS_2018,BRN_2018,-1.3340814896729565,UNComtrade,467.134855,6.146617984719847
MYS,BRN,2019,552566785.173,552566785.173,1,0,1,,0.2792,total,MYS-BRN,MYS_2019,BRN_2019,-1.2758269080939195,UNComtrade,460.5462075,6.132413192680982
MYS,BRN,2020,660444995.191,660444995.191,1,0,1,,0.2841,total,MYS-BRN,MYS_2020,BRN_2020,-1.2584289901219947,UNComtrade,468.5965325,6.14974212634508
MYS,BRN,2021,1394108825.552,1394108825.552,1,0,1,,0.2727,total,MYS-BRN,MYS_2021,BRN_2021,-1.299382989130594,UNComtrade,473.33377,6.159800784461982
MYS,BRN,2022,1737936489.323,1737936489.323,1,0,1,,0.2799,total,MYS-BRN,MYS_2022,BRN_2022,-1.2733228824607292,UNComtrade,477.81565,6.169224988645797
MYS,BRN,2023,1403799328.942,1403799328.942,1,0,1,,0.2836,total,MYS-BRN,MYS_2023,BRN_2023,-1.2601904843241645,UNComtrade,493.3251475,6.201168485046982
MYS,BRN,2024,1243896068.557,1243896068.557,1,0,1,,0.2889,total,MYS-BRN,MYS_2024,BRN_2024,-1.2416746715099476,UNComtrade,491.4130175,6.197284950375199
MYS,CAN,2010,973110531.0,973110531.0,1,0,1,,0.489,total,MYS-CAN,MYS_2010,CAN_2010,-0.715392789507265,UNComtrade,442.247695,6.09187012104214
MYS,CAN,2011,907471705.0,907471705.0,1,0,1,,0.5046,total,MYS-CAN,MYS_2011,CAN_2011,-0.6839892427751796,UNComtrade,493.95318,6.202440735368333
MYS,CAN,2012,947731598.0,947731598.0,1,0,1,,0.5231,total,MYS-CAN,MYS_2012,CAN_2012,-0.6479826286055717,UNComtrade,480.83371,6.175521493076056
MYS,CAN,2013,801425980.0,801425980.0,1,0,1,,0.5256,total,MYS-CAN,MYS_2013,CAN_2013,-0.6432148118117363,UNComtrade,474.15216,6.161528282839765
MYS,CAN,2014,807422426.0,807422426.0,1,0,1,,0.5646,total,MYS-CAN,MYS_2014,CAN_2014,-0.5716377631627482,UNComtrade,461.6900325,6.134893740585947
MYS,CAN,2015,782183214.0,782183214.0,1,0,1,,0.5399,total,MYS-CAN,MYS_2015,CAN_2015,-0.6163713417578957,UNComtrade,473.30025,6.159729965118275
MYS,CAN,2016,704494446.0,704494446.0,1,0,1,,0.5304,total,MYS-CAN,MYS_2016,CAN_2016,-0.6341238401104843,UNComtrade,478.178465,6.169984020551384
MYS,CAN,2017,820727148.167,820727148.167,1,0,1,,0.5244,total,MYS-CAN,MYS_2017,CAN_2017,-0.6455005270925923,UNComtrade,463.0247075,6.137780416593316
MYS,CAN,2018,879773149.916,879773149.916,1,0,1,,0.5328,total,MYS-CAN,MYS_2018,CAN_2018,-0.6296091597559575,UNComtrade,467.134855,6.146617984719847
MYS,CAN,2019,852802693.474,852802693.474,1,0,1,,0.5221,total,MYS-CAN,MYS_2019,CAN_2019,-0.6498961385656303,UNComtrade,460.5462075,6.132413192680982
MYS,CAN,2020,946355522.923,946355522.923,1,0,1,,0.529,total,MYS-CAN,MYS_2020,CAN_2020,-0.6367668471238376,UNComtrade,468.5965325,6.14974212634508
MYS,CAN,2021,1534255609.674,1534255609.674,1,0,1,,0.5183,total,MYS-CAN,MYS_2021,CAN_2021,-0.6572010537864762,UNComtrade,473.33377,6.159800784461982
MYS,CAN,2022,1109313792.537,1109313792.537,1,0,1,,0.5263,total,MYS-CAN,MYS_2022,CAN_2022,-0.6418838866224038,UNComtrade,477.81565,6.169224988645797
MYS,CAN,2023,915283759.741,915283759.741,1,0,1,,0.5207,total,MYS-CAN,MYS_2023,CAN_2023,-0.6525812188132836,UNComtrade,493.3251475,6.201168485046982
MYS,CAN,2024,1421924210.536,1421924210.536,1,0,1,,0.5202,total,MYS-CAN,MYS_2024,CAN_2024,-0.6535419259675859,UNComtrade,491.4130175,6.197284950375199
MYS,CHN,2010,25057168797.0,25057168797.0,1,0,1,,0.6721,total,MYS-CHN,MYS_2010,CHN_2010,-0.3973481400062168,UNComtrade,442.247695,6.09187012104214
MYS,CHN,2011,29821382323.0,29821382323.0,1,0,1,,0.7171,total,MYS-CHN,MYS_2011,CHN_2011,-0.3325399780936079,UNComtrade,493.95318,6.202440735368333
MYS,CHN,2012,28742900356.0,28742900356.0,1,0,1,,0.7457,total,MYS-CHN,MYS_2012,CHN_2012,-0.2934319044323878,UNComtrade,480.83371,6.175521493076056
MYS,CHN,2013,30775462371.0,30775462371.0,1,0,1,,0.7577,total,MYS-CHN,MYS_2013,CHN_2013,-0.2774677500448093,UNComtrade,474.15216,6.161528282839765
MYS,CHN,2014,28222682560.0,28222682560.0,1,0,1,,0.7756,total,MYS-CHN,MYS_2014,CHN_2014,-0.2541183556136404,UNComtrade,461.6900325,6.134893740585947
MYS,CHN,2015,26062953599.0,26062953599.0,1,0,1,,0.7691,total,MYS-CHN,MYS_2015,CHN_2015,-0.2625342789191289,UNComtrade,473.30025,6.159729965118275
MYS,CHN,2016,23753270471.0,23753270471.0,1,0,1,,0.7596,total,MYS-CHN,MYS_2016,CHN_2016,-0.2749633000440061,UNComtrade,478.178465,6.169984020551384
MYS,CHN,2017,29332532146.784,29332532146.784,1,0,1,,0.7237,total,MYS-CHN,MYS_2017,CHN_2017,-0.323378337110055,UNComtrade,463.0247075,6.137780416593316
MYS,CHN,2018,34483967388.652,34483967388.652,1,0,1,,0.7518,total,MYS-CHN,MYS_2018,CHN_2018,-0.2852849478520594,UNComtrade,467.134855,6.146617984719847
MYS,CHN,2019,34021113307.009,34021113307.009,1,0,1,,0.7375,total,MYS-CHN,MYS_2019,CHN_2019,-0.3044891907681621,UNComtrade,460.5462075,6.132413192680982
MYS,CHN,2020,37878831338.921,37878831338.921,1,0,1,,0.7552,total,MYS-CHN,MYS_2020,CHN_2020,-0.2807726641508461,UNComtrade,468.5965325,6.14974212634508
MYS,CHN,2021,46351724874.848,46351724874.848,1,0,1,,0.7506,total,MYS-CHN,MYS_2021,CHN_2021,-0.2868823922812165,UNComtrade,473.33377,6.159800784461982
MYS,CHN,2022,47843004759.473,47843004759.473,1,0,1,,0.7415,total,MYS-CHN,MYS_2022,CHN_2022,-0.2990801174041502,UNComtrade,477.81565,6.169224988645797
MYS,CHN,2023,42145127266.666,42145127266.666,1,0,1,,0.7433,total,MYS-CHN,MYS_2023,CHN_2023,-0.2966555472508893,UNComtrade,493.3251475,6.201168485046982
MYS,CHN,2024,41008240378.626,41008240378.626,1,0,1,,0.757,total,MYS-CHN,MYS_2024,CHN_2024,-0.2783920255446883,UNComtrade,491.4130175,6.197284950375199
MYS,DEU,2010,5393103217.0,5393103217.0,1,0,1,,0.5744,total,MYS-DEU,MYS_2010,DEU_2010,-0.5544292612481226,UNComtrade,442.247695,6.09187012104214
MYS,DEU,2011,6016455275.0,6016455275.0,1,0,1,,0.5933,total,MYS-DEU,MYS_2011,DEU_2011,-0.5220551057175394,UNComtrade,493.95318,6.202440735368333
MYS,DEU,2012,5185773173.0,5185773173.0,1,0,1,,0.6246,total,MYS-DEU,MYS_2012,DEU_2012,-0.4706438341331588,UNComtrade,480.83371,6.175521493076056
MYS,DEU,2013,5236506382.0,5236506382.0,1,0,1,,0.6501,total,MYS-DEU,MYS_2013,DEU_2013,-0.430629081771714,UNComtrade,474.15216,6.161528282839765
MYS,DEU,2014,5458095010.0,5458095010.0,1,0,1,,0.6635,total,MYS-DEU,MYS_2014,DEU_2014,-0.4102264252098749,UNComtrade,461.6900325,6.134893740585947
MYS,DEU,2015,5041257591.0,5041257591.0,1,0,1,,0.6652,total,MYS-DEU,MYS_2015,DEU_2015,-0.4076675316633644,UNComtrade,473.30025,6.159729965118275
MYS,DEU,2016,5373423992.0,5373423992.0,1,0,1,,0.6723,total,MYS-DEU,MYS_2016,DEU_2016,-0.397050609507146,UNComtrade,478.178465,6.169984020551384
MYS,DEU,2017,6211486117.952,6211486117.952,1,0,1,,0.6462,total,MYS-DEU,MYS_2017,DEU_2017,-0.4366462255917391,UNComtrade,463.0247075,6.137780416593316
MYS,DEU,2018,6989082011.366,6989082011.366,1,0,1,,0.6625,total,MYS-DEU,MYS_2018,DEU_2018,-0.4117347211217598,UNComtrade,467.134855,6.146617984719847
MYS,DEU,2019,6288727667.687,6288727667.687,1,0,1,,0.6406,total,MYS-DEU,MYS_2019,DEU_2019,-0.4453500418070794,UNComtrade,460.5462075,6.132413192680982
MYS,DEU,2020,5874581790.5,5874581790.5,1,0,1,,0.6519,total,MYS-DEU,MYS_2020,DEU_2020,-0.4278641030516433,UNComtrade,468.5965325,6.14974212634508
MYS,DEU,2021,6868187510.775,6868187510.775,1,0,1,,0.6438,total,MYS-DEU,MYS_2021,DEU_2021,-0.4403671601174292,UNComtrade,473.33377,6.159800784461982
MYS,DEU,2022,6823370558.998,6823370558.998,1,0,1,,0.6457,total,MYS-DEU,MYS_2022,DEU_2022,-0.4374202793497156,UNComtrade,477.81565,6.169224988645797
MYS,DEU,2023,6701374980.898,6701374980.898,1,0,1,,0.6333,total,MYS-DEU,MYS_2023,DEU_2023,-0.4568110354597525,UNComtrade,493.3251475,6.201168485046982
MYS,DEU,2024,7062192006.68,7062192006.68,1,0,1,,0.6492,total,MYS-DEU,MYS_2024,DEU_2024,-0.4320144433417009,UNComtrade,491.4130175,6.197284950375199
MYS,FRA,2010,0.0,,0,1,1,,0.5818,total,MYS-FRA,MYS_2010,FRA_2010,-0.5416285329210359,UNComtrade (Confirmed Zero),442.247695,6.09187012104214
MYS,FRA,2011,0.0,,0,1,1,,0.6073,total,MYS-FRA,MYS_2011,FRA_2011,-0.4987323760786075,UNComtrade (Confirmed Zero),493.95318,6.202440735368333
MYS,FRA,2012,0.0,,0,1,1,,0.6198,total,MYS-FRA,MYS_2012,FRA_2012,-0.4783584336284892,UNComtrade (Confirmed Zero),480.83371,6.175521493076056
MYS,FRA,2013,0.0,,0,1,1,,0.6684,total,MYS-FRA,MYS_2013,FRA_2013,-0.4028684822608984,UNComtrade (Confirmed Zero),474.15216,6.161528282839765
MYS,FRA,2014,0.0,,0,1,1,,0.6567,total,MYS-FRA,MYS_2014,FRA_2014,-0.4205279857852101,UNComtrade (Confirmed Zero),461.6900325,6.134893740585947
MYS,FRA,2015,0.0,,0,1,1,,0.6593,total,MYS-FRA,MYS_2015,FRA_2015,-0.4165766128628831,UNComtrade (Confirmed Zero),473.30025,6.159729965118275
MYS,FRA,2016,0.0,,0,1,1,,0.6609,total,MYS-FRA,MYS_2016,FRA_2016,-0.4141527365057298,UNComtrade (Confirmed Zero),478.178465,6.169984020551384
MYS,FRA,2017,0.0,,0,1,1,,0.6547,total,MYS-FRA,MYS_2017,FRA_2017,-0.4235781635350914,UNComtrade (Confirmed Zero),463.0247075,6.137780416593316
MYS,FRA,2018,0.0,,0,1,1,,0.6647,total,MYS-FRA,MYS_2018,FRA_2018,-0.4084194679346009,UNComtrade (Confirmed Zero),467.134855,6.146617984719847
MYS,FRA,2019,0.0,,0,1,1,,0.6541,total,MYS-FRA,MYS_2019,FRA_2019,-0.4244950340149699,UNComtrade (Confirmed Zero),460.5462075,6.132413192680982
MYS,FRA,2020,0.0,,0,1,1,,0.6489,total,MYS-FRA,MYS_2020,FRA_2020,-0.4324766573550142,UNComtrade (Confirmed Zero),468.5965325,6.14974212634508
MYS,FRA,2021,0.0,,0,1,1,,0.6572,total,MYS-FRA,MYS_2021,FRA_2021,-0.419766892819024,UNComtrade (Confirmed Zero),473.33377,6.159800784461982
MYS,FRA,2022,0.0,,0,1,1,,0.6471,total,MYS-FRA,MYS_2022,FRA_2022,-0.4352544369189166,UNComtrade (Confirmed Zero),477.81565,6.169224988645797
MYS,FRA,2023,0.0,,0,1,1,,0.6356,total,MYS-FRA,MYS_2023,FRA_2023,-0.453185844319576,UNComtrade (Confirmed Zero),493.3251475,6.201168485046982
MYS,FRA,2024,0.0,,0,1,1,,0.6606,total,MYS-FRA,MYS_2024,FRA_2024,-0.4146067660254478,UNComtrade (Confirmed Zero),491.4130175,6.197284950375199
MYS,GBR,2010,2237841520.0,2237841520.0,1,0,1,,0.5939,total,MYS-GBR,MYS_2010,GBR_2010,-0.5210443239603225,UNComtrade,442.247695,6.09187012104214
MYS,GBR,2011,2338276920.0,2338276920.0,1,0,1,,0.6177,total,MYS-GBR,MYS_2011,GBR_2011,-0.4817523762802835,UNComtrade,493.95318,6.202440735368333
MYS,GBR,2012,2203600581.0,2203600581.0,1,0,1,,0.6261,total,MYS-GBR,MYS_2012,GBR_2012,-0.4682451762308723,UNComtrade,480.83371,6.175521493076056
MYS,GBR,2013,2171732569.0,2171732569.0,1,0,1,,0.6609,total,MYS-GBR,MYS_2013,GBR_2013,-0.4141527365057298,UNComtrade,474.15216,6.161528282839765
MYS,GBR,2014,2421048464.0,2421048464.0,1,0,1,,0.6556,total,MYS-GBR,MYS_2014,GBR_2014,-0.4222044321124625,UNComtrade,461.6900325,6.134893740585947
MYS,GBR,2015,2391910397.0,2391910397.0,1,0,1,,0.6748,total,MYS-GBR,MYS_2015,GBR_2015,-0.3933389283103239,UNComtrade,473.30025,6.159729965118275
MYS,GBR,2016,2106217476.0,2106217476.0,1,0,1,,0.6759,total,MYS-GBR,MYS_2016,GBR_2016,-0.3917101428758286,UNComtrade,478.178465,6.169984020551384
MYS,GBR,2017,2272131383.2,2272131383.2,1,0,1,,0.6513,total,MYS-GBR,MYS_2017,GBR_2017,-0.4287849134297812,UNComtrade,463.0247075,6.137780416593316
MYS,GBR,2018,2140858440.175,2140858440.175,1,0,1,,0.6722,total,MYS-GBR,MYS_2018,GBR_2018,-0.3971993636911317,UNComtrade,467.134855,6.146617984719847
MYS,GBR,2019,2198915982.797,2198915982.797,1,0,1,,0.6628,total,MYS-GBR,MYS_2019,GBR_2019,-0.4112819934297292,UNComtrade,460.5462075,6.132413192680982
MYS,GBR,2020,2375537687.072,2375537687.072,1,0,1,,0.674,total,MYS-GBR,MYS_2020,GBR_2020,-0.3945251680698299,UNComtrade,468.5965325,6.14974212634508
MYS,GBR,2021,2360787591.803,2360787591.803,1,0,1,,0.6664,total,MYS-GBR,MYS_2021,GBR_2021,-0.4058651881295041,UNComtrade,473.33377,6.159800784461982
MYS,GBR,2022,2109616552.814,2109616552.814,1,0,1,,0.6619,total,MYS-GBR,MYS_2022,GBR_2022,-0.4126407918572599,UNComtrade,477.81565,6.169224988645797
MYS,GBR,2023,1925328176.458,1925328176.458,1,0,1,,0.6584,total,MYS-GBR,MYS_2023,GBR_2023,-0.417942629619277,UNComtrade,493.3251475,6.201168485046982
MYS,GBR,2024,1881245026.158,1881245026.158,1,0,1,,0.6713,total,MYS-GBR,MYS_2024,GBR_2024,-0.3985391480374312,UNComtrade,491.4130175,6.197284950375199
MYS,HKG,2010,10117899381.0,10117899381.0,1,0,1,,0.6621,total,MYS-HKG,MYS_2010,HKG_2010,-0.4123386770513366,UNComtrade,442.247695,6.09187012104214
MYS,HKG,2011,10210521564.0,10210521564.0,1,0,1,,0.7032,total,MYS-HKG,MYS_2011,HKG_2011,-0.3521139326111697,UNComtrade,493.95318,6.202440735368333
MYS,HKG,2012,9732207885.0,9732207885.0,1,0,1,,0.7284,total,MYS-HKG,MYS_2012,HKG_2012,-0.3169049311286841,UNComtrade,480.83371,6.175521493076056
MYS,HKG,2013,9910113939.0,9910113939.0,1,0,1,,0.7337,total,MYS-HKG,MYS_2013,HKG_2013,-0.3096550532621884,UNComtrade,474.15216,6.161528282839765
MYS,HKG,2014,11314107230.0,11314107230.0,1,0,1,,0.7443,total,MYS-HKG,MYS_2014,HKG_2014,-0.2953110996162721,UNComtrade,461.6900325,6.134893740585947
MYS,HKG,2015,9459537258.0,9459537258.0,1,0,1,,0.7302,total,MYS-HKG,MYS_2015,HKG_2015,-0.3144368097606006,UNComtrade,473.30025,6.159729965118275
MYS,HKG,2016,9071549843.0,9071549843.0,1,0,1,,0.7037,total,MYS-HKG,MYS_2016,HKG_2016,-0.3514031500096338,UNComtrade,478.178465,6.169984020551384
MYS,HKG,2017,11111390200.553,11111390200.553,1,0,1,,0.6636,total,MYS-HKG,MYS_2017,HKG_2017,-0.4100757206658477,UNComtrade,463.0247075,6.137780416593316
MYS,HKG,2018,18544891003.249,18544891003.249,1,0,1,,0.6794,total,MYS-HKG,MYS_2018,HKG_2018,-0.3865452232556535,UNComtrade,467.134855,6.146617984719847
MYS,HKG,2019,16083265150.767,16083265150.767,1,0,1,,0.6477,total,MYS-HKG,MYS_2019,HKG_2019,-0.4343276527932656,UNComtrade,460.5462075,6.132413192680982
MYS,HKG,2020,16216749059.307,16216749059.307,1,0,1,,0.6842,total,MYS-HKG,MYS_2020,HKG_2020,-0.3795050064386327,UNComtrade,468.5965325,6.14974212634508
MYS,HKG,2021,18494037028.564,18494037028.564,1,0,1,,0.6754,total,MYS-HKG,MYS_2021,HKG_2021,-0.3924501710306697,UNComtrade,473.33377,6.159800784461982
MYS,HKG,2022,21737858533.948,21737858533.948,1,0,1,,0.6419,total,MYS-HKG,MYS_2022,HKG_2022,-0.4433227506644045,UNComtrade,477.81565,6.169224988645797
MYS,HKG,2023,19698224010.991,19698224010.991,1,0,1,,0.6418,total,MYS-HKG,MYS_2023,HKG_2023,-0.4434785503063805,UNComtrade,493.3251475,6.201168485046982
MYS,HKG,2024,19411764753.805,19411764753.805,1,0,1,,0.6786,total,MYS-HKG,MYS_2024,HKG_2024,-0.3877234266320073,UNComtrade,491.4130175,6.197284950375199
MYS,IDN,2010,5628911754.0,5628911754.0,1,0,1,,0.4809,total,MYS-IDN,MYS_2010,IDN_2010,-0.7320959306985201,UNComtrade,442.247695,6.09187012104214
MYS,IDN,2011,6804684573.0,6804684573.0,1,0,1,,0.4857,total,MYS-IDN,MYS_2011,IDN_2011,-0.7221641296304379,UNComtrade,493.95318,6.202440735368333
MYS,IDN,2012,8937255991.0,8937255991.0,1,0,1,,0.4621,total,MYS-IDN,MYS_2012,IDN_2012,-0.7719739611059163,UNComtrade,480.83371,6.175521493076056
MYS,IDN,2013,10500207198.0,10500207198.0,1,0,1,,0.4427,total,MYS-IDN,MYS_2013,IDN_2013,-0.8148629392440417,UNComtrade,474.15216,6.161528282839765
MYS,IDN,2014,9705608585.0,9705608585.0,1,0,1,,0.4411,total,MYS-IDN,MYS_2014,IDN_2014,-0.818483671871243,UNComtrade,461.6900325,6.134893740585947
MYS,IDN,2015,7469624032.0,7469624032.0,1,0,1,,0.4307,total,MYS-IDN,MYS_2015,IDN_2015,-0.8423434869220721,UNComtrade,473.30025,6.159729965118275
MYS,IDN,2016,6665869404.0,6665869404.0,1,0,1,,0.4157,total,MYS-IDN,MYS_2016,IDN_2016,-0.8777914327235452,UNComtrade,478.178465,6.169984020551384
MYS,IDN,2017,7831818107.243,7831818107.243,1,0,1,,0.4118,total,MYS-IDN,MYS_2017,IDN_2017,-0.8872174843884479,UNComtrade,463.0247075,6.137780416593316
MYS,IDN,2018,7907261703.607,7907261703.607,1,0,1,,0.4778,total,MYS-IDN,MYS_2018,IDN_2018,-0.7385630440904278,UNComtrade,467.134855,6.146617984719847
MYS,IDN,2019,7562626823.293,7562626823.293,1,0,1,,0.4719,total,MYS-IDN,MYS_2019,IDN_2019,-0.7509881802497953,UNComtrade,460.5462075,6.132413192680982
MYS,IDN,2020,7039109642.003,7039109642.003,1,0,1,,0.4959,total,MYS-IDN,MYS_2020,IDN_2020,-0.7013809854870489,UNComtrade,468.5965325,6.14974212634508
MYS,IDN,2021,9465142517.591,9465142517.591,1,0,1,,0.4052,total,MYS-IDN,MYS_2021,IDN_2021,-0.9033745066076088,UNComtrade,473.33377,6.159800784461982
MYS,IDN,2022,12664226164.904,12664226164.904,1,0,1,,0.3981,total,MYS-IDN,MYS_2022,IDN_2022,-0.9210520489758656,UNComtrade,477.81565,6.169224988645797
MYS,IDN,2023,11162555979.958,11162555979.958,1,0,1,,0.5253,total,MYS-IDN,MYS_2023,IDN_2023,-0.6437857510222212,UNComtrade,493.3251475,6.201168485046982
MYS,IDN,2024,11888026303.359,11888026303.359,1,0,1,,0.4386,total,MYS-IDN,MYS_2024,IDN_2024,-0.8241674429983492,UNComtrade,491.4130175,6.197284950375199
MYS,IND,2010,6516310689.0,6516310689.0,1,0,1,,0.5608,total,MYS-IND,MYS_2010,IND_2010,-0.5783909432617568,UNComtrade,442.247695,6.09187012104214
MYS,IND,2011,9209461687.0,9209461687.0,1,0,1,,0.5585,total,MYS-IND,MYS_2011,IND_2011,-0.5825006604728816,UNComtrade,493.95318,6.202440735368333
MYS,IND,2012,9492710234.0,9492710234.0,1,0,1,,0.5845,total,MYS-IND,MYS_2012,IND_2012,-0.5369984980700139,UNComtrade,480.83371,6.175521493076056
MYS,IND,2013,8161429153.0,8161429153.0,1,0,1,,0.5813,total,MYS-IND,MYS_2013,IND_2013,-0.5424883042748321,UNComtrade,474.15216,6.161528282839765
MYS,IND,2014,9748022284.0,9748022284.0,1,0,1,,0.5792,total,MYS-IND,MYS_2014,IND_2014,-0.5461074379106303,UNComtrade,461.6900325,6.134893740585947
MYS,IND,2015,8128612215.0,8128612215.0,1,0,1,,0.579,total,MYS-IND,MYS_2015,IND_2015,-0.5464528014091419,UNComtrade,473.30025,6.159729965118275
MYS,IND,2016,7713560900.0,7713560900.0,1,0,1,,0.5945,total,MYS-IND,MYS_2016,IND_2016,-0.5200345628513005,UNComtrade,478.178465,6.169984020551384
MYS,IND,2017,8041444861.263,8041444861.263,1,0,1,,0.5925,total,MYS-IND,MYS_2017,IND_2017,-0.5234044059728508,UNComtrade,463.0247075,6.137780416593316
MYS,IND,2018,9006024065.754,9006024065.754,1,0,1,,0.5892,total,MYS-IND,MYS_2018,IND_2018,-0.5289895943936619,UNComtrade,467.134855,6.146617984719847
MYS,IND,2019,9315079404.783,9315079404.783,1,0,1,,0.5736,total,MYS-IND,MYS_2019,IND_2019,-0.5558229896967265,UNComtrade,460.5462075,6.132413192680982
MYS,IND,2020,7233000121.629,7233000121.629,1,0,1,,0.5735,total,MYS-IND,MYS_2020,IND_2020,-0.5559973424127117,UNComtrade,468.5965325,6.14974212634508
MYS,IND,2021,10905264686.903,10905264686.903,1,0,1,,0.5846,total,MYS-IND,MYS_2021,IND_2021,-0.5368274263049915,UNComtrade,473.33377,6.159800784461982
MYS,IND,2022,12442889566.948,12442889566.948,1,0,1,,0.5891,total,MYS-IND,MYS_2022,IND_2022,-0.5291593304544955,UNComtrade,477.81565,6.169224988645797
MYS,IND,2023,9984902056.071,9984902056.071,1,0,1,,0.6001,total,MYS-IND,MYS_2023,IND_2023,-0.5106589709866699,UNComtrade,493.3251475,6.201168485046982
MYS,IND,2024,11391187905.397,11391187905.397,1,0,1,,0.6228,total,MYS-IND,MYS_2024,IND_2024,-0.4735298390222937,UNComtrade,491.4130175,6.197284950375199
MYS,ITA,2010,1072400126.0,1072400126.0,1,0,1,,0.5594,total,MYS-ITA,MYS_2010,ITA_2010,-0.5808904982142777,UNComtrade,442.247695,6.09187012104214
MYS,ITA,2011,1179107639.0,1179107639.0,1,0,1,,0.5973,total,MYS-ITA,MYS_2011,ITA_2011,-0.5153357792438766,UNComtrade,493.95318,6.202440735368333
MYS,ITA,2012,953054235.0,953054235.0,1,0,1,,0.6194,total,MYS-ITA,MYS_2012,ITA_2012,-0.4790040114430347,UNComtrade,480.83371,6.175521493076056
MYS,ITA,2013,1016500452.0,1016500452.0,1,0,1,,0.6383,total,MYS-ITA,MYS_2013,ITA_2013,-0.4489468867201254,UNComtrade,474.15216,6.161528282839765
MYS,ITA,2014,902402977.0,902402977.0,1,0,1,,0.6266,total,MYS-ITA,MYS_2014,ITA_2014,-0.4674469004640456,UNComtrade,461.6900325,6.134893740585947
MYS,ITA,2015,933377459.0,933377459.0,1,0,1,,0.6294,total,MYS-ITA,MYS_2015,ITA_2015,-0.4629882943518306,UNComtrade,473.30025,6.159729965118275
MYS,ITA,2016,965006320.0,965006320.0,1,0,1,,0.635,total,MYS-ITA,MYS_2016,ITA_2016,-0.4541302800894454,UNComtrade,478.178465,6.169984020551384
MYS,ITA,2017,1065335312.972,1065335312.972,1,0,1,,0.6146,total,MYS-ITA,MYS_2017,ITA_2017,-0.4867836292857527,UNComtrade,463.0247075,6.137780416593316
MYS,ITA,2018,1439215994.457,1439215994.457,1,0,1,,0.6405,total,MYS-ITA,MYS_2018,ITA_2018,-0.4455061576453482,UNComtrade,467.134855,6.146617984719847
MYS,ITA,2019,1219845846.876,1219845846.876,1,0,1,,0.6241,total,MYS-ITA,MYS_2019,ITA_2019,-0.4714446670421398,UNComtrade,460.5462075,6.132413192680982
MYS,ITA,2020,1301529762.405,1301529762.405,1,0,1,,0.63,total,MYS-ITA,MYS_2020,ITA_2020,-0.4620354595965587,UNComtrade,468.5965325,6.14974212634508
MYS,ITA,2021,1724218119.259,1724218119.259,1,0,1,,0.6476,total,MYS-ITA,MYS_2021,ITA_2021,-0.434482057178657,UNComtrade,473.33377,6.159800784461982
MYS,ITA,2022,1914143713.585,1914143713.585,1,0,1,,0.6558,total,MYS-ITA,MYS_2022,ITA_2022,-0.4218994145715891,UNComtrade,477.81565,6.169224988645797
MYS,ITA,2023,1376447327.747,1376447327.747,1,0,1,,0.6504,total,MYS-ITA,MYS_2023,ITA_2023,-0.4301677207485362,UNComtrade,493.3251475,6.201168485046982
MYS,ITA,2024,1467124944.64,1467124944.64,1,0,1,,0.6649,total,MYS-ITA,MYS_2024,ITA_2024,-0.4081186255737277,UNComtrade,491.4130175,6.197284950375199
MYS,JPN,2010,20611236466.0,20611236466.0,1,0,1,,0.5927,total,MYS-JPN,MYS_2010,JPN_2010,-0.5230669101883446,UNComtrade,442.247695,6.09187012104214
MYS,JPN,2011,26134472803.0,26134472803.0,1,0,1,,0.6147,total,MYS-JPN,MYS_2011,JPN_2011,-0.4866209350691732,UNComtrade,493.95318,6.202440735368333
MYS,JPN,2012,26997638169.0,26997638169.0,1,0,1,,0.6412,total,MYS-JPN,MYS_2012,JPN_2012,-0.4444138582467392,UNComtrade,480.83371,6.175521493076056
MYS,JPN,2013,25115836966.0,25115836966.0,1,0,1,,0.6196,total,MYS-JPN,MYS_2013,JPN_2013,-0.4786811704394234,UNComtrade,474.15216,6.161528282839765
MYS,JPN,2014,25276972662.0,25276972662.0,1,0,1,,0.6135,total,MYS-JPN,MYS_2014,JPN_2014,-0.4885750148311708,UNComtrade,461.6900325,6.134893740585947
MYS,JPN,2015,18947306390.0,18947306390.0,1,0,1,,0.6379,total,MYS-JPN,MYS_2015,JPN_2015,-0.4495737477342273,UNComtrade,473.30025,6.159729965118275
MYS,JPN,2016,15250309112.0,15250309112.0,1,0,1,,0.6463,total,MYS-JPN,MYS_2016,JPN_2016,-0.4364914867132873,UNComtrade,478.178465,6.169984020551384
MYS,JPN,2017,17580964542.227,17580964542.227,1,0,1,,0.6232,total,MYS-JPN,MYS_2017,JPN_2017,-0.4728877844255986,UNComtrade,463.0247075,6.137780416593316
MYS,JPN,2018,17442945888.747,17442945888.747,1,0,1,,0.5939,total,MYS-JPN,MYS_2018,JPN_2018,-0.5210443239603225,UNComtrade,467.134855,6.146617984719847
MYS,JPN,2019,15931989607.276,15931989607.276,1,0,1,,0.5932,total,MYS-JPN,MYS_2019,JPN_2019,-0.5222236687183601,UNComtrade,460.5462075,6.132413192680982
MYS,JPN,2020,14883236600.952,14883236600.952,1,0,1,,0.6062,total,MYS-JPN,MYS_2020,JPN_2020,-0.5005453143584343,UNComtrade,468.5965325,6.14974212634508
MYS,JPN,2021,18166720214.93,18166720214.93,1,0,1,,0.6301,total,MYS-JPN,MYS_2021,JPN_2021,-0.4618767420341272,UNComtrade,473.33377,6.159800784461982
MYS,JPN,2022,22416749634.925,22416749634.925,1,0,1,,0.5334,total,MYS-JPN,MYS_2022,JPN_2022,-0.6284836672342232,UNComtrade,477.81565,6.169224988645797
MYS,JPN,2023,18791083935.164,18791083935.164,1,0,1,,0.5419,total,MYS-JPN,MYS_2023,JPN_2023,-0.6126737964100685,UNComtrade,493.3251475,6.201168485046982
MYS,JPN,2024,18052530591.458,18052530591.458,1,0,1,,0.5794,total,MYS-JPN,MYS_2024,JPN_2024,-0.5457621936468869,UNComtrade,491.4130175,6.197284950375199
MYS,KHM,2010,197572648.0,197572648.0,1,0,1,,0.2606,total,MYS-KHM,MYS_2010,KHM_2010,-1.3447686142913924,UNComtrade,442.247695,6.09187012104214
MYS,KHM,2011,258250045.0,258250045.0,1,0,1,,0.2755,total,MYS-KHM,MYS_2011,KHM_2011,-1.2891676503891678,UNComtrade,493.95318,6.202440735368333
MYS,KHM,2012,249018510.0,249018510.0,1,0,1,,0.2761,total,MYS-KHM,MYS_2012,KHM_2012,-1.2869921600460283,UNComtrade,480.83371,6.175521493076056
MYS,KHM,2013,235435475.0,235435475.0,1,0,1,,0.2793,total,MYS-KHM,MYS_2013,KHM_2013,-1.275468806031006,UNComtrade,474.15216,6.161528282839765
MYS,KHM,2014,242931912.0,242931912.0,1,0,1,,0.2834,total,MYS-KHM,MYS_2014,KHM_2014,-1.2608959517255571,UNComtrade,461.6900325,6.134893740585947
MYS,KHM,2015,235453414.0,235453414.0,1,0,1,,0.2997,total,MYS-KHM,MYS_2015,KHM_2015,-1.2049733046595197,UNComtrade,473.30025,6.159729965118275
MYS,KHM,2016,284981856.0,284981856.0,1,0,1,,0.3082,total,MYS-KHM,MYS_2016,KHM_2016,-1.1770063560961217,UNComtrade,478.178465,6.169984020551384
MYS,KHM,2017,290320969.973,290320969.973,1,0,1,,0.3026,total,MYS-KHM,MYS_2017,KHM_2017,-1.1953434776278815,UNComtrade,463.0247075,6.137780416593316
MYS,KHM,2018,383877251.11,383877251.11,1,0,1,,0.2927,total,MYS-KHM,MYS_2018,KHM_2018,-1.2286070852842967,UNComtrade,467.134855,6.146617984719847
MYS,KHM,2019,626396761.82,626396761.82,1,0,1,,0.2978,total,MYS-KHM,MYS_2019,KHM_2019,-1.2113331587322285,UNComtrade,460.5462075,6.132413192680982
MYS,KHM,2020,355705363.183,355705363.183,1,0,1,,0.2981,total,MYS-KHM,MYS_2020,KHM_2020,-1.2103262782981117,UNComtrade,468.5965325,6.14974212634508
MYS,KHM,2021,457104597.971,457104597.971,1,0,1,,0.3034,total,MYS-KHM,MYS_2021,KHM_2021,-1.1927032120677052,UNComtrade,473.33377,6.159800784461982
MYS,KHM,2022,525151067.301,525151067.301,1,0,1,,0.2975,total,MYS-KHM,MYS_2022,KHM_2022,-1.2123410539964528,UNComtrade,477.81565,6.169224988645797
MYS,KHM,2023,514868619.507,514868619.507,1,0,1,,0.3013,total,MYS-KHM,MYS_2023,KHM_2023,-1.1996488328458814,UNComtrade,493.3251475,6.201168485046982
MYS,KHM,2024,667517568.458,667517568.458,1,0,1,,0.3106,total,MYS-KHM,MYS_2024,KHM_2024,-1.1692493682675504,UNComtrade,491.4130175,6.197284950375199
MYS,KOR,2010,7522739791.0,7522739791.0,1,0,1,,0.6098,total,MYS-KOR,MYS_2010,KOR_2010,-0.4946242444279826,UNComtrade,442.247695,6.09187012104214
MYS,KOR,2011,8438356237.0,8438356237.0,1,0,1,,0.679,total,MYS-KOR,MYS_2011,KOR_2011,-0.3871341514234409,UNComtrade,493.95318,6.202440735368333
MYS,KOR,2012,8211851243.0,8211851243.0,1,0,1,,0.7134,total,MYS-KOR,MYS_2012,KOR_2012,-0.3377130060573458,UNComtrade,480.83371,6.175521493076056
MYS,KOR,2013,8308624734.0,8308624734.0,1,0,1,,0.7196,total,MYS-KOR,MYS_2013,KOR_2013,-0.329059776905759,UNComtrade,474.15216,6.161528282839765
MYS,KOR,2014,8571522816.0,8571522816.0,1,0,1,,0.7312,total,MYS-KOR,MYS_2014,KOR_2014,-0.3130682588421968,UNComtrade,461.6900325,6.134893740585947
MYS,KOR,2015,6476229104.0,6476229104.0,1,0,1,,0.7171,total,MYS-KOR,MYS_2015,KOR_2015,-0.3325399780936079,UNComtrade,473.30025,6.159729965118275
MYS,KOR,2016,5491727107.0,5491727107.0,1,0,1,,0.72,total,MYS-KOR,MYS_2016,KOR_2016,-0.3285040669720361,UNComtrade,478.178465,6.169984020551384
MYS,KOR,2017,6657149511.254,6657149511.254,1,0,1,,0.6834,total,MYS-KOR,MYS_2017,KOR_2017,-0.3806749393009456,UNComtrade,463.0247075,6.137780416593316
MYS,KOR,2018,8484801253.802,8484801253.802,1,0,1,,0.7129,total,MYS-KOR,MYS_2018,KOR_2018,-0.3384141208585543,UNComtrade,467.134855,6.146617984719847
MYS,KOR,2019,8263071678.515,8263071678.515,1,0,1,,0.7089,total,MYS-KOR,MYS_2019,KOR_2019,-0.3440408061211652,UNComtrade,460.5462075,6.132413192680982
MYS,KOR,2020,8258351929.06,8258351929.06,1,0,1,,0.7326,total,MYS-KOR,MYS_2020,KOR_2020,-0.311155428637423,UNComtrade,468.5965325,6.14974212634508
MYS,KOR,2021,9087297935.267,9087297935.267,1,0,1,,0.7121,total,MYS-KOR,MYS_2021,KOR_2021,-0.339536927994058,UNComtrade,473.33377,6.159800784461982
MYS,KOR,2022,12475676293.832,12475676293.832,1,0,1,,0.7019,total,MYS-KOR,MYS_2022,KOR_2022,-0.3539643352457613,UNComtrade,477.81565,6.169224988645797
MYS,KOR,2023,12251988521.681,12251988521.681,1,0,1,,0.7144,total,MYS-KOR,MYS_2023,KOR_2023,-0.3363122494198477,UNComtrade,493.3251475,6.201168485046982
MYS,KOR,2024,11789383055.132,11789383055.132,1,0,1,,0.7276,total,MYS-KOR,MYS_2024,KOR_2024,-0.3180038323381698,UNComtrade,491.4130175,6.197284950375199
MYS,LAO,2010,15092440.0,15092440.0,1,0,1,,,total,MYS-LAO,MYS_2010,LAO_2010,,UNComtrade,442.247695,6.09187012104214
MYS,LAO,2011,13750805.0,13750805.0,1,0,1,,,total,MYS-LAO,MYS_2011,LAO_2011,,UNComtrade,493.95318,6.202440735368333
MYS,LAO,2012,12899433.0,12899433.0,1,0,1,,,total,MYS-LAO,MYS_2012,LAO_2012,,UNComtrade,480.83371,6.175521493076056
MYS,LAO,2013,22868155.0,22868155.0,1,0,1,,,total,MYS-LAO,MYS_2013,LAO_2013,,UNComtrade,474.15216,6.161528282839765
MYS,LAO,2014,24877697.0,24877697.0,1,0,1,,,total,MYS-LAO,MYS_2014,LAO_2014,,UNComtrade,461.6900325,6.134893740585947
MYS,LAO,2015,14908378.0,14908378.0,1,0,1,,,total,MYS-LAO,MYS_2015,LAO_2015,,UNComtrade,473.30025,6.159729965118275
MYS,LAO,2016,18549823.0,18549823.0,1,0,1,,,total,MYS-LAO,MYS_2016,LAO_2016,,UNComtrade,478.178465,6.169984020551384
MYS,LAO,2017,14509013.213,14509013.213,1,0,1,,,total,MYS-LAO,MYS_2017,LAO_2017,,UNComtrade,463.0247075,6.137780416593316
MYS,LAO,2018,10146054.927,10146054.927,1,0,1,,,total,MYS-LAO,MYS_2018,LAO_2018,,UNComtrade,467.134855,6.146617984719847
MYS,LAO,2019,8089165.718,8089165.718,1,0,1,,,total,MYS-LAO,MYS_2019,LAO_2019,,UNComtrade,460.5462075,6.132413192680982
MYS,LAO,2020,13379012.637,13379012.637,1,0,1,,,total,MYS-LAO,MYS_2020,LAO_2020,,UNComtrade,468.5965325,6.14974212634508
MYS,LAO,2021,27337540.722,27337540.722,1,0,1,,,total,MYS-LAO,MYS_2021,LAO_2021,,UNComtrade,473.33377,6.159800784461982
MYS,LAO,2022,215055707.947,215055707.947,1,0,1,,,total,MYS-LAO,MYS_2022,LAO_2022,,UNComtrade,477.81565,6.169224988645797
MYS,LAO,2023,29626455.946,29626455.946,1,0,1,,,total,MYS-LAO,MYS_2023,LAO_2023,,UNComtrade,493.3251475,6.201168485046982
MYS,LAO,2024,14843732.869,14843732.869,1,0,1,,,total,MYS-LAO,MYS_2024,LAO_2024,,UNComtrade,491.4130175,6.197284950375199
MYS,MMR,2010,369510400.0,369510400.0,1,0,1,,0.2465,total,MYS-MMR,MYS_2010,MMR_2010,-1.4003932854993923,UNComtrade,442.247695,6.09187012104214
MYS,MMR,2011,558967883.0,558967883.0,1,0,1,,0.2403,total,MYS-MMR,MYS_2011,MMR_2011,-1.4258671362397135,UNComtrade,493.95318,6.202440735368333
MYS,MMR,2012,704519373.0,704519373.0,1,0,1,,0.2663,total,MYS-MMR,MYS_2012,MMR_2012,-1.3231317861622505,UNComtrade,480.83371,6.175521493076056
MYS,MMR,2013,716950672.0,716950672.0,1,0,1,,0.2803,total,MYS-MMR,MYS_2013,MMR_2013,-1.2718948208113945,UNComtrade,474.15216,6.161528282839765
MYS,MMR,2014,804977431.0,804977431.0,1,0,1,,0.28,total,MYS-MMR,MYS_2014,MMR_2014,-1.272965675812887,UNComtrade,461.6900325,6.134893740585947
MYS,MMR,2015,786717781.0,786717781.0,1,0,1,,0.3048,total,MYS-MMR,MYS_2015,MMR_2015,-1.1880994551696458,UNComtrade,473.30025,6.159729965118275
MYS,MMR,2016,945885285.0,945885285.0,1,0,1,,0.319,total,MYS-MMR,MYS_2016,MMR_2016,-1.1425641761972924,UNComtrade,478.178465,6.169984020551384
MYS,MMR,2017,963562545.087,963562545.087,1,0,1,,0.3151,total,MYS-MMR,MYS_2017,MMR_2017,-1.1548652302189082,UNComtrade,463.0247075,6.137780416593316
MYS,MMR,2018,696427263.597,696427263.597,1,0,1,,0.3215,total,MYS-MMR,MYS_2018,MMR_2018,-1.1347577353044629,UNComtrade,467.134855,6.146617984719847
MYS,MMR,2019,683336063.095,683336063.095,1,0,1,,0.2929,total,MYS-MMR,MYS_2019,MMR_2019,-1.2279240251484491,UNComtrade,460.5462075,6.132413192680982
MYS,MMR,2020,729519569.229,729519569.229,1,0,1,,0.3115,total,MYS-MMR,MYS_2020,MMR_2020,-1.1663559407546291,UNComtrade,468.5965325,6.14974212634508
MYS,MMR,2021,654004196.98,654004196.98,1,0,1,,0.3102,total,MYS-MMR,MYS_2021,MMR_2021,-1.1705380282396989,UNComtrade,473.33377,6.159800784461982
MYS,MMR,2022,1355740377.383,1355740377.383,1,0,1,,0.2931,total,MYS-MMR,MYS_2022,MMR_2022,-1.2272414312652902,UNComtrade,477.81565,6.169224988645797
MYS,MMR,2023,877942926.742,877942926.742,1,0,1,,0.307,total,MYS-MMR,MYS_2023,MMR_2023,-1.18090753139494,UNComtrade,493.3251475,6.201168485046982
MYS,MMR,2024,691988872.399,691988872.399,1,0,1,,0.3174,total,MYS-MMR,MYS_2024,MMR_2024,-1.1475924708898284,UNComtrade,491.4130175,6.197284950375199
MYS,NLD,2010,6286028046.0,6286028046.0,1,0,1,,0.581,total,MYS-NLD,MYS_2010,NLD_2010,-0.5430045221302259,UNComtrade,442.247695,6.09187012104214
MYS,NLD,2011,6307106967.0,6307106967.0,1,0,1,,0.6073,total,MYS-NLD,MYS_2011,NLD_2011,-0.4987323760786075,UNComtrade,493.95318,6.202440735368333
MYS,NLD,2012,6007455520.0,6007455520.0,1,0,1,,0.6261,total,MYS-NLD,MYS_2012,NLD_2012,-0.4682451762308723,UNComtrade,480.83371,6.175521493076056
MYS,NLD,2013,6569679845.0,6569679845.0,1,0,1,,0.6507,total,MYS-NLD,MYS_2013,NLD_2013,-0.4297065724811987,UNComtrade,474.15216,6.161528282839765
MYS,NLD,2014,7162913020.0,7162913020.0,1,0,1,,0.6587,total,MYS-NLD,MYS_2014,NLD_2014,-0.4174870833354899,UNComtrade,461.6900325,6.134893740585947
MYS,NLD,2015,6005469229.0,6005469229.0,1,0,1,,0.6437,total,MYS-NLD,MYS_2015,NLD_2015,-0.4405224999235668,UNComtrade,473.30025,6.159729965118275
MYS,NLD,2016,5285787732.0,5285787732.0,1,0,1,,0.6547,total,MYS-NLD,MYS_2016,NLD_2016,-0.4235781635350914,UNComtrade,478.178465,6.169984020551384
MYS,NLD,2017,6264402989.287,6264402989.287,1,0,1,,0.6341,total,MYS-NLD,MYS_2017,NLD_2017,-0.4555486082761511,UNComtrade,463.0247075,6.137780416593316
MYS,NLD,2018,6393621687.897,6393621687.897,1,0,1,,0.6652,total,MYS-NLD,MYS_2018,NLD_2018,-0.4076675316633644,UNComtrade,467.134855,6.146617984719847
MYS,NLD,2019,6348445089.379,6348445089.379,1,0,1,,0.6544,total,MYS-NLD,MYS_2019,NLD_2019,-0.4240364936935998,UNComtrade,460.5462075,6.132413192680982
MYS,NLD,2020,5587739409.403,5587739409.403,1,0,1,,0.6668,total,MYS-NLD,MYS_2020,NLD_2020,-0.4052651281054982,UNComtrade,468.5965325,6.14974212634508
MYS,NLD,2021,7524331728.783,7524331728.783,1,0,1,,0.6579,total,MYS-NLD,MYS_2021,NLD_2021,-0.4187023348901847,UNComtrade,473.33377,6.159800784461982
MYS,NLD,2022,9531745337.484,9531745337.484,1,0,1,,0.6596,total,MYS-NLD,MYS_2022,NLD_2022,-0.4161216882966932,UNComtrade,477.81565,6.169224988645797
MYS,NLD,2023,7861578214.028,7861578214.028,1,0,1,,0.6561,total,MYS-NLD,MYS_2023,NLD_2023,-0.4214420626313052,UNComtrade,493.3251475,6.201168485046982
MYS,NLD,2024,7793544631.176,7793544631.176,1,0,1,,0.6663,total,MYS-NLD,MYS_2024,NLD_2024,-0.4060152594136456,UNComtrade,491.4130175,6.197284950375199
MYS,PHL,2010,3109385484.0,3109385484.0,1,0,1,,0.3637,total,MYS-PHL,MYS_2010,PHL_2010,-1.0114259269891936,UNComtrade,442.247695,6.09187012104214
MYS,PHL,2011,3575616985.0,3575616985.0,1,0,1,,0.3841,total,MYS-PHL,MYS_2011,PHL_2011,-0.956852343630278,UNComtrade,493.95318,6.202440735368333
MYS,PHL,2012,3390002951.0,3390002951.0,1,0,1,,0.3721,total,MYS-PHL,MYS_2012,PHL_2012,-0.9885926436295602,UNComtrade,480.83371,6.175521493076056
MYS,PHL,2013,2962530137.0,2962530137.0,1,0,1,,0.3943,total,MYS-PHL,MYS_2013,PHL_2013,-0.9306432380985556,UNComtrade,474.15216,6.161528282839765
MYS,PHL,2014,3682066405.0,3682066405.0,1,0,1,,0.4003,total,MYS-PHL,MYS_2014,PHL_2014,-0.9155410129836092,UNComtrade,461.6900325,6.134893740585947
MYS,PHL,2015,3383872686.0,3383872686.0,1,0,1,,0.3683,total,MYS-PHL,MYS_2015,PHL_2015,-0.9988574555311174,UNComtrade,473.30025,6.159729965118275
MYS,PHL,2016,3288388948.0,3288388948.0,1,0,1,,0.3912,total,MYS-PHL,MYS_2016,PHL_2016,-0.9385363408214747,UNComtrade,478.178465,6.169984020551384
MYS,PHL,2017,3847313505.453,3847313505.453,1,0,1,,0.3913,total,MYS-PHL,MYS_2017,PHL_2017,-0.9382807497657704,UNComtrade,463.0247075,6.137780416593316
MYS,PHL,2018,4201855298.257,4201855298.257,1,0,1,,0.4074,total,MYS-PHL,MYS_2018,PHL_2018,-0.8979597751894316,UNComtrade,467.134855,6.146617984719847
MYS,PHL,2019,4491884129.433,4491884129.433,1,0,1,,0.4068,total,MYS-PHL,MYS_2019,PHL_2019,-0.8994336148077322,UNComtrade,460.5462075,6.132413192680982
MYS,PHL,2020,4188601388.908,4188601388.908,1,0,1,,0.3754,total,MYS-PHL,MYS_2020,PHL_2020,-0.9797631548297284,UNComtrade,468.5965325,6.14974212634508
MYS,PHL,2021,5459821684.73,5459821684.73,1,0,1,,0.3564,total,MYS-PHL,MYS_2021,PHL_2021,-1.0317015833854828,UNComtrade,473.33377,6.159800784461982
MYS,PHL,2022,6415430807.58,6415430807.58,1,0,1,,0.3628,total,MYS-PHL,MYS_2022,PHL_2022,-1.0139035607411555,UNComtrade,477.81565,6.169224988645797
MYS,PHL,2023,5798651241.254,5798651241.254,1,0,1,,0.3994,total,MYS-PHL,MYS_2023,PHL_2023,-0.9177918580004224,UNComtrade,493.3251475,6.201168485046982
MYS,PHL,2024,6078958497.925,6078958497.925,1,0,1,,0.4141,total,MYS-PHL,MYS_2024,PHL_2024,-0.8816477884306154,UNComtrade,491.4130175,6.197284950375199
MYS,SGP,2010,26552829603.0,26552829603.0,1,0,1,,0.7106,total,MYS-SGP,MYS_2010,SGP_2010,-0.3416455953952103,UNComtrade,442.247695,6.09187012104214
MYS,SGP,2011,28812576549.0,28812576549.0,1,0,1,,0.7308,total,MYS-SGP,MYS_2011,SGP_2011,-0.3136154544782853,UNComtrade,493.95318,6.202440735368333
MYS,SGP,2012,30931145663.0,30931145663.0,1,0,1,,0.7505,total,MYS-SGP,MYS_2012,SGP_2012,-0.2870156279086205,UNComtrade,480.83371,6.175521493076056
MYS,SGP,2013,31778865871.0,31778865871.0,1,0,1,,0.7814,total,MYS-SGP,MYS_2013,SGP_2013,-0.2466680963611668,UNComtrade,474.15216,6.161528282839765
MYS,SGP,2014,33262665974.0,33262665974.0,1,0,1,,0.7905,total,MYS-SGP,MYS_2014,SGP_2014,-0.2350896223326103,UNComtrade,461.6900325,6.134893740585947
MYS,SGP,2015,27842989314.0,27842989314.0,1,0,1,,0.7765,total,MYS-SGP,MYS_2015,SGP_2015,-0.2529586363933953,UNComtrade,473.30025,6.159729965118275
MYS,SGP,2016,27581069045.0,27581069045.0,1,0,1,,0.7738,total,MYS-SGP,MYS_2016,SGP_2016,-0.2564418367157244,UNComtrade,478.178465,6.169984020551384
MYS,SGP,2017,31195409357.476,31195409357.476,1,0,1,,0.7516,total,MYS-SGP,MYS_2017,SGP_2017,-0.2855510114428267,UNComtrade,463.0247075,6.137780416593316
MYS,SGP,2018,34756978823.122,34756978823.122,1,0,1,,0.7945,total,MYS-SGP,MYS_2018,SGP_2018,-0.2300422930053664,UNComtrade,467.134855,6.146617984719847
MYS,SGP,2019,33090803477.136,33090803477.136,1,0,1,,0.7705,total,MYS-SGP,MYS_2019,SGP_2019,-0.2607156242219666,UNComtrade,460.5462075,6.132413192680982
MYS,SGP,2020,33816086266.581,33816086266.581,1,0,1,,0.7793,total,MYS-SGP,MYS_2020,SGP_2020,-0.2493591981326218,UNComtrade,468.5965325,6.14974212634508
MYS,SGP,2021,41847308487.154,41847308487.154,1,0,1,,0.7892,total,MYS-SGP,MYS_2021,SGP_2021,-0.2367355048336767,UNComtrade,473.33377,6.159800784461982
MYS,SGP,2022,52824251487.257,52824251487.257,1,0,1,,0.7673,total,MYS-SGP,MYS_2022,SGP_2022,-0.2648774197985175,UNComtrade,477.81565,6.169224988645797
MYS,SGP,2023,48092322740.089,48092322740.089,1,0,1,,0.7694,total,MYS-SGP,MYS_2023,SGP_2023,-0.2621442886639423,UNComtrade,493.3251475,6.201168485046982
MYS,SGP,2024,50446147531.818,50446147531.818,1,0,1,,0.7769,total,MYS-SGP,MYS_2024,SGP_2024,-0.2524436370257619,UNComtrade,491.4130175,6.197284950375199
MYS,THA,2010,10628482694.0,10628482694.0,1,0,1,,0.5097,total,MYS-THA,MYS_2010,THA_2010,-0.6739329616361409,UNComtrade,442.247695,6.09187012104214
MYS,THA,2011,11674034287.0,11674034287.0,1,0,1,,0.4846,total,MYS-THA,MYS_2011,THA_2011,-0.7244314705997117,UNComtrade,493.95318,6.202440735368333
MYS,THA,2012,12182164743.0,12182164743.0,1,0,1,,0.486,total,MYS-THA,MYS_2012,THA_2012,-0.7215466550816433,UNComtrade,480.83371,6.175521493076056
MYS,THA,2013,12660983976.0,12660983976.0,1,0,1,,0.4935,total,MYS-THA,MYS_2013,THA_2013,-0.7062324201086008,UNComtrade,474.15216,6.161528282839765
MYS,THA,2014,12307656537.0,12307656537.0,1,0,1,,0.5044,total,MYS-THA,MYS_2014,THA_2014,-0.6843856748913726,UNComtrade,461.6900325,6.134893740585947
MYS,THA,2015,11403387980.0,11403387980.0,1,0,1,,0.5141,total,MYS-THA,MYS_2015,THA_2015,-0.665337479920678,UNComtrade,473.30025,6.159729965118275
MYS,THA,2016,10628237217.0,10628237217.0,1,0,1,,0.5288,total,MYS-THA,MYS_2016,THA_2016,-0.6371449904446604,UNComtrade,478.178465,6.169984020551384
MYS,THA,2017,11762131864.896,11762131864.896,1,0,1,,0.5162,total,MYS-THA,MYS_2017,THA_2017,-0.6612609916976235,UNComtrade,463.0247075,6.137780416593316
MYS,THA,2018,14141009374.181,14141009374.181,1,0,1,,0.5147,total,MYS-THA,MYS_2018,THA_2018,-0.6641710723234281,UNComtrade,467.134855,6.146617984719847
MYS,THA,2019,13595304377.038,13595304377.038,1,0,1,,0.5409,total,MYS-THA,MYS_2019,THA_2019,-0.6145208601047557,UNComtrade,460.5462075,6.132413192680982
MYS,THA,2020,10786175541.45,10786175541.45,1,0,1,,0.5339,total,MYS-THA,MYS_2020,THA_2020,-0.6275467234759964,UNComtrade,468.5965325,6.14974212634508
MYS,THA,2021,12646128852.035,12646128852.035,1,0,1,,0.5846,total,MYS-THA,MYS_2021,THA_2021,-0.5368274263049915,UNComtrade,473.33377,6.159800784461982
MYS,THA,2022,14943379970.111,14943379970.111,1,0,1,,0.6078,total,MYS-THA,MYS_2022,THA_2022,-0.4979093984994443,UNComtrade,477.81565,6.169224988645797
MYS,THA,2023,12873639854.988,12873639854.988,1,0,1,,0.6094,total,MYS-THA,MYS_2023,THA_2023,-0.4952804124305283,UNComtrade,493.3251475,6.201168485046982
MYS,THA,2024,12888705827.583,12888705827.583,1,0,1,,0.6285,total,MYS-THA,MYS_2024,THA_2024,-0.464419250951835,UNComtrade,491.4130175,6.197284950375199
MYS,TWN,2010,6275232739.0,6275232739.0,1,0,1,,0.601,total,MYS-TWN,MYS_2010,TWN_2010,-0.5091603444469295,UNComtrade,442.247695,6.09187012104214
MYS,TWN,2011,7420962100.0,7420962100.0,1,0,1,,0.5829,total,MYS-TWN,MYS_2011,TWN_2011,-0.539739633930633,UNComtrade,493.95318,6.202440735368333
MYS,TWN,2012,7066283364.0,7066283364.0,1,0,1,,0.6107,total,MYS-TWN,MYS_2012,TWN_2012,-0.4931494387530479,UNComtrade,480.83371,6.175521493076056
MYS,TWN,2013,6894802586.0,6894802586.0,1,0,1,,0.6083,total,MYS-TWN,MYS_2013,TWN_2013,-0.4970870976554775,UNComtrade,474.15216,6.161528282839765
MYS,TWN,2014,7593961966.0,7593961966.0,1,0,1,,0.6143,total,MYS-TWN,MYS_2014,TWN_2014,-0.4872718708122553,UNComtrade,461.6900325,6.134893740585947
MYS,TWN,2015,6097314810.0,6097314810.0,1,0,1,,0.6362,total,MYS-TWN,MYS_2015,TWN_2015,-0.4522422996670933,UNComtrade,473.30025,6.159729965118275
MYS,TWN,2016,5104098604.0,5104098604.0,1,0,1,,0.6232,total,MYS-TWN,MYS_2016,TWN_2016,-0.4728877844255986,UNComtrade,478.178465,6.169984020551384
MYS,TWN,2017,5580182465.717,5580182465.717,1,0,1,,0.5935,total,MYS-TWN,MYS_2017,TWN_2017,-0.5217180649324142,UNComtrade,463.0247075,6.137780416593316
MYS,TWN,2018,8132095931.72,8132095931.72,1,0,1,,0.6175,total,MYS-TWN,MYS_2018,TWN_2018,-0.4820762104800047,UNComtrade,467.134855,6.146617984719847
MYS,TWN,2019,8939478579.373,8939478579.373,1,0,1,,0.6546,total,MYS-TWN,MYS_2019,TWN_2019,-0.423730916915057,UNComtrade,460.5462075,6.132413192680982
MYS,TWN,2020,8058445093.943,8058445093.943,1,0,1,,0.662,total,MYS-TWN,MYS_2020,TWN_2020,-0.4124897230451288,UNComtrade,468.5965325,6.14974212634508
MYS,TWN,2021,9784222161.643,9784222161.643,1,0,1,,0.6874,total,MYS-TWN,MYS_2021,TWN_2021,-0.3748389145664035,UNComtrade,473.33377,6.159800784461982
MYS,TWN,2022,11757353043.778,11757353043.778,1,0,1,,0.6665,total,MYS-TWN,MYS_2022,TWN_2022,-0.4057151393633737,UNComtrade,477.81565,6.169224988645797
MYS,TWN,2023,9492811102.349,9492811102.349,1,0,1,,0.6683,total,MYS-TWN,MYS_2023,TWN_2023,-0.4030181044651126,UNComtrade,493.3251475,6.201168485046982
MYS,TWN,2024,14637831549.868,14637831549.868,1,0,1,,0.6773,total,MYS-TWN,MYS_2024,TWN_2024,-0.389640972761279,UNComtrade,491.4130175,6.197284950375199
MYS,USA,2010,18981094956.0,18981094956.0,1,0,1,,0.5768,total,MYS-USA,MYS_2010,USA_2010,-0.5502596930113978,UNComtrade,442.247695,6.09187012104214
MYS,USA,2011,18850436988.0,18850436988.0,1,0,1,,0.5882,total,MYS-USA,MYS_2011,USA_2011,-0.5306882528622425,UNComtrade,493.95318,6.202440735368333
MYS,USA,2012,19718959631.0,19718959631.0,1,0,1,,0.6114,total,MYS-USA,MYS_2012,USA_2012,-0.4920038695254028,UNComtrade,480.83371,6.175521493076056
MYS,USA,2013,18440579890.0,18440579890.0,1,0,1,,0.654,total,MYS-USA,MYS_2013,USA_2013,-0.4246479275249383,UNComtrade,474.15216,6.161528282839765
MYS,USA,2014,19702599986.0,19702599986.0,1,0,1,,0.6651,total,MYS-USA,MYS_2014,USA_2014,-0.4078178736917615,UNComtrade,461.6900325,6.134893740585947
MYS,USA,2015,18928949330.0,18928949330.0,1,0,1,,0.6575,total,MYS-USA,MYS_2015,USA_2015,-0.4193105149302175,UNComtrade,473.30025,6.159729965118275
MYS,USA,2016,19353878556.0,19353878556.0,1,0,1,,0.6746,total,MYS-USA,MYS_2016,USA_2016,-0.3936353563545872,UNComtrade,478.178465,6.169984020551384
MYS,USA,2017,20706831375.775,20706831375.775,1,0,1,,0.6379,total,MYS-USA,MYS_2017,USA_2017,-0.4495737477342273,UNComtrade,463.0247075,6.137780416593316
MYS,USA,2018,22551068255.636,22551068255.636,1,0,1,,0.6243,total,MYS-USA,MYS_2018,USA_2018,-0.4711242569144386,UNComtrade,467.134855,6.146617984719847
MYS,USA,2019,23342307247.836,23342307247.836,1,0,1,,0.6456,total,MYS-USA,MYS_2019,USA_2019,-0.437575162026398,UNComtrade,460.5462075,6.132413192680982
MYS,USA,2020,25984205302.734,25984205302.734,1,0,1,,0.6371,total,MYS-USA,MYS_2020,USA_2020,-0.4508286498596945,UNComtrade,468.5965325,6.14974212634508
MYS,USA,2021,34366250028.141,34366250028.141,1,0,1,,0.681,total,MYS-USA,MYS_2021,USA_2021,-0.3841929728326246,UNComtrade,473.33377,6.159800784461982
MYS,USA,2022,38025492594.9,38025492594.9,1,0,1,,0.6638,total,MYS-USA,MYS_2022,USA_2022,-0.4097743796962629,UNComtrade,477.81565,6.169224988645797
MYS,USA,2023,35455220162.676,35455220162.676,1,0,1,,0.6209,total,MYS-USA,MYS_2023,USA_2023,-0.4765852406112899,UNComtrade,493.3251475,6.201168485046982
MYS,USA,2024,43434916631.062,43434916631.062,1,0,1,,0.6353,total,MYS-USA,MYS_2024,USA_2024,-0.4536579507096495,UNComtrade,491.4130175,6.197284950375199
MYS,VNM,2010,3546393552.0,3546393552.0,1,0,1,,0.4501,total,MYS-VNM,MYS_2010,VNM_2010,-0.79828549868325,UNComtrade,442.247695,6.09187012104214
MYS,VNM,2011,3819048331.0,3819048331.0,1,0,1,,0.527,total,MYS-VNM,MYS_2011,VNM_2011,-0.6405547304407747,UNComtrade,493.95318,6.202440735368333
MYS,VNM,2012,3821958082.0,3821958082.0,1,0,1,,0.5213,total,MYS-VNM,MYS_2012,VNM_2012,-0.6514295872080769,UNComtrade,480.83371,6.175521493076056
MYS,VNM,2013,4227291007.0,4227291007.0,1,0,1,,0.516,total,MYS-VNM,MYS_2013,VNM_2013,-0.6616485135005743,UNComtrade,474.15216,6.161528282839765
MYS,VNM,2014,4383742682.0,4383742682.0,1,0,1,,0.5017,total,MYS-VNM,MYS_2014,VNM_2014,-0.6897529474919297,UNComtrade,461.6900325,6.134893740585947
MYS,VNM,2015,4465663743.0,4465663743.0,1,0,1,,0.5211,total,MYS-VNM,MYS_2015,VNM_2015,-0.6518133170669681,UNComtrade,473.30025,6.159729965118275
MYS,VNM,2016,5730266198.0,5730266198.0,1,0,1,,0.5931,total,MYS-VNM,MYS_2016,VNM_2016,-0.5223922601374562,UNComtrade,478.178465,6.169984020551384
MYS,VNM,2017,6426670687.461,6426670687.461,1,0,1,,0.5643,total,MYS-VNM,MYS_2017,VNM_2017,-0.5721692540070427,UNComtrade,463.0247075,6.137780416593316
MYS,VNM,2018,8507594426.423,8507594426.423,1,0,1,,0.5729,total,MYS-VNM,MYS_2018,VNM_2018,-0.557044097567605,UNComtrade,467.134855,6.146617984719847
MYS,VNM,2019,8542448158.716,8542448158.716,1,0,1,,0.5865,total,MYS-VNM,MYS_2019,VNM_2019,-0.5335826108886068,UNComtrade,460.5462075,6.132413192680982
MYS,VNM,2020,7352144153.026,7352144153.026,1,0,1,,0.5541,total,MYS-VNM,MYS_2020,VNM_2020,-0.590410103108833,UNComtrade,468.5965325,6.14974212634508
MYS,VNM,2021,10982097603.905,10982097603.905,1,0,1,,0.6213,total,MYS-VNM,MYS_2021,VNM_2021,-0.4759412219124889,UNComtrade,473.33377,6.159800784461982
MYS,VNM,2022,12184086590.591,12184086590.591,1,0,1,,0.5967,total,MYS-VNM,MYS_2022,VNM_2022,-0.5163408044541008,UNComtrade,477.81565,6.169224988645797
MYS,VNM,2023,11404596586.733,11404596586.733,1,0,1,,0.609,total,MYS-VNM,MYS_2023,VNM_2023,-0.49593701127224,UNComtrade,493.3251475,6.201168485046982
MYS,VNM,2024,11769352746.203,11769352746.203,1,0,1,,0.6473,total,MYS-VNM,MYS_2024,VNM_2024,-0.4349454134306725,UNComtrade,491.4130175,6.197284950375199
PHL,ARE,2010,228921626.0,228921626.0,1,0,1,,0.2894,total,PHL-ARE,PHL_2010,ARE_2010,-1.2399454647847536,UNComtrade,130.2891975,4.869756575859007
PHL,ARE,2011,218220442.0,218220442.0,1,0,1,,0.3012,total,PHL-ARE,PHL_2011,ARE_2011,-1.1999807830563984,UNComtrade,137.81806,4.925934409498542
PHL,ARE,2012,220217148.0,220217148.0,1,0,1,,0.2862,total,PHL-ARE,PHL_2012,ARE_2012,-1.2510644118597865,UNComtrade,134.0695875,4.898358974857786
PHL,ARE,2013,302359742.0,302359742.0,1,0,1,,0.3019,total,PHL-ARE,PHL_2013,ARE_2013,-1.1976594422693438,UNComtrade,147.775285,4.995692775316254
PHL,ARE,2014,364842685.0,364842685.0,1,0,1,,0.305,total,PHL-ARE,PHL_2014,ARE_2014,-1.1874435023747254,UNComtrade,145.80259999999998,4.9822536520630205
PHL,ARE,2015,301271745.0,301271745.0,1,0,1,,0.282,total,PHL-ARE,PHL_2015,ARE_2015,-1.2658482080440236,UNComtrade,144.0113575,4.969892167993583
PHL,ARE,2016,303756108.0,303756108.0,1,0,1,,0.3056,total,PHL-ARE,PHL_2016,ARE_2016,-1.1854782216897717,UNComtrade,166.45739,5.114739360752517
PHL,ARE,2017,658037370.0,658037370.0,1,0,1,,0.3062,total,PHL-ARE,PHL_2017,ARE_2017,-1.1835167957585535,UNComtrade,170.780795,5.140380833580465
PHL,ARE,2018,396235212.0,396235212.0,1,0,1,,0.3206,total,PHL-ARE,PHL_2018,ARE_2018,-1.1375610388066846,UNComtrade,171.0517425,5.141966098451527
PHL,ARE,2019,399663378.0,399663378.0,1,0,1,,0.3202,total,PHL-ARE,PHL_2019,ARE_2019,-1.1388094784195228,UNComtrade,173.7821275,5.157802373826627
PHL,ARE,2020,278338943.0,278338943.0,1,0,1,,0.297,total,PHL-ARE,PHL_2020,ARE_2020,-1.2140231401794377,UNComtrade,159.3172875,5.0708977326852045
PHL,ARE,2021,266971167.0,266971167.0,1,0,1,,0.2763,total,PHL-ARE,PHL_2021,ARE_2021,-1.2862680470527663,UNComtrade,150.6053925,5.014663121497654
PHL,ARE,2022,315190856.0,315190856.0,1,0,1,,0.2801,total,PHL-ARE,PHL_2022,ARE_2022,-1.272608596716074,UNComtrade,152.1277975,5.0247209406209405
PHL,ARE,2023,341966201.0,341966201.0,1,0,1,,0.3159,total,PHL-ARE,PHL_2023,ARE_2023,-1.1523295711740975,UNComtrade,178.998135,5.187375386792064
PHL,ARE,2024,390404826.0,390404826.0,1,0,1,,0.3298,total,PHL-ARE,PHL_2024,ARE_2024,-1.1092688688566386,UNComtrade,181.0703825,5.198885809273022
PHL,AUS,2010,349626211.0,349626211.0,1,0,1,,0.2759,total,PHL-AUS,PHL_2010,AUS_2010,-1.2877167977588968,UNComtrade,130.2891975,4.869756575859007
PHL,AUS,2011,384520907.0,384520907.0,1,0,1,,0.3603,total,PHL-AUS,PHL_2011,AUS_2011,-1.0208182612280894,UNComtrade,137.81806,4.925934409498542
PHL,AUS,2012,387251904.0,387251904.0,1,0,1,,0.3368,total,PHL-AUS,PHL_2012,AUS_2012,-1.0882659966139654,UNComtrade,134.0695875,4.898358974857786
PHL,AUS,2013,519149726.0,519149726.0,1,0,1,,0.3618,total,PHL-AUS,PHL_2013,AUS_2013,-1.0166637060209422,UNComtrade,147.775285,4.995692775316254
PHL,AUS,2014,824945970.0,824945970.0,1,0,1,,0.3678,total,PHL-AUS,PHL_2014,AUS_2014,-1.0002159668119164,UNComtrade,145.80259999999998,4.9822536520630205
PHL,AUS,2015,451179758.0,451179758.0,1,0,1,,0.2819,total,PHL-AUS,PHL_2015,AUS_2015,-1.2662028808620702,UNComtrade,144.0113575,4.969892167993583
PHL,AUS,2016,486051410.0,486051410.0,1,0,1,,0.3685,total,PHL-AUS,PHL_2016,AUS_2016,-0.9983145673527458,UNComtrade,166.45739,5.114739360752517
PHL,AUS,2017,453188673.0,453188673.0,1,0,1,,0.3688,total,PHL-AUS,PHL_2017,AUS_2017,-0.9975007872996984,UNComtrade,170.780795,5.140380833580465
PHL,AUS,2018,429249959.0,429249959.0,1,0,1,,0.3781,total,PHL-AUS,PHL_2018,AUS_2018,-0.97259656808525,UNComtrade,171.0517425,5.141966098451527
PHL,AUS,2019,398099783.0,398099783.0,1,0,1,,0.3757,total,PHL-AUS,PHL_2019,AUS_2019,-0.978964326402214,UNComtrade,173.7821275,5.157802373826627
PHL,AUS,2020,362288798.0,362288798.0,1,0,1,,0.2812,total,PHL-AUS,PHL_2020,AUS_2020,-1.268689119045627,UNComtrade,159.3172875,5.0708977326852045
PHL,AUS,2021,531010275.0,531010275.0,1,0,1,,0.337,total,PHL-AUS,PHL_2021,AUS_2021,-1.0876723486297752,UNComtrade,150.6053925,5.014663121497654
PHL,AUS,2022,557059924.0,557059924.0,1,0,1,,0.3406,total,PHL-AUS,PHL_2022,AUS_2022,-1.0770465107535492,UNComtrade,152.1277975,5.0247209406209405
PHL,AUS,2023,561941531.0,561941531.0,1,0,1,,0.3635,total,PHL-AUS,PHL_2023,AUS_2023,-1.011975982008563,UNComtrade,178.998135,5.187375386792064
PHL,AUS,2024,547349142.0,547349142.0,1,0,1,,0.3716,total,PHL-AUS,PHL_2024,AUS_2024,-0.9899372720424536,UNComtrade,181.0703825,5.198885809273022
PHL,BRN,2010,5955338.0,5955338.0,1,0,1,,0.247,total,PHL-BRN,PHL_2010,BRN_2010,-1.3983669423541598,UNComtrade,130.2891975,4.869756575859007
PHL,BRN,2011,6232705.0,6232705.0,1,0,1,,0.2548,total,PHL-BRN,PHL_2011,BRN_2011,-1.3672763552841287,UNComtrade,137.81806,4.925934409498542
PHL,BRN,2012,7242569.0,7242569.0,1,0,1,,0.1786,total,PHL-BRN,PHL_2012,BRN_2012,-1.7226066105397384,UNComtrade,134.0695875,4.898358974857786
PHL,BRN,2013,8618147.0,8618147.0,1,0,1,,0.2465,total,PHL-BRN,PHL_2013,BRN_2013,-1.4003932854993923,UNComtrade,147.775285,4.995692775316254
PHL,BRN,2014,9532902.0,9532902.0,1,0,1,,0.2468,total,PHL-BRN,PHL_2014,BRN_2014,-1.3991769869509043,UNComtrade,145.80259999999998,4.9822536520630205
PHL,BRN,2015,11571190.0,11571190.0,1,0,1,,0.1886,total,PHL-BRN,PHL_2015,BRN_2015,-1.66812690878278,UNComtrade,144.0113575,4.969892167993583
PHL,BRN,2016,8248054.0,8248054.0,1,0,1,,0.2556,total,PHL-BRN,PHL_2016,BRN_2016,-1.3641415564787571,UNComtrade,166.45739,5.114739360752517
PHL,BRN,2017,7582227.0,7582227.0,1,0,1,,0.2602,total,PHL-BRN,PHL_2017,BRN_2017,-1.3463047129037322,UNComtrade,170.780795,5.140380833580465
PHL,BRN,2018,5885088.0,5885088.0,1,0,1,,0.2481,total,PHL-BRN,PHL_2018,BRN_2018,-1.3939233882843818,UNComtrade,171.0517425,5.141966098451527
PHL,BRN,2019,5256234.0,5256234.0,1,0,1,,0.1963,total,PHL-BRN,PHL_2019,BRN_2019,-1.6281111776997217,UNComtrade,173.7821275,5.157802373826627
PHL,BRN,2020,4358037.0,4358037.0,1,0,1,,0.2623,total,PHL-BRN,PHL_2020,BRN_2020,-1.3382663921093092,UNComtrade,159.3172875,5.0708977326852045
PHL,BRN,2021,22336708.0,22336708.0,1,0,1,,0.1858,total,PHL-BRN,PHL_2021,BRN_2021,-1.683084452602399,UNComtrade,150.6053925,5.014663121497654
PHL,BRN,2022,159815790.0,159815790.0,1,0,1,,0.259,total,PHL-BRN,PHL_2022,BRN_2022,-1.3509272172825992,UNComtrade,152.1277975,5.0247209406209405
PHL,BRN,2023,52581888.0,52581888.0,1,0,1,,0.2621,total,PHL-BRN,PHL_2023,BRN_2023,-1.3390291686527764,UNComtrade,178.998135,5.187375386792064
PHL,BRN,2024,83871994.0,83871994.0,1,0,1,,0.2671,total,PHL-BRN,PHL_2024,BRN_2024,-1.3201321588662218,UNComtrade,181.0703825,5.198885809273022
PHL,CAN,2010,333615911.0,333615911.0,1,0,1,,0.2696,total,PHL-CAN,PHL_2010,CAN_2010,-1.310815899943985,UNComtrade,130.2891975,4.869756575859007
PHL,CAN,2011,417786596.0,417786596.0,1,0,1,,0.2915,total,PHL-CAN,PHL_2011,CAN_2011,-1.23271527319159,UNComtrade,137.81806,4.925934409498542
PHL,CAN,2012,508184921.0,508184921.0,1,0,1,,0.2774,total,PHL-CAN,PHL_2012,CAN_2012,-1.282294771101406,UNComtrade,134.0695875,4.898358974857786
PHL,CAN,2013,538456335.0,538456335.0,1,0,1,,0.291,total,PHL-CAN,PHL_2013,CAN_2013,-1.2344320118106449,UNComtrade,147.775285,4.995692775316254
PHL,CAN,2014,597567342.0,597567342.0,1,0,1,,0.3001,total,PHL-CAN,PHL_2014,CAN_2014,-1.2036395265358155,UNComtrade,145.80259999999998,4.9822536520630205
PHL,CAN,2015,563498012.0,563498012.0,1,0,1,,0.2807,total,PHL-CAN,PHL_2015,CAN_2015,-1.2704687956143002,UNComtrade,144.0113575,4.969892167993583
PHL,CAN,2016,523916320.0,523916320.0,1,0,1,,0.3018,total,PHL-CAN,PHL_2016,CAN_2016,-1.1979907326483883,UNComtrade,166.45739,5.114739360752517
PHL,CAN,2017,538611465.0,538611465.0,1,0,1,,0.3027,total,PHL-CAN,PHL_2017,CAN_2017,-1.195013062954464,UNComtrade,170.780795,5.140380833580465
PHL,CAN,2018,581733217.0,581733217.0,1,0,1,,0.3192,total,PHL-CAN,PHL_2018,CAN_2018,-1.1419374134064837,UNComtrade,171.0517425,5.141966098451527
PHL,CAN,2019,621071602.0,621071602.0,1,0,1,,0.3105,total,PHL-CAN,PHL_2019,CAN_2019,-1.1695713776086036,UNComtrade,173.7821275,5.157802373826627
PHL,CAN,2020,400088944.0,400088944.0,1,0,1,,0.2936,total,PHL-CAN,PHL_2020,CAN_2020,-1.2255369822417763,UNComtrade,159.3172875,5.0708977326852045
PHL,CAN,2021,490936045.0,490936045.0,1,0,1,,0.2715,total,PHL-CAN,PHL_2021,CAN_2021,-1.3037931396081468,UNComtrade,150.6053925,5.014663121497654
PHL,CAN,2022,599887353.0,599887353.0,1,0,1,,0.2748,total,PHL-CAN,PHL_2022,CAN_2022,-1.2917117186339429,UNComtrade,152.1277975,5.0247209406209405
PHL,CAN,2023,582996684.0,582996684.0,1,0,1,,0.2969,total,PHL-CAN,PHL_2023,CAN_2023,-1.214359897212423,UNComtrade,178.998135,5.187375386792064
PHL,CAN,2024,550645372.0,550645372.0,1,0,1,,0.3029,total,PHL-CAN,PHL_2024,CAN_2024,-1.1943525609489454,UNComtrade,181.0703825,5.198885809273022
PHL,CHN,2010,5724466517.0,5724466517.0,1,0,1,,0.3671,total,PHL-CHN,PHL_2010,CHN_2010,-1.0021209884793485,UNComtrade,130.2891975,4.869756575859007
PHL,CHN,2011,6102252267.0,6102252267.0,1,0,1,,0.3942,total,PHL-CHN,PHL_2011,CHN_2011,-0.9308968842635172,UNComtrade,137.81806,4.925934409498542
PHL,CHN,2012,6159105793.0,6159105793.0,1,0,1,,0.3753,total,PHL-CHN,PHL_2012,CHN_2012,-0.980029572841162,UNComtrade,134.0695875,4.898358974857786
PHL,CHN,2013,7025215023.0,7025215023.0,1,0,1,,0.398,total,PHL-CHN,PHL_2013,CHN_2013,-0.9213032736976992,UNComtrade,147.775285,4.995692775316254
PHL,CHN,2014,8033653088.0,8033653088.0,1,0,1,,0.4079,total,PHL-CHN,PHL_2014,CHN_2014,-0.8967332326586244,UNComtrade,145.80259999999998,4.9822536520630205
PHL,CHN,2015,6393072934.0,6393072934.0,1,0,1,,0.3754,total,PHL-CHN,PHL_2015,CHN_2015,-0.9797631548297284,UNComtrade,144.0113575,4.969892167993583
PHL,CHN,2016,6192432904.0,6192432904.0,1,0,1,,0.402,total,PHL-CHN,PHL_2016,CHN_2016,-0.911303190363116,UNComtrade,166.45739,5.114739360752517
PHL,CHN,2017,8017052109.0,8017052109.0,1,0,1,,0.4097,total,PHL-CHN,PHL_2017,CHN_2017,-0.8923300944293117,UNComtrade,170.780795,5.140380833580465
PHL,CHN,2018,8698668418.0,8698668418.0,1,0,1,,0.4237,total,PHL-CHN,PHL_2018,CHN_2018,-0.8587296213496235,UNComtrade,171.0517425,5.141966098451527
PHL,CHN,2019,9814427518.0,9814427518.0,1,0,1,,0.4243,total,PHL-CHN,PHL_2019,CHN_2019,-0.8573145267738579,UNComtrade,173.7821275,5.157802373826627
PHL,CHN,2020,9830090667.0,9830090667.0,1,0,1,,0.3873,total,PHL-CHN,PHL_2020,CHN_2020,-0.9485556924614306,UNComtrade,159.3172875,5.0708977326852045
PHL,CHN,2021,11530840475.0,11530840475.0,1,0,1,,0.3631,total,PHL-CHN,PHL_2021,CHN_2021,-1.013077000561847,UNComtrade,150.6053925,5.014663121497654
PHL,CHN,2022,10965840327.0,10965840327.0,1,0,1,,0.3702,total,PHL-CHN,PHL_2022,CHN_2022,-0.99371187884274,UNComtrade,152.1277975,5.0247209406209405
PHL,CHN,2023,10925417700.0,10925417700.0,1,0,1,,0.407,total,PHL-CHN,PHL_2023,CHN_2023,-0.8989420935395421,UNComtrade,178.998135,5.187375386792064
PHL,CHN,2024,9444743061.0,9444743061.0,1,0,1,,0.4218,total,PHL-CHN,PHL_2024,CHN_2024,-0.8632240109374628,UNComtrade,181.0703825,5.198885809273022
PHL,DEU,2010,2657262060.0,2657262060.0,1,0,1,,0.2933,total,PHL-DEU,PHL_2010,DEU_2010,-1.2265593029987316,UNComtrade,130.2891975,4.869756575859007
PHL,DEU,2011,1729416091.0,1729416091.0,1,0,1,,0.3059,total,PHL-DEU,PHL_2011,DEU_2011,-1.184497027825279,UNComtrade,137.81806,4.925934409498542
PHL,DEU,2012,1956563141.0,1956563141.0,1,0,1,,0.2918,total,PHL-DEU,PHL_2012,DEU_2012,-1.231686642893452,UNComtrade,134.0695875,4.898358974857786
PHL,DEU,2013,2338879884.0,2338879884.0,1,0,1,,0.3125,total,PHL-DEU,PHL_2013,DEU_2013,-1.1631508098056809,UNComtrade,147.775285,4.995692775316254
PHL,DEU,2014,2659965704.0,2659965704.0,1,0,1,,0.3199,total,PHL-DEU,PHL_2014,DEU_2014,-1.1397468320266646,UNComtrade,145.80259999999998,4.9822536520630205
PHL,DEU,2015,2646455463.0,2646455463.0,1,0,1,,0.2947,total,PHL-DEU,PHL_2015,DEU_2015,-1.221797389238488,UNComtrade,144.0113575,4.969892167993583
PHL,DEU,2016,2293130298.0,2293130298.0,1,0,1,,0.3196,total,PHL-DEU,PHL_2016,DEU_2016,-1.1406850650900175,UNComtrade,166.45739,5.114739360752517
PHL,DEU,2017,2675602349.0,2675602349.0,1,0,1,,0.321,total,PHL-DEU,PHL_2017,DEU_2017,-1.1363141558521213,UNComtrade,170.780795,5.140380833580465
PHL,DEU,2018,2808885820.0,2808885820.0,1,0,1,,0.3356,total,PHL-DEU,PHL_2018,DEU_2018,-1.0918353043890858,UNComtrade,171.0517425,5.141966098451527
PHL,DEU,2019,2723148920.0,2723148920.0,1,0,1,,0.3265,total,PHL-DEU,PHL_2019,DEU_2019,-1.1193253302656512,UNComtrade,173.7821275,5.157802373826627
PHL,DEU,2020,2377185195.0,2377185195.0,1,0,1,,0.3037,total,PHL-DEU,PHL_2020,DEU_2020,-1.1917149069304338,UNComtrade,159.3172875,5.0708977326852045
PHL,DEU,2021,2938222207.0,2938222207.0,1,0,1,,0.283,total,PHL-DEU,PHL_2021,DEU_2021,-1.2623083813388996,UNComtrade,150.6053925,5.014663121497654
PHL,DEU,2022,2779331334.0,2779331334.0,1,0,1,,0.2882,total,PHL-DEU,PHL_2022,DEU_2022,-1.2441005954167152,UNComtrade,152.1277975,5.0247209406209405
PHL,DEU,2023,2486640766.0,2486640766.0,1,0,1,,0.2991,total,PHL-DEU,PHL_2023,DEU_2023,-1.2069773133462347,UNComtrade,178.998135,5.187375386792064
PHL,DEU,2024,2458244716.0,2458244716.0,1,0,1,,0.3176,total,PHL-DEU,PHL_2024,DEU_2024,-1.1469625496091564,UNComtrade,181.0703825,5.198885809273022
PHL,FRA,2010,0.0,,0,1,1,,0.2981,total,PHL-FRA,PHL_2010,FRA_2010,-1.2103262782981117,UNComtrade (Confirmed Zero),130.2891975,4.869756575859007
PHL,FRA,2011,0.0,,0,1,1,,0.319,total,PHL-FRA,PHL_2011,FRA_2011,-1.1425641761972924,UNComtrade (Confirmed Zero),137.81806,4.925934409498542
PHL,FRA,2012,0.0,,0,1,1,,0.3002,total,PHL-FRA,PHL_2012,FRA_2012,-1.2033063597827751,UNComtrade (Confirmed Zero),134.0695875,4.898358974857786
PHL,FRA,2013,0.0,,0,1,1,,0.3251,total,PHL-FRA,PHL_2013,FRA_2013,-1.1236224516722777,UNComtrade (Confirmed Zero),147.775285,4.995692775316254
PHL,FRA,2014,0.0,,0,1,1,,0.3313,total,PHL-FRA,PHL_2014,FRA_2014,-1.104730969676287,UNComtrade (Confirmed Zero),145.80259999999998,4.9822536520630205
PHL,FRA,2015,0.0,,0,1,1,,0.304,total,PHL-FRA,PHL_2015,FRA_2015,-1.1907275775759154,UNComtrade (Confirmed Zero),144.0113575,4.969892167993583
PHL,FRA,2016,0.0,,0,1,1,,0.3236,total,PHL-FRA,PHL_2016,FRA_2016,-1.1282470937978004,UNComtrade (Confirmed Zero),166.45739,5.114739360752517
PHL,FRA,2017,0.0,,0,1,1,,0.3275,total,PHL-FRA,PHL_2017,FRA_2017,-1.1162672239068303,UNComtrade (Confirmed Zero),170.780795,5.140380833580465
PHL,FRA,2018,0.0,,0,1,1,,0.3378,total,PHL-FRA,PHL_2018,FRA_2018,-1.0853012746084374,UNComtrade (Confirmed Zero),171.0517425,5.141966098451527
PHL,FRA,2019,0.0,,0,1,1,,0.3328,total,PHL-FRA,PHL_2019,FRA_2019,-1.1002135700350837,UNComtrade (Confirmed Zero),173.7821275,5.157802373826627
PHL,FRA,2020,0.0,,0,1,1,,0.3059,total,PHL-FRA,PHL_2020,FRA_2020,-1.184497027825279,UNComtrade (Confirmed Zero),159.3172875,5.0708977326852045
PHL,FRA,2021,0.0,,0,1,1,,0.2844,total,PHL-FRA,PHL_2021,FRA_2021,-1.2573735810530513,UNComtrade (Confirmed Zero),150.6053925,5.014663121497654
PHL,FRA,2022,0.0,,0,1,1,,0.2875,total,PHL-FRA,PHL_2022,FRA_2022,-1.246532418744732,UNComtrade (Confirmed Zero),152.1277975,5.0247209406209405
PHL,FRA,2023,0.0,,0,1,1,,0.299,total,PHL-FRA,PHL_2023,FRA_2023,-1.2073117055914506,UNComtrade (Confirmed Zero),178.998135,5.187375386792064
PHL,FRA,2024,0.0,,0,1,1,,0.3186,total,PHL-FRA,PHL_2024,FRA_2024,-1.143818881506189,UNComtrade (Confirmed Zero),181.0703825,5.198885809273022
PHL,GBR,2010,394944813.0,394944813.0,1,0,1,,0.3036,total,PHL-GBR,PHL_2010,GBR_2010,-1.1920442334606622,UNComtrade,130.2891975,4.869756575859007
PHL,GBR,2011,400778575.0,400778575.0,1,0,1,,0.3226,total,PHL-GBR,PHL_2011,GBR_2011,-1.1313421132910286,UNComtrade,137.81806,4.925934409498542
PHL,GBR,2012,656580025.0,656580025.0,1,0,1,,0.3019,total,PHL-GBR,PHL_2012,GBR_2012,-1.1976594422693438,UNComtrade,134.0695875,4.898358974857786
PHL,GBR,2013,577761352.0,577761352.0,1,0,1,,0.3213,total,PHL-GBR,PHL_2013,GBR_2013,-1.1353800128603244,UNComtrade,147.775285,4.995692775316254
PHL,GBR,2014,464207436.0,464207436.0,1,0,1,,0.3279,total,PHL-GBR,PHL_2014,GBR_2014,-1.1150465951315345,UNComtrade,145.80259999999998,4.9822536520630205
PHL,GBR,2015,477742364.0,477742364.0,1,0,1,,0.3013,total,PHL-GBR,PHL_2015,GBR_2015,-1.1996488328458814,UNComtrade,144.0113575,4.969892167993583
PHL,GBR,2016,475800328.0,475800328.0,1,0,1,,0.3254,total,PHL-GBR,PHL_2016,GBR_2016,-1.1227000841971997,UNComtrade,166.45739,5.114739360752517
PHL,GBR,2017,522182123.0,522182123.0,1,0,1,,0.3272,total,PHL-GBR,PHL_2017,GBR_2017,-1.117183674253545,UNComtrade,170.780795,5.140380833580465
PHL,GBR,2018,519554568.0,519554568.0,1,0,1,,0.3447,total,PHL-GBR,PHL_2018,GBR_2018,-1.0650808054593173,UNComtrade,171.0517425,5.141966098451527
PHL,GBR,2019,505990395.0,505990395.0,1,0,1,,0.3386,total,PHL-GBR,PHL_2019,GBR_2019,-1.082935809283102,UNComtrade,173.7821275,5.157802373826627
PHL,GBR,2020,413836089.0,413836089.0,1,0,1,,0.3115,total,PHL-GBR,PHL_2020,GBR_2020,-1.1663559407546291,UNComtrade,159.3172875,5.0708977326852045
PHL,GBR,2021,474022158.0,474022158.0,1,0,1,,0.2911,total,PHL-GBR,PHL_2021,GBR_2021,-1.2340884282305595,UNComtrade,150.6053925,5.014663121497654
PHL,GBR,2022,544940755.0,544940755.0,1,0,1,,0.2918,total,PHL-GBR,PHL_2022,GBR_2022,-1.231686642893452,UNComtrade,152.1277975,5.0247209406209405
PHL,GBR,2023,512243065.0,512243065.0,1,0,1,,0.3073,total,PHL-GBR,PHL_2023,GBR_2023,-1.179930809845698,UNComtrade,178.998135,5.187375386792064
PHL,GBR,2024,548853436.0,548853436.0,1,0,1,,0.3271,total,PHL-GBR,PHL_2024,GBR_2024,-1.117489344437799,UNComtrade,181.0703825,5.198885809273022
PHL,HKG,2010,4335689006.0,4335689006.0,1,0,1,,0.3715,total,PHL-HKG,PHL_2010,HKG_2010,-0.9902064148243231,UNComtrade,130.2891975,4.869756575859007
PHL,HKG,2011,3698892663.0,3698892663.0,1,0,1,,0.3946,total,PHL-HKG,PHL_2011,HKG_2011,-0.929882685393622,UNComtrade,137.81806,4.925934409498542
PHL,HKG,2012,4776082101.0,4776082101.0,1,0,1,,0.376,total,PHL-HKG,PHL_2012,HKG_2012,-0.9781661355922424,UNComtrade,134.0695875,4.898358974857786
PHL,HKG,2013,4541472505.0,4541472505.0,1,0,1,,0.3999,total,PHL-HKG,PHL_2013,HKG_2013,-0.9165407631293644,UNComtrade,147.775285,4.995692775316254
PHL,HKG,2014,5593694709.0,5593694709.0,1,0,1,,0.4068,total,PHL-HKG,PHL_2014,HKG_2014,-0.8994336148077322,UNComtrade,145.80259999999998,4.9822536520630205
PHL,HKG,2015,6199418345.0,6199418345.0,1,0,1,,0.3703,total,PHL-HKG,PHL_2015,HKG_2015,-0.99344179106257,UNComtrade,144.0113575,4.969892167993583
PHL,HKG,2016,6582766881.0,6582766881.0,1,0,1,,0.3852,total,PHL-HKG,PHL_2016,HKG_2016,-0.9539925990581666,UNComtrade,166.45739,5.114739360752517
PHL,HKG,2017,9024710307.0,9024710307.0,1,0,1,,0.388,total,PHL-HKG,PHL_2017,HKG_2017,-0.9467499393588636,UNComtrade,170.780795,5.140380833580465
PHL,HKG,2018,9554211828.0,9554211828.0,1,0,1,,0.4062,total,PHL-HKG,PHL_2018,HKG_2018,-0.9009096298358528,UNComtrade,171.0517425,5.141966098451527
PHL,HKG,2019,9624897415.0,9624897415.0,1,0,1,,0.402,total,PHL-HKG,PHL_2019,HKG_2019,-0.911303190363116,UNComtrade,173.7821275,5.157802373826627
PHL,HKG,2020,9225868244.0,9225868244.0,1,0,1,,0.375,total,PHL-HKG,PHL_2020,HKG_2020,-0.9808292530117262,UNComtrade,159.3172875,5.0708977326852045
PHL,HKG,2021,9931547214.0,9931547214.0,1,0,1,,0.3509,total,PHL-HKG,PHL_2021,HKG_2021,-1.0472539963929677,UNComtrade,150.6053925,5.014663121497654
PHL,HKG,2022,10478978952.0,10478978952.0,1,0,1,,0.3575,total,PHL-HKG,PHL_2022,HKG_2022,-1.0286199168480747,UNComtrade,152.1277975,5.0247209406209405
PHL,HKG,2023,8843731591.0,8843731591.0,1,0,1,,0.3919,total,PHL-HKG,PHL_2023,HKG_2023,-0.9367485737765512,UNComtrade,178.998135,5.187375386792064
PHL,HKG,2024,9605262937.0,9605262937.0,1,0,1,,0.4059,total,PHL-HKG,PHL_2024,HKG_2024,-0.9016484551372852,UNComtrade,181.0703825,5.198885809273022
PHL,IDN,2010,449217187.0,449217187.0,1,0,1,,0.3376,total,PHL-IDN,PHL_2010,IDN_2010,-1.085893516260335,UNComtrade,130.2891975,4.869756575859007
PHL,IDN,2011,605858074.0,605858074.0,1,0,1,,0.356,total,PHL-IDN,PHL_2011,IDN_2011,-1.0328245481301066,UNComtrade,137.81806,4.925934409498542
PHL,IDN,2012,839666572.0,839666572.0,1,0,1,,0.3351,total,PHL-IDN,PHL_2012,IDN_2012,-1.0933262842388722,UNComtrade,134.0695875,4.898358974857786
PHL,IDN,2013,835130518.0,835130518.0,1,0,1,,0.3476,total,PHL-IDN,PHL_2013,IDN_2013,-1.0567028855909,UNComtrade,147.775285,4.995692775316254
PHL,IDN,2014,758508258.0,758508258.0,1,0,1,,0.3549,total,PHL-IDN,PHL_2014,IDN_2014,-1.0359192193296862,UNComtrade,145.80259999999998,4.9822536520630205
PHL,IDN,2015,628273797.0,628273797.0,1,0,1,,0.3343,total,PHL-IDN,PHL_2015,IDN_2015,-1.095716485556084,UNComtrade,144.0113575,4.969892167993583
PHL,IDN,2016,592204268.0,592204268.0,1,0,1,,0.3381,total,PHL-IDN,PHL_2016,IDN_2016,-1.0844135692682968,UNComtrade,166.45739,5.114739360752517
PHL,IDN,2017,724199704.0,724199704.0,1,0,1,,0.3455,total,PHL-IDN,PHL_2017,IDN_2017,-1.0627626357744124,UNComtrade,170.780795,5.140380833580465
PHL,IDN,2018,866202792.0,866202792.0,1,0,1,,0.368,total,PHL-IDN,PHL_2018,IDN_2018,-0.999672340813206,UNComtrade,171.0517425,5.141966098451527
PHL,IDN,2019,829016228.0,829016228.0,1,0,1,,0.3693,total,PHL-IDN,PHL_2019,IDN_2019,-0.9961459571236196,UNComtrade,173.7821275,5.157802373826627
PHL,IDN,2020,458173572.0,458173572.0,1,0,1,,0.3435,total,PHL-IDN,PHL_2020,IDN_2020,-1.068568167319733,UNComtrade,159.3172875,5.0708977326852045
PHL,IDN,2021,864923503.0,864923503.0,1,0,1,,0.3258,total,PHL-IDN,PHL_2021,IDN_2021,-1.1214715828141923,UNComtrade,150.6053925,5.014663121497654
PHL,IDN,2022,725816637.0,725816637.0,1,0,1,,0.329,total,PHL-IDN,PHL_2022,IDN_2022,-1.1116975282167652,UNComtrade,152.1277975,5.0247209406209405
PHL,IDN,2023,748941349.0,748941349.0,1,0,1,,0.3741,total,PHL-IDN,PHL_2023,IDN_2023,-0.9832321376280366,UNComtrade,178.998135,5.187375386792064
PHL,IDN,2024,1052165226.0,1052165226.0,1,0,1,,0.3819,total,PHL-IDN,PHL_2024,IDN_2024,-0.9625964847506664,UNComtrade,181.0703825,5.198885809273022
PHL,IND,2010,410280314.0,410280314.0,1,0,1,,0.2884,total,PHL-IND,PHL_2010,IND_2010,-1.243406873571343,UNComtrade,130.2891975,4.869756575859007
PHL,IND,2011,387903882.0,387903882.0,1,0,1,,0.301,total,PHL-IND,PHL_2011,IND_2011,-1.2006450142332614,UNComtrade,137.81806,4.925934409498542
PHL,IND,2012,326846937.0,326846937.0,1,0,1,,0.2876,total,PHL-IND,PHL_2012,IND_2012,-1.2461846531352454,UNComtrade,134.0695875,4.898358974857786
PHL,IND,2013,298364508.0,298364508.0,1,0,1,,0.2952,total,PHL-IND,PHL_2013,IND_2013,-1.2201021862558197,UNComtrade,147.775285,4.995692775316254
PHL,IND,2014,299104711.0,299104711.0,1,0,1,,0.3032,total,PHL-IND,PHL_2014,IND_2014,-1.1933626252139204,UNComtrade,145.80259999999998,4.9822536520630205
PHL,IND,2015,372885820.0,372885820.0,1,0,1,,0.2809,total,PHL-IND,PHL_2015,IND_2015,-1.2697565448719392,UNComtrade,144.0113575,4.969892167993583
PHL,IND,2016,315127080.0,315127080.0,1,0,1,,0.3688,total,PHL-IND,PHL_2016,IND_2016,-0.9975007872996984,UNComtrade,166.45739,5.114739360752517
PHL,IND,2017,576562016.0,576562016.0,1,0,1,,0.3734,total,PHL-IND,PHL_2017,IND_2017,-0.9851050478745148,UNComtrade,170.780795,5.140380833580465
PHL,IND,2018,589749024.0,589749024.0,1,0,1,,0.3845,total,PHL-IND,PHL_2018,IND_2018,-0.9558114900364384,UNComtrade,171.0517425,5.141966098451527
PHL,IND,2019,545445461.0,545445461.0,1,0,1,,0.3854,total,PHL-IND,PHL_2019,IND_2019,-0.9534735230018708,UNComtrade,173.7821275,5.157802373826627
PHL,IND,2020,553844166.0,553844166.0,1,0,1,,0.3571,total,PHL-IND,PHL_2020,IND_2020,-1.0297394243817344,UNComtrade,159.3172875,5.0708977326852045
PHL,IND,2021,735426612.0,735426612.0,1,0,1,,0.2732,total,PHL-IND,PHL_2021,IND_2021,-1.297551151285502,UNComtrade,150.6053925,5.014663121497654
PHL,IND,2022,719272025.0,719272025.0,1,0,1,,0.2791,total,PHL-IND,PHL_2022,IND_2022,-1.2761851384398606,UNComtrade,152.1277975,5.0247209406209405
PHL,IND,2023,1103888271.0,1103888271.0,1,0,1,,0.3834,total,PHL-IND,PHL_2023,IND_2023,-0.9586764483705928,UNComtrade,178.998135,5.187375386792064
PHL,IND,2024,1097038987.0,1097038987.0,1,0,1,,0.3974,total,PHL-IND,PHL_2024,IND_2024,-0.9228119488644206,UNComtrade,181.0703825,5.198885809273022
PHL,ITA,2010,349467375.0,349467375.0,1,0,1,,0.2958,total,PHL-ITA,PHL_2010,ITA_2010,-1.2180717287054377,UNComtrade,130.2891975,4.869756575859007
PHL,ITA,2011,289198230.0,289198230.0,1,0,1,,0.3088,total,PHL-ITA,PHL_2011,ITA_2011,-1.175061460831516,UNComtrade,137.81806,4.925934409498542
PHL,ITA,2012,218662793.0,218662793.0,1,0,1,,0.2993,total,PHL-ITA,PHL_2012,ITA_2012,-1.2063088641234838,UNComtrade,134.0695875,4.898358974857786
PHL,ITA,2013,225412531.0,225412531.0,1,0,1,,0.3149,total,PHL-ITA,PHL_2013,ITA_2013,-1.155500150875158,UNComtrade,147.775285,4.995692775316254
PHL,ITA,2014,187923480.0,187923480.0,1,0,1,,0.3208,total,PHL-ITA,PHL_2014,ITA_2014,-1.1369374029897776,UNComtrade,145.80259999999998,4.9822536520630205
PHL,ITA,2015,187138760.0,187138760.0,1,0,1,,0.2983,total,PHL-ITA,PHL_2015,ITA_2015,-1.209655587461434,UNComtrade,144.0113575,4.969892167993583
PHL,ITA,2016,162686606.0,162686606.0,1,0,1,,0.3202,total,PHL-ITA,PHL_2016,ITA_2016,-1.1388094784195228,UNComtrade,166.45739,5.114739360752517
PHL,ITA,2017,317213828.0,317213828.0,1,0,1,,0.3243,total,PHL-ITA,PHL_2017,ITA_2017,-1.1260862656688648,UNComtrade,170.780795,5.140380833580465
PHL,ITA,2018,201915641.0,201915641.0,1,0,1,,0.3402,total,PHL-ITA,PHL_2018,ITA_2018,-1.0782215990203756,UNComtrade,171.0517425,5.141966098451527
PHL,ITA,2019,203956571.0,203956571.0,1,0,1,,0.3344,total,PHL-ITA,PHL_2019,ITA_2019,-1.0954173977715906,UNComtrade,173.7821275,5.157802373826627
PHL,ITA,2020,203063658.0,203063658.0,1,0,1,,0.3058,total,PHL-ITA,PHL_2020,ITA_2020,-1.1848239854871752,UNComtrade,159.3172875,5.0708977326852045
PHL,ITA,2021,232192167.0,232192167.0,1,0,1,,0.2773,total,PHL-ITA,PHL_2021,ITA_2021,-1.2826553263604048,UNComtrade,150.6053925,5.014663121497654
PHL,ITA,2022,297212401.0,297212401.0,1,0,1,,0.2856,total,PHL-ITA,PHL_2022,ITA_2022,-1.2531630485167076,UNComtrade,152.1277975,5.0247209406209405
PHL,ITA,2023,264125835.0,264125835.0,1,0,1,,0.3009,total,PHL-ITA,PHL_2023,ITA_2023,-1.2009772953461375,UNComtrade,178.998135,5.187375386792064
PHL,ITA,2024,322144870.0,322144870.0,1,0,1,,0.3233,total,PHL-ITA,PHL_2024,ITA_2024,-1.1291745942507496,UNComtrade,181.0703825,5.198885809273022
PHL,JPN,2010,7841291405.0,7841291405.0,1,0,1,,0.3595,total,PHL-JPN,PHL_2010,JPN_2010,-1.0230411018210357,UNComtrade,130.2891975,4.869756575859007
PHL,JPN,2011,8866494444.0,8866494444.0,1,0,1,,0.3802,total,PHL-JPN,PHL_2011,JPN_2011,-0.9670578489278084,UNComtrade,137.81806,4.925934409498542
PHL,JPN,2012,9881269130.0,9881269130.0,1,0,1,,0.364,total,PHL-JPN,PHL_2012,JPN_2012,-1.0106014113453965,UNComtrade,134.0695875,4.898358974857786
PHL,JPN,2013,12048496171.0,12048496171.0,1,0,1,,0.3872,total,PHL-JPN,PHL_2013,JPN_2013,-0.9488139235797152,UNComtrade,147.775285,4.995692775316254
PHL,JPN,2014,13918859503.0,13918859503.0,1,0,1,,0.3928,total,PHL-JPN,PHL_2014,JPN_2014,-0.9344547025018264,UNComtrade,145.80259999999998,4.9822536520630205
PHL,JPN,2015,12381197312.0,12381197312.0,1,0,1,,0.3672,total,PHL-JPN,PHL_2015,JPN_2015,-1.0018486202358017,UNComtrade,144.0113575,4.969892167993583
PHL,JPN,2016,11674107668.0,11674107668.0,1,0,1,,0.3836,total,PHL-JPN,PHL_2016,JPN_2016,-0.958154935972854,UNComtrade,166.45739,5.114739360752517
PHL,JPN,2017,10853157510.0,10853157510.0,1,0,1,,0.3888,total,PHL-JPN,PHL_2017,JPN_2017,-0.9446902063958532,UNComtrade,170.780795,5.140380833580465
PHL,JPN,2018,9473707006.0,9473707006.0,1,0,1,,0.3994,total,PHL-JPN,PHL_2018,JPN_2018,-0.9177918580004224,UNComtrade,171.0517425,5.141966098451527
PHL,JPN,2019,10674916696.0,10674916696.0,1,0,1,,0.3931,total,PHL-JPN,PHL_2019,JPN_2019,-0.9336912465543225,UNComtrade,173.7821275,5.157802373826627
PHL,JPN,2020,10034349119.0,10034349119.0,1,0,1,,0.3637,total,PHL-JPN,PHL_2020,JPN_2020,-1.0114259269891936,UNComtrade,159.3172875,5.0708977326852045
PHL,JPN,2021,10722303731.0,10722303731.0,1,0,1,,0.3433,total,PHL-JPN,PHL_2021,JPN_2021,-1.0691505785184907,UNComtrade,150.6053925,5.014663121497654
PHL,JPN,2022,11094093997.0,11094093997.0,1,0,1,,0.3457,total,PHL-JPN,PHL_2022,JPN_2022,-1.062183932054558,UNComtrade,152.1277975,5.0247209406209405
PHL,JPN,2023,10455788964.0,10455788964.0,1,0,1,,0.3804,total,PHL-JPN,PHL_2023,JPN_2023,-0.9665319483109016,UNComtrade,178.998135,5.187375386792064
PHL,JPN,2024,10330392751.0,10330392751.0,1,0,1,,0.4023,total,PHL-JPN,PHL_2024,JPN_2024,-0.9105572000263944,UNComtrade,181.0703825,5.198885809273022
PHL,KHM,2010,8495199.0,8495199.0,1,0,1,,0.1789,total,PHL-KHM,PHL_2010,KHM_2010,-1.7209282884674637,UNComtrade,130.2891975,4.869756575859007
PHL,KHM,2011,9742869.0,9742869.0,1,0,1,,0.1912,total,PHL-KHM,PHL_2011,KHM_2011,-1.6544352783648362,UNComtrade,137.81806,4.925934409498542
PHL,KHM,2012,16372403.0,16372403.0,1,0,1,,0.2541,total,PHL-KHM,PHL_2012,KHM_2012,-1.3700273886560186,UNComtrade,134.0695875,4.898358974857786
PHL,KHM,2013,8729476.0,8729476.0,1,0,1,,0.2584,total,PHL-KHM,PHL_2013,KHM_2013,-1.35324650707369,UNComtrade,147.775285,4.995692775316254
PHL,KHM,2014,82797773.0,82797773.0,1,0,1,,0.2624,total,PHL-KHM,PHL_2014,KHM_2014,-1.337885221912203,UNComtrade,145.80259999999998,4.9822536520630205
PHL,KHM,2015,8651745.0,8651745.0,1,0,1,,0.2692,total,PHL-KHM,PHL_2015,KHM_2015,-1.3123006812115643,UNComtrade,144.0113575,4.969892167993583
PHL,KHM,2016,16104842.0,16104842.0,1,0,1,,0.2803,total,PHL-KHM,PHL_2016,KHM_2016,-1.2718948208113945,UNComtrade,166.45739,5.114739360752517
PHL,KHM,2017,32767318.0,32767318.0,1,0,1,,0.2821,total,PHL-KHM,PHL_2017,KHM_2017,-1.2654936609741865,UNComtrade,170.780795,5.140380833580465
PHL,KHM,2018,30588390.0,30588390.0,1,0,1,,0.2074,total,PHL-KHM,PHL_2018,KHM_2018,-1.57310598318671,UNComtrade,171.0517425,5.141966098451527
PHL,KHM,2019,26159939.0,26159939.0,1,0,1,,0.2131,total,PHL-KHM,PHL_2019,KHM_2019,-1.5459937398775656,UNComtrade,173.7821275,5.157802373826627
PHL,KHM,2020,28224966.0,28224966.0,1,0,1,,0.2738,total,PHL-KHM,PHL_2020,KHM_2020,-1.2953573661277886,UNComtrade,159.3172875,5.0708977326852045
PHL,KHM,2021,36488295.0,36488295.0,1,0,1,,0.277,total,PHL-KHM,PHL_2021,KHM_2021,-1.2837377727947985,UNComtrade,150.6053925,5.014663121497654
PHL,KHM,2022,53699681.0,53699681.0,1,0,1,,0.2724,total,PHL-KHM,PHL_2022,KHM_2022,-1.30048370470678,UNComtrade,152.1277975,5.0247209406209405
PHL,KHM,2023,17412410.0,17412410.0,1,0,1,,0.2761,total,PHL-KHM,PHL_2023,KHM_2023,-1.2869921600460283,UNComtrade,178.998135,5.187375386792064
PHL,KHM,2024,42854990.0,42854990.0,1,0,1,,0.2864,total,PHL-KHM,PHL_2024,KHM_2024,-1.2503658438956466,UNComtrade,181.0703825,5.198885809273022
PHL,KOR,2010,2243106603.0,2243106603.0,1,0,1,,0.359,total,PHL-KOR,PHL_2010,KOR_2010,-1.0244328904938582,UNComtrade,130.2891975,4.869756575859007
PHL,KOR,2011,2196404869.0,2196404869.0,1,0,1,,0.3843,total,PHL-KOR,PHL_2011,KOR_2011,-0.9563317814113388,UNComtrade,137.81806,4.925934409498542
PHL,KOR,2012,2862007873.0,2862007873.0,1,0,1,,0.3657,total,PHL-KOR,PHL_2012,KOR_2012,-1.0059419538268015,UNComtrade,134.0695875,4.898358974857786
PHL,KOR,2013,3399765182.0,3399765182.0,1,0,1,,0.388,total,PHL-KOR,PHL_2013,KOR_2013,-0.9467499393588636,UNComtrade,147.775285,4.995692775316254
PHL,KOR,2014,2532408235.0,2532408235.0,1,0,1,,0.3934,total,PHL-KOR,PHL_2014,KOR_2014,-0.9329283730271782,UNComtrade,145.80259999999998,4.9822536520630205
PHL,KOR,2015,2511551984.0,2511551984.0,1,0,1,,0.3713,total,PHL-KOR,PHL_2015,KOR_2015,-0.9907449177991026,UNComtrade,144.0113575,4.969892167993583
PHL,KOR,2016,2095041078.0,2095041078.0,1,0,1,,0.3935,total,PHL-KOR,PHL_2016,KOR_2016,-0.9326742111246792,UNComtrade,166.45739,5.114739360752517
PHL,KOR,2017,4333434204.0,4333434204.0,1,0,1,,0.3952,total,PHL-KOR,PHL_2017,KOR_2017,-0.9283633131084243,UNComtrade,170.780795,5.140380833580465
PHL,KOR,2018,2542278645.0,2542278645.0,1,0,1,,0.4103,total,PHL-KOR,PHL_2018,KOR_2018,-0.8908666795339967,UNComtrade,171.0517425,5.141966098451527
PHL,KOR,2019,3240829679.0,3240829679.0,1,0,1,,0.4143,total,PHL-KOR,PHL_2019,KOR_2019,-0.8811649298987809,UNComtrade,173.7821275,5.157802373826627
PHL,KOR,2020,2854850891.0,2854850891.0,1,0,1,,0.3809,total,PHL-KOR,PHL_2020,KOR_2020,-0.9652184054975786,UNComtrade,159.3172875,5.0708977326852045
PHL,KOR,2021,2573886610.0,2573886610.0,1,0,1,,0.356,total,PHL-KOR,PHL_2021,KOR_2021,-1.0328245481301066,UNComtrade,150.6053925,5.014663121497654
PHL,KOR,2022,3127015016.0,3127015016.0,1,0,1,,0.3614,total,PHL-KOR,PHL_2022,KOR_2022,-1.0177699008240089,UNComtrade,152.1277975,5.0247209406209405
PHL,KOR,2023,3533831874.0,3533831874.0,1,0,1,,0.4033,total,PHL-KOR,PHL_2023,KOR_2023,-0.9080745771028146,UNComtrade,178.998135,5.187375386792064
PHL,KOR,2024,3570292996.0,3570292996.0,1,0,1,,0.4175,total,PHL-KOR,PHL_2024,KOR_2024,-0.8734707346912269,UNComtrade,181.0703825,5.198885809273022
PHL,LAO,2010,301273.0,301273.0,1,0,1,,,total,PHL-LAO,PHL_2010,LAO_2010,,UNComtrade,130.2891975,4.869756575859007
PHL,LAO,2011,611476.0,611476.0,1,0,1,,,total,PHL-LAO,PHL_2011,LAO_2011,,UNComtrade,137.81806,4.925934409498542
PHL,LAO,2012,541782.0,541782.0,1,0,1,,,total,PHL-LAO,PHL_2012,LAO_2012,,UNComtrade,134.0695875,4.898358974857786
PHL,LAO,2013,799528.0,799528.0,1,0,1,,,total,PHL-LAO,PHL_2013,LAO_2013,,UNComtrade,147.775285,4.995692775316254
PHL,LAO,2014,109540.0,109540.0,1,0,1,,,total,PHL-LAO,PHL_2014,LAO_2014,,UNComtrade,145.80259999999998,4.9822536520630205
PHL,LAO,2015,15573640.0,15573640.0,1,0,1,,,total,PHL-LAO,PHL_2015,LAO_2015,,UNComtrade,144.0113575,4.969892167993583
PHL,LAO,2016,684933.0,684933.0,1,0,1,,,total,PHL-LAO,PHL_2016,LAO_2016,,UNComtrade,166.45739,5.114739360752517
PHL,LAO,2017,1366277.0,1366277.0,1,0,1,,,total,PHL-LAO,PHL_2017,LAO_2017,,UNComtrade,170.780795,5.140380833580465
PHL,LAO,2018,2702382.0,2702382.0,1,0,1,,,total,PHL-LAO,PHL_2018,LAO_2018,,UNComtrade,171.0517425,5.141966098451527
PHL,LAO,2019,1089472.0,1089472.0,1,0,1,,,total,PHL-LAO,PHL_2019,LAO_2019,,UNComtrade,173.7821275,5.157802373826627
PHL,LAO,2020,413193.0,413193.0,1,0,1,,,total,PHL-LAO,PHL_2020,LAO_2020,,UNComtrade,159.3172875,5.0708977326852045
PHL,LAO,2021,265899.0,265899.0,1,0,1,,,total,PHL-LAO,PHL_2021,LAO_2021,,UNComtrade,150.6053925,5.014663121497654
PHL,LAO,2022,1964792.0,1964792.0,1,0,1,,,total,PHL-LAO,PHL_2022,LAO_2022,,UNComtrade,152.1277975,5.0247209406209405
PHL,LAO,2023,1381044.0,1381044.0,1,0,1,,,total,PHL-LAO,PHL_2023,LAO_2023,,UNComtrade,178.998135,5.187375386792064
PHL,LAO,2024,2772778.0,2772778.0,1,0,1,,,total,PHL-LAO,PHL_2024,LAO_2024,,UNComtrade,181.0703825,5.198885809273022
PHL,MMR,2010,11232996.0,11232996.0,1,0,1,,0.1679,total,PHL-MMR,PHL_2010,MMR_2010,-1.784386714898642,UNComtrade,130.2891975,4.869756575859007
PHL,MMR,2011,14129197.0,14129197.0,1,0,1,,0.1617,total,PHL-MMR,PHL_2011,MMR_2011,-1.822012512399076,UNComtrade,137.81806,4.925934409498542
PHL,MMR,2012,19132030.0,19132030.0,1,0,1,,0.1803,total,PHL-MMR,PHL_2012,MMR_2012,-1.7131331487728656,UNComtrade,134.0695875,4.898358974857786
PHL,MMR,2013,23727206.0,23727206.0,1,0,1,,0.197,total,PHL-MMR,PHL_2013,MMR_2013,-1.6245515502441483,UNComtrade,147.775285,4.995692775316254
PHL,MMR,2014,18740815.0,18740815.0,1,0,1,,0.1974,total,PHL-MMR,PHL_2014,MMR_2014,-1.622523151982756,UNComtrade,145.80259999999998,4.9822536520630205
PHL,MMR,2015,34119320.0,34119320.0,1,0,1,,0.2129,total,PHL-MMR,PHL_2015,MMR_2015,-1.5469327070827033,UNComtrade,144.0113575,4.969892167993583
PHL,MMR,2016,16796821.0,16796821.0,1,0,1,,0.2264,total,PHL-MMR,PHL_2016,MMR_2016,-1.4854519326531093,UNComtrade,166.45739,5.114739360752517
PHL,MMR,2017,27303538.0,27303538.0,1,0,1,,0.2261,total,PHL-MMR,PHL_2017,MMR_2017,-1.4867778996982128,UNComtrade,170.780795,5.140380833580465
PHL,MMR,2018,41483018.0,41483018.0,1,0,1,,0.2311,total,PHL-MMR,PHL_2018,MMR_2018,-1.464904761701802,UNComtrade,171.0517425,5.141966098451527
PHL,MMR,2019,54968873.0,54968873.0,1,0,1,,0.2063,total,PHL-MMR,PHL_2019,MMR_2019,-1.5784238589049309,UNComtrade,173.7821275,5.157802373826627
PHL,MMR,2020,49512625.0,49512625.0,1,0,1,,0.28,total,PHL-MMR,PHL_2020,MMR_2020,-1.272965675812887,UNComtrade,159.3172875,5.0708977326852045
PHL,MMR,2021,52240209.0,52240209.0,1,0,1,,0.2756,total,PHL-MMR,PHL_2021,MMR_2021,-1.2888047398426334,UNComtrade,150.6053925,5.014663121497654
PHL,MMR,2022,66647224.0,66647224.0,1,0,1,,0.2643,total,PHL-MMR,PHL_2022,MMR_2022,-1.3306704573718935,UNComtrade,152.1277975,5.0247209406209405
PHL,MMR,2023,61691911.0,61691911.0,1,0,1,,0.278,total,PHL-MMR,PHL_2023,MMR_2023,-1.2801341652915,UNComtrade,178.998135,5.187375386792064
PHL,MMR,2024,50985777.0,50985777.0,1,0,1,,0.2874,total,PHL-MMR,PHL_2024,MMR_2024,-1.2468803053372126,UNComtrade,181.0703825,5.198885809273022
PHL,MYS,2010,1396495830.0,1396495830.0,1,0,1,,0.3637,total,PHL-MYS,PHL_2010,MYS_2010,-1.0114259269891936,UNComtrade,130.2891975,4.869756575859007
PHL,MYS,2011,1098988452.0,1098988452.0,1,0,1,,0.3841,total,PHL-MYS,PHL_2011,MYS_2011,-0.956852343630278,UNComtrade,137.81806,4.925934409498542
PHL,MYS,2012,1018099385.0,1018099385.0,1,0,1,,0.3721,total,PHL-MYS,PHL_2012,MYS_2012,-0.9885926436295602,UNComtrade,134.0695875,4.898358974857786
PHL,MYS,2013,1375269939.0,1375269939.0,1,0,1,,0.3943,total,PHL-MYS,PHL_2013,MYS_2013,-0.9306432380985556,UNComtrade,147.775285,4.995692775316254
PHL,MYS,2014,1161018862.0,1161018862.0,1,0,1,,0.4003,total,PHL-MYS,PHL_2014,MYS_2014,-0.9155410129836092,UNComtrade,145.80259999999998,4.9822536520630205
PHL,MYS,2015,1198694382.0,1198694382.0,1,0,1,,0.3683,total,PHL-MYS,PHL_2015,MYS_2015,-0.9988574555311174,UNComtrade,144.0113575,4.969892167993583
PHL,MYS,2016,1189457375.0,1189457375.0,1,0,1,,0.3912,total,PHL-MYS,PHL_2016,MYS_2016,-0.9385363408214747,UNComtrade,166.45739,5.114739360752517
PHL,MYS,2017,1713739276.0,1713739276.0,1,0,1,,0.3913,total,PHL-MYS,PHL_2017,MYS_2017,-0.9382807497657704,UNComtrade,170.780795,5.140380833580465
PHL,MYS,2018,1929601550.0,1929601550.0,1,0,1,,0.4074,total,PHL-MYS,PHL_2018,MYS_2018,-0.8979597751894316,UNComtrade,171.0517425,5.141966098451527
PHL,MYS,2019,1825274249.0,1825274249.0,1,0,1,,0.4068,total,PHL-MYS,PHL_2019,MYS_2019,-0.8994336148077322,UNComtrade,173.7821275,5.157802373826627
PHL,MYS,2020,1770569300.0,1770569300.0,1,0,1,,0.3754,total,PHL-MYS,PHL_2020,MYS_2020,-0.9797631548297284,UNComtrade,159.3172875,5.0708977326852045
PHL,MYS,2021,1891938866.0,1891938866.0,1,0,1,,0.3564,total,PHL-MYS,PHL_2021,MYS_2021,-1.0317015833854828,UNComtrade,150.6053925,5.014663121497654
PHL,MYS,2022,2443546459.0,2443546459.0,1,0,1,,0.3628,total,PHL-MYS,PHL_2022,MYS_2022,-1.0139035607411555,UNComtrade,152.1277975,5.0247209406209405
PHL,MYS,2023,2183647959.0,2183647959.0,1,0,1,,0.3994,total,PHL-MYS,PHL_2023,MYS_2023,-0.9177918580004224,UNComtrade,178.998135,5.187375386792064
PHL,MYS,2024,2226530982.0,2226530982.0,1,0,1,,0.4141,total,PHL-MYS,PHL_2024,MYS_2024,-0.8816477884306154,UNComtrade,181.0703825,5.198885809273022
PHL,NLD,2010,2429526895.0,2429526895.0,1,0,1,,0.2959,total,PHL-NLD,PHL_2010,NLD_2010,-1.2177337195759732,UNComtrade,130.2891975,4.869756575859007
PHL,NLD,2011,1744779144.0,1744779144.0,1,0,1,,0.3171,total,PHL-NLD,PHL_2011,NLD_2011,-1.1485380974378354,UNComtrade,137.81806,4.925934409498542
PHL,NLD,2012,1550982113.0,1550982113.0,1,0,1,,0.2973,total,PHL-NLD,PHL_2012,NLD_2012,-1.213013548978085,UNComtrade,134.0695875,4.898358974857786
PHL,NLD,2013,1748520893.0,1748520893.0,1,0,1,,0.3167,total,PHL-NLD,PHL_2013,NLD_2013,-1.149800325437543,UNComtrade,147.775285,4.995692775316254
PHL,NLD,2014,1892314966.0,1892314966.0,1,0,1,,0.3223,total,PHL-NLD,PHL_2014,NLD_2014,-1.132272490160745,UNComtrade,145.80259999999998,4.9822536520630205
PHL,NLD,2015,1771990825.0,1771990825.0,1,0,1,,0.2934,total,PHL-NLD,PHL_2015,NLD_2015,-1.2262184132732556,UNComtrade,144.0113575,4.969892167993583
PHL,NLD,2016,1715639524.0,1715639524.0,1,0,1,,0.3183,total,PHL-NLD,PHL_2016,NLD_2016,-1.1447609446940898,UNComtrade,166.45739,5.114739360752517
PHL,NLD,2017,2517552849.0,2517552849.0,1,0,1,,0.3205,total,PHL-NLD,PHL_2017,NLD_2017,-1.1378730026214123,UNComtrade,170.780795,5.140380833580465
PHL,NLD,2018,2480699881.0,2480699881.0,1,0,1,,0.3429,total,PHL-NLD,PHL_2018,NLD_2018,-1.0703164195132624,UNComtrade,171.0517425,5.141966098451527
PHL,NLD,2019,2266052624.0,2266052624.0,1,0,1,,0.336,total,PHL-NLD,PHL_2019,NLD_2019,-1.0906441190189329,UNComtrade,173.7821275,5.157802373826627
PHL,NLD,2020,1919721516.0,1919721516.0,1,0,1,,0.3089,total,PHL-NLD,PHL_2020,NLD_2020,-1.174737679057601,UNComtrade,159.3172875,5.0708977326852045
PHL,NLD,2021,2253693321.0,2253693321.0,1,0,1,,0.2891,total,PHL-NLD,PHL_2021,NLD_2021,-1.2409826299598363,UNComtrade,150.6053925,5.014663121497654
PHL,NLD,2022,2941094285.0,2941094285.0,1,0,1,,0.2946,total,PHL-NLD,PHL_2022,NLD_2022,-1.2221367749536072,UNComtrade,152.1277975,5.0247209406209405
PHL,NLD,2023,3088586285.0,3088586285.0,1,0,1,,0.3081,total,PHL-NLD,PHL_2023,NLD_2023,-1.177330873379515,UNComtrade,178.998135,5.187375386792064
PHL,NLD,2024,2867919609.0,2867919609.0,1,0,1,,0.3274,total,PHL-NLD,PHL_2024,NLD_2024,-1.1165726140451024,UNComtrade,181.0703825,5.198885809273022
PHL,SGP,2010,7318943042.0,7318943042.0,1,0,1,,0.3668,total,PHL-SGP,PHL_2010,SGP_2010,-1.0029385385998273,UNComtrade,130.2891975,4.869756575859007
PHL,SGP,2011,4277729119.0,4277729119.0,1,0,1,,0.3881,total,PHL-SGP,PHL_2011,SGP_2011,-0.9464922406072764,UNComtrade,137.81806,4.925934409498542
PHL,SGP,2012,4863929036.0,4863929036.0,1,0,1,,0.3712,total,PHL-SGP,PHL_2012,SGP_2012,-0.9910142780700916,UNComtrade,134.0695875,4.898358974857786
PHL,SGP,2013,4142004433.0,4142004433.0,1,0,1,,0.398,total,PHL-SGP,PHL_2013,SGP_2013,-0.9213032736976992,UNComtrade,147.775285,4.995692775316254
PHL,SGP,2014,4453918282.0,4453918282.0,1,0,1,,0.404,total,PHL-SGP,PHL_2014,SGP_2014,-0.9063404010209868,UNComtrade,145.80259999999998,4.9822536520630205
PHL,SGP,2015,3649515390.0,3649515390.0,1,0,1,,0.3716,total,PHL-SGP,PHL_2015,SGP_2015,-0.9899372720424536,UNComtrade,144.0113575,4.969892167993583
PHL,SGP,2016,3700590526.0,3700590526.0,1,0,1,,0.3954,total,PHL-SGP,PHL_2016,SGP_2016,-0.9278573682456206,UNComtrade,166.45739,5.114739360752517
PHL,SGP,2017,3973555967.0,3973555967.0,1,0,1,,0.399,total,PHL-SGP,PHL_2017,SGP_2017,-0.9187938620922736,UNComtrade,170.780795,5.140380833580465
PHL,SGP,2018,4234411942.0,4234411942.0,1,0,1,,0.4154,total,PHL-SGP,PHL_2018,SGP_2018,-0.8785133675401251,UNComtrade,171.0517425,5.141966098451527
PHL,SGP,2019,3831791658.0,3831791658.0,1,0,1,,0.4165,total,PHL-SGP,PHL_2019,SGP_2019,-0.8758688173752397,UNComtrade,173.7821275,5.157802373826627
PHL,SGP,2020,3774431834.0,3774431834.0,1,0,1,,0.379,total,PHL-SGP,PHL_2020,SGP_2020,-0.9702190738997108,UNComtrade,159.3172875,5.0708977326852045
PHL,SGP,2021,4194783019.0,4194783019.0,1,0,1,,0.3604,total,PHL-SGP,PHL_2021,SGP_2021,-1.0205407532479542,UNComtrade,150.6053925,5.014663121497654
PHL,SGP,2022,4908819055.0,4908819055.0,1,0,1,,0.3662,total,PHL-SGP,PHL_2022,SGP_2022,-1.0045756467417266,UNComtrade,152.1277975,5.0247209406209405
PHL,SGP,2023,3528073982.0,3528073982.0,1,0,1,,0.4037,total,PHL-SGP,PHL_2023,SGP_2023,-0.907083251123242,UNComtrade,178.998135,5.187375386792064
PHL,SGP,2024,2942607700.0,2942607700.0,1,0,1,,0.4179,total,PHL-SGP,PHL_2024,SGP_2024,-0.8725131095282673,UNComtrade,181.0703825,5.198885809273022
PHL,THA,2010,1782639945.0,1782639945.0,1,0,1,,0.3332,total,PHL-THA,PHL_2010,THA_2010,-1.0990123686894495,UNComtrade,130.2891975,4.869756575859007
PHL,THA,2011,1903966761.0,1903966761.0,1,0,1,,0.3493,total,PHL-THA,PHL_2011,THA_2011,-1.0518241271693507,UNComtrade,137.81806,4.925934409498542
PHL,THA,2012,2445956284.0,2445956284.0,1,0,1,,0.3363,total,PHL-THA,PHL_2012,THA_2012,-1.0897516602359132,UNComtrade,134.0695875,4.898358974857786
PHL,THA,2013,1909020753.0,1909020753.0,1,0,1,,0.3518,total,PHL-THA,PHL_2013,THA_2013,-1.044692446678679,UNComtrade,147.775285,4.995692775316254
PHL,THA,2014,2351875165.0,2351875165.0,1,0,1,,0.3635,total,PHL-THA,PHL_2014,THA_2014,-1.011975982008563,UNComtrade,145.80259999999998,4.9822536520630205
PHL,THA,2015,2263438015.0,2263438015.0,1,0,1,,0.3435,total,PHL-THA,PHL_2015,THA_2015,-1.068568167319733,UNComtrade,144.0113575,4.969892167993583
PHL,THA,2016,2130029017.0,2130029017.0,1,0,1,,0.3711,total,PHL-THA,PHL_2016,THA_2016,-0.9912837109155852,UNComtrade,166.45739,5.114739360752517
PHL,THA,2017,2740793582.0,2740793582.0,1,0,1,,0.3704,total,PHL-THA,PHL_2017,THA_2017,-0.9931717762101128,UNComtrade,170.780795,5.140380833580465
PHL,THA,2018,2716755647.0,2716755647.0,1,0,1,,0.3859,total,PHL-THA,PHL_2018,THA_2018,-0.952177010438564,UNComtrade,171.0517425,5.141966098451527
PHL,THA,2019,2972465089.0,2972465089.0,1,0,1,,0.3881,total,PHL-THA,PHL_2019,THA_2019,-0.9464922406072764,UNComtrade,173.7821275,5.157802373826627
PHL,THA,2020,2877397089.0,2877397089.0,1,0,1,,0.3539,total,PHL-THA,PHL_2020,THA_2020,-1.0387408916307197,UNComtrade,159.3172875,5.0708977326852045
PHL,THA,2021,3450822884.0,3450822884.0,1,0,1,,0.3392,total,PHL-THA,PHL_2021,THA_2021,-1.081165375064389,UNComtrade,150.6053925,5.014663121497654
PHL,THA,2022,3374362655.0,3374362655.0,1,0,1,,0.3402,total,PHL-THA,PHL_2022,THA_2022,-1.0782215990203756,UNComtrade,152.1277975,5.0247209406209405
PHL,THA,2023,2931640278.0,2931640278.0,1,0,1,,0.376,total,PHL-THA,PHL_2023,THA_2023,-0.9781661355922424,UNComtrade,178.998135,5.187375386792064
PHL,THA,2024,2956105868.0,2956105868.0,1,0,1,,0.3904,total,PHL-THA,PHL_2024,THA_2024,-0.9405834244431996,UNComtrade,181.0703825,5.198885809273022
PHL,TWN,2010,1751960534.0,1751960534.0,1,0,1,,0.3595,total,PHL-TWN,PHL_2010,TWN_2010,-1.0230411018210357,UNComtrade,130.2891975,4.869756575859007
PHL,TWN,2011,2002901804.0,2002901804.0,1,0,1,,0.376,total,PHL-TWN,PHL_2011,TWN_2011,-0.9781661355922424,UNComtrade,137.81806,4.925934409498542
PHL,TWN,2012,1915311138.0,1915311138.0,1,0,1,,0.3647,total,PHL-TWN,PHL_2012,TWN_2012,-1.0086801811675024,UNComtrade,134.0695875,4.898358974857786
PHL,TWN,2013,1983303772.0,1983303772.0,1,0,1,,0.3859,total,PHL-TWN,PHL_2013,TWN_2013,-0.952177010438564,UNComtrade,147.775285,4.995692775316254
PHL,TWN,2014,2446340022.0,2446340022.0,1,0,1,,0.3927,total,PHL-TWN,PHL_2014,TWN_2014,-0.9347093173981732,UNComtrade,145.80259999999998,4.9822536520630205
PHL,TWN,2015,2177119888.0,2177119888.0,1,0,1,,0.3672,total,PHL-TWN,PHL_2015,TWN_2015,-1.0018486202358017,UNComtrade,144.0113575,4.969892167993583
PHL,TWN,2016,2055633777.0,2055633777.0,1,0,1,,0.3826,total,PHL-TWN,PHL_2016,TWN_2016,-0.9607652219759846,UNComtrade,166.45739,5.114739360752517
PHL,TWN,2017,2450880018.0,2450880018.0,1,0,1,,0.3883,total,PHL-TWN,PHL_2017,TWN_2017,-0.9459770422445156,UNComtrade,170.780795,5.140380833580465
PHL,TWN,2018,2472920830.0,2472920830.0,1,0,1,,0.4048,total,PHL-TWN,PHL_2018,TWN_2018,-0.9043621610088812,UNComtrade,171.0517425,5.141966098451527
PHL,TWN,2019,2253461466.0,2253461466.0,1,0,1,,0.4075,total,PHL-TWN,PHL_2019,TWN_2019,-0.8977143463012197,UNComtrade,173.7821275,5.157802373826627
PHL,TWN,2020,2121273904.0,2121273904.0,1,0,1,,0.3777,total,PHL-TWN,PHL_2020,TWN_2020,-0.973655049263726,UNComtrade,159.3172875,5.0708977326852045
PHL,TWN,2021,2525293939.0,2525293939.0,1,0,1,,0.3545,total,PHL-TWN,PHL_2021,TWN_2021,-1.037046933009955,UNComtrade,150.6053925,5.014663121497654
PHL,TWN,2022,2964904071.0,2964904071.0,1,0,1,,0.3583,total,PHL-TWN,PHL_2022,TWN_2022,-1.026384654671229,UNComtrade,152.1277975,5.0247209406209405
PHL,TWN,2023,2637848928.0,2637848928.0,1,0,1,,0.3928,total,PHL-TWN,PHL_2023,TWN_2023,-0.9344547025018264,UNComtrade,178.998135,5.187375386792064
PHL,TWN,2024,2689120223.0,2689120223.0,1,0,1,,0.4073,total,PHL-TWN,PHL_2024,TWN_2024,-0.8982052643277701,UNComtrade,181.0703825,5.198885809273022
PHL,USA,2010,7569998988.0,7569998988.0,1,0,1,,0.3001,total,PHL-USA,PHL_2010,USA_2010,-1.2036395265358155,UNComtrade,130.2891975,4.869756575859007
PHL,USA,2011,7106742822.0,7106742822.0,1,0,1,,0.3247,total,PHL-USA,PHL_2011,USA_2011,-1.1248535998733369,UNComtrade,137.81806,4.925934409498542
PHL,USA,2012,7406422794.0,7406422794.0,1,0,1,,0.3106,total,PHL-USA,PHL_2012,USA_2012,-1.1692493682675504,UNComtrade,134.0695875,4.898358974857786
PHL,USA,2013,8337396542.0,8337396542.0,1,0,1,,0.3286,total,PHL-USA,PHL_2013,USA_2013,-1.1129140733789693,UNComtrade,147.775285,4.995692775316254
PHL,USA,2014,8732693880.0,8732693880.0,1,0,1,,0.4045,total,PHL-USA,PHL_2014,USA_2014,-0.9051035424835906,UNComtrade,145.80259999999998,4.9822536520630205
PHL,USA,2015,8811250059.0,8811250059.0,1,0,1,,0.3127,total,PHL-USA,PHL_2015,USA_2015,-1.1625110145183415,UNComtrade,144.0113575,4.969892167993583
PHL,USA,2016,8670654131.0,8670654131.0,1,0,1,,0.3341,total,PHL-USA,PHL_2016,USA_2016,-1.096314929619426,UNComtrade,166.45739,5.114739360752517
PHL,USA,2017,9666678917.0,9666678917.0,1,0,1,,0.3369,total,PHL-USA,PHL_2017,USA_2017,-1.08796912856963,UNComtrade,170.780795,5.140380833580465
PHL,USA,2018,10550412462.0,10550412462.0,1,0,1,,0.351,total,PHL-USA,PHL_2018,USA_2018,-1.0469690555162714,UNComtrade,171.0517425,5.141966098451527
PHL,USA,2019,11573870586.0,11573870586.0,1,0,1,,0.3483,total,PHL-USA,PHL_2019,USA_2019,-1.0546911016101816,UNComtrade,173.7821275,5.157802373826627
PHL,USA,2020,10026270703.0,10026270703.0,1,0,1,,0.3178,total,PHL-USA,PHL_2020,USA_2020,-1.1463330248795214,UNComtrade,159.3172875,5.0708977326852045
PHL,USA,2021,11858657197.0,11858657197.0,1,0,1,,0.2963,total,PHL-USA,PHL_2021,USA_2021,-1.2163828244026174,UNComtrade,150.6053925,5.014663121497654
PHL,USA,2022,12476937774.0,12476937774.0,1,0,1,,0.3006,total,PHL-USA,PHL_2022,USA_2022,-1.201974801663263,UNComtrade,152.1277975,5.0247209406209405
PHL,USA,2023,11564939802.0,11564939802.0,1,0,1,,0.3295,total,PHL-USA,PHL_2023,USA_2023,-1.110178925039575,UNComtrade,178.998135,5.187375386792064
PHL,USA,2024,12198440327.0,12198440327.0,1,0,1,,0.3331,total,PHL-USA,PHL_2024,USA_2024,-1.0993125337825032,UNComtrade,181.0703825,5.198885809273022
PHL,VNM,2010,572077761.0,572077761.0,1,0,1,,0.3263,total,PHL-VNM,PHL_2010,VNM_2010,-1.1199380753828625,UNComtrade,130.2891975,4.869756575859007
PHL,VNM,2011,718004176.0,718004176.0,1,0,1,,0.3496,total,PHL-VNM,PHL_2011,VNM_2011,-1.0509656352007566,UNComtrade,137.81806,4.925934409498542
PHL,VNM,2012,593443265.0,593443265.0,1,0,1,,0.3273,total,PHL-VNM,PHL_2012,VNM_2012,-1.1168780974750023,UNComtrade,134.0695875,4.898358974857786
PHL,VNM,2013,540859196.0,540859196.0,1,0,1,,0.3439,total,PHL-VNM,PHL_2013,VNM_2013,-1.0674043615439166,UNComtrade,147.775285,4.995692775316254
PHL,VNM,2014,374741386.0,374741386.0,1,0,1,,0.347,total,PHL-VNM,PHL_2014,VNM_2014,-1.058430499035278,UNComtrade,145.80259999999998,4.9822536520630205
PHL,VNM,2015,727041250.0,727041250.0,1,0,1,,0.3391,total,PHL-VNM,PHL_2015,VNM_2015,-1.081460229850544,UNComtrade,144.0113575,4.969892167993583
PHL,VNM,2016,746516790.0,746516790.0,1,0,1,,0.3642,total,PHL-VNM,PHL_2016,VNM_2016,-1.0100521116886294,UNComtrade,166.45739,5.114739360752517
PHL,VNM,2017,907213057.0,907213057.0,1,0,1,,0.3588,total,PHL-VNM,PHL_2017,VNM_2017,-1.024990148797496,UNComtrade,170.780795,5.140380833580465
PHL,VNM,2018,943780723.0,943780723.0,1,0,1,,0.377,total,PHL-VNM,PHL_2018,VNM_2018,-0.9755100915341264,UNComtrade,171.0517425,5.141966098451527
PHL,VNM,2019,1269635637.0,1269635637.0,1,0,1,,0.3761,total,PHL-VNM,PHL_2019,VNM_2019,-0.9779002135058464,UNComtrade,173.7821275,5.157802373826627
PHL,VNM,2020,1280661343.0,1280661343.0,1,0,1,,0.3539,total,PHL-VNM,PHL_2020,VNM_2020,-1.0387408916307197,UNComtrade,159.3172875,5.0708977326852045
PHL,VNM,2021,1638759665.0,1638759665.0,1,0,1,,0.3362,total,PHL-VNM,PHL_2021,VNM_2021,-1.090049058007622,UNComtrade,150.6053925,5.014663121497654
PHL,VNM,2022,1722317281.0,1722317281.0,1,0,1,,0.3408,total,PHL-VNM,PHL_2022,VNM_2022,-1.0764594840269763,UNComtrade,152.1277975,5.0247209406209405
PHL,VNM,2023,1694890634.0,1694890634.0,1,0,1,,0.379,total,PHL-VNM,PHL_2023,VNM_2023,-0.9702190738997108,UNComtrade,178.998135,5.187375386792064
PHL,VNM,2024,1657646957.0,1657646957.0,1,0,1,,0.3884,total,PHL-VNM,PHL_2024,VNM_2024,-0.9457195425649672,UNComtrade,181.0703825,5.198885809273022
SGP,ARE,2010,3824002779.371,3824002779.371,1,0,1,,0.6235,total,SGP-ARE,SGP_2010,ARE_2010,-0.4724065138620458,UNComtrade,568.11302,6.34232037780072
SGP,ARE,2011,4757974142.552,4757974142.552,1,0,1,,0.6231,total,SGP-ARE,SGP_2011,ARE_2011,-0.4730482594319607,UNComtrade,581.0379875,6.364816137674952
SGP,ARE,2012,4733390283.225,4733390283.225,1,0,1,,0.6094,total,SGP-ARE,SGP_2012,ARE_2012,-0.4952804124305283,UNComtrade,560.5578925,6.328932524421987
SGP,ARE,2013,5662999409.547,5662999409.547,1,0,1,,0.6125,total,SGP-ARE,SGP_2013,ARE_2013,-0.4902063365632549,UNComtrade,562.2020299999999,6.331861269280569
SGP,ARE,2014,6071191257.531,6071191257.531,1,0,1,,0.6015,total,SGP-ARE,SGP_2014,ARE_2014,-0.5083287435674034,UNComtrade,546.146105,6.3028865315237566
SGP,ARE,2015,5427571738.437,5427571738.437,1,0,1,,0.5943,total,SGP-ARE,SGP_2015,ARE_2015,-0.520371036609522,UNComtrade,550.2638375,6.310397867750528
SGP,ARE,2016,4078751024.403,4078751024.403,1,0,1,,0.632,total,SGP-ARE,SGP_2016,ARE_2016,-0.4588658848352796,UNComtrade,549.1025374999999,6.3082851954724735
SGP,ARE,2017,3668683855.667,3668683855.667,1,0,1,,0.6191,total,SGP-ARE,SGP_2017,ARE_2017,-0.4794884684569506,UNComtrade,561.3567025,6.330356536799661
SGP,ARE,2018,3712070983.006,3712070983.006,1,0,1,,0.645,total,SGP-ARE,SGP_2018,ARE_2018,-0.4385049621863645,UNComtrade,596.101715,6.390411315255797
SGP,ARE,2019,4057755365.694,4057755365.694,1,0,1,,0.6359,total,SGP-ARE,SGP_2019,ARE_2019,-0.4527139607087749,UNComtrade,570.7605424999999,6.346969756548993
SGP,ARE,2020,3051704288.894,3051704288.894,1,0,1,,0.6407,total,SGP-ARE,SGP_2020,ARE_2020,-0.4451939503371611,UNComtrade,571.0911475,6.347548824762725
SGP,ARE,2021,4014808910.604,4014808910.604,1,0,1,,0.6602,total,SGP-ARE,SGP_2021,ARE_2021,-0.4152124595630444,UNComtrade,576.3645125,6.356740294742156
SGP,ARE,2022,5939411340.21,5939411340.21,1,0,1,,0.6503,total,SGP-ARE,SGP_2022,ARE_2022,-0.4303214841070309,UNComtrade,571.0973875,6.347559751155013
SGP,ARE,2023,5396581470.228,5396581470.228,1,0,1,,0.6665,total,SGP-ARE,SGP_2023,ARE_2023,-0.4057151393633737,UNComtrade,594.51343,6.387743306287788
SGP,ARE,2024,5123295784.326,5123295784.326,1,0,1,,0.6913,total,SGP-ARE,SGP_2024,ARE_2024,-0.3691813960309177,UNComtrade,587.2538724999999,6.375457217812725
SGP,AUS,2010,12577193718.588,12577193718.588,1,0,1,,0.4601,total,SGP-AUS,SGP_2010,AUS_2010,-0.7763114218207141,UNComtrade,568.11302,6.34232037780072
SGP,AUS,2011,16076612249.314,16076612249.314,1,0,1,,0.474,total,SGP-AUS,SGP_2011,AUS_2011,-0.7465479572870606,UNComtrade,581.0379875,6.364816137674952
SGP,AUS,2012,17014864269.675,17014864269.675,1,0,1,,0.4636,total,SGP-AUS,SGP_2012,AUS_2012,-0.7687331675165404,UNComtrade,560.5578925,6.328932524421987
SGP,AUS,2013,15528347548.434,15528347548.434,1,0,1,,0.4722,total,SGP-AUS,SGP_2013,AUS_2013,-0.7503526543307245,UNComtrade,562.2020299999999,6.331861269280569
SGP,AUS,2014,15452736741.519,15452736741.519,1,0,1,,0.4766,total,SGP-AUS,SGP_2014,AUS_2014,-0.7410777143174953,UNComtrade,546.146105,6.3028865315237566
SGP,AUS,2015,11537251211.665,11537251211.665,1,0,1,,0.4803,total,SGP-AUS,SGP_2015,AUS_2015,-0.7333443703113584,UNComtrade,550.2638375,6.310397867750528
SGP,AUS,2016,9370331469.904,9370331469.904,1,0,1,,0.4801,total,SGP-AUS,SGP_2016,AUS_2016,-0.7337608634452423,UNComtrade,549.1025374999999,6.3082851954724735
SGP,AUS,2017,10000668015.627,10000668015.627,1,0,1,,0.4958,total,SGP-AUS,SGP_2017,AUS_2017,-0.7015826593810469,UNComtrade,561.3567025,6.330356536799661
SGP,AUS,2018,12670165606.319,12670165606.319,1,0,1,,0.4759,total,SGP-AUS,SGP_2018,AUS_2018,-0.7425475308550723,UNComtrade,596.101715,6.390411315255797
SGP,AUS,2019,11295485000.036,11295485000.036,1,0,1,,0.4852,total,SGP-AUS,SGP_2019,AUS_2019,-0.723194101912242,UNComtrade,570.7605424999999,6.346969756548993
SGP,AUS,2020,8549908980.673,8549908980.673,1,0,1,,0.4692,total,SGP-AUS,SGP_2020,AUS_2020,-0.7567261622028166,UNComtrade,571.0911475,6.347548824762725
SGP,AUS,2021,13027304316.381,13027304316.381,1,0,1,,0.4859,total,SGP-AUS,SGP_2021,AUS_2021,-0.7217524375702797,UNComtrade,576.3645125,6.356740294742156
SGP,AUS,2022,16589535500.582,16589535500.582,1,0,1,,0.4724,total,SGP-AUS,SGP_2022,AUS_2022,-0.7499291946589298,UNComtrade,571.0973875,6.347559751155013
SGP,AUS,2023,15127850036.289,15127850036.289,1,0,1,,0.4951,total,SGP-AUS,SGP_2023,AUS_2023,-0.7029955166147597,UNComtrade,594.51343,6.387743306287788
SGP,AUS,2024,14885680737.54,14885680737.54,1,0,1,,0.4788,total,SGP-AUS,SGP_2024,AUS_2024,-0.736472305298319,UNComtrade,587.2538724999999,6.375457217812725
SGP,BRN,2010,944163997.524,944163997.524,1,0,1,,0.2622,total,SGP-BRN,SGP_2010,BRN_2010,-1.3386477076525376,UNComtrade,568.11302,6.34232037780072
SGP,BRN,2011,1575964130.142,1575964130.142,1,0,1,,0.2739,total,SGP-BRN,SGP_2011,BRN_2011,-1.294992202713105,UNComtrade,581.0379875,6.364816137674952
SGP,BRN,2012,1236220252.963,1236220252.963,1,0,1,,0.2566,total,SGP-BRN,SGP_2012,BRN_2012,-1.360236826800601,UNComtrade,560.5578925,6.328932524421987
SGP,BRN,2013,1154421980.04,1154421980.04,1,0,1,,0.2605,total,SGP-BRN,SGP_2013,BRN_2013,-1.3451524177887153,UNComtrade,562.2020299999999,6.331861269280569
SGP,BRN,2014,882554022.326,882554022.326,1,0,1,,0.2601,total,SGP-BRN,SGP_2014,BRN_2014,-1.3466891065275313,UNComtrade,546.146105,6.3028865315237566
SGP,BRN,2015,777434494.346,777434494.346,1,0,1,,0.2691,total,SGP-BRN,SGP_2015,BRN_2015,-1.312672221249277,UNComtrade,550.2638375,6.310397867750528
SGP,BRN,2016,767153621.517,767153621.517,1,0,1,,0.2725,total,SGP-BRN,SGP_2016,BRN_2016,-1.3001166648788385,UNComtrade,549.1025374999999,6.3082851954724735
SGP,BRN,2017,757756135.703,757756135.703,1,0,1,,0.2758,total,SGP-BRN,SGP_2017,BRN_2017,-1.2880793136229356,UNComtrade,561.3567025,6.330356536799661
SGP,BRN,2018,881595118.745,881595118.745,1,0,1,,0.2653,total,SGP-BRN,SGP_2018,BRN_2018,-1.3268940178384432,UNComtrade,596.101715,6.390411315255797
SGP,BRN,2019,1114834789.091,1114834789.091,1,0,1,,0.2822,total,SGP-BRN,SGP_2019,BRN_2019,-1.2651392395634231,UNComtrade,570.7605424999999,6.346969756548993
SGP,BRN,2020,788440225.774,788440225.774,1,0,1,,0.2865,total,SGP-BRN,SGP_2020,BRN_2020,-1.250016742827343,UNComtrade,571.0911475,6.347548824762725
SGP,BRN,2021,745737886.493,745737886.493,1,0,1,,0.2755,total,SGP-BRN,SGP_2021,BRN_2021,-1.2891676503891678,UNComtrade,576.3645125,6.356740294742156
SGP,BRN,2022,814000711.795,814000711.795,1,0,1,,0.2822,total,SGP-BRN,SGP_2022,BRN_2022,-1.2651392395634231,UNComtrade,571.0973875,6.347559751155013
SGP,BRN,2023,828740599.483,828740599.483,1,0,1,,0.2866,total,SGP-BRN,SGP_2023,BRN_2023,-1.2496677635880655,UNComtrade,594.51343,6.387743306287788
SGP,BRN,2024,2336430436.211,2336430436.211,1,0,1,,0.2916,total,SGP-BRN,SGP_2024,BRN_2024,-1.232372278847634,UNComtrade,587.2538724999999,6.375457217812725
SGP,CAN,2010,1453268897.679,1453268897.679,1,0,1,,0.501,total,SGP-CAN,SGP_2010,CAN_2010,-0.6911491778972723,UNComtrade,568.11302,6.34232037780072
SGP,CAN,2011,1404061321.713,1404061321.713,1,0,1,,0.5201,total,SGP-CAN,SGP_2011,CAN_2011,-0.6537341782031103,UNComtrade,581.0379875,6.364816137674952
SGP,CAN,2012,1194356234.184,1194356234.184,1,0,1,,0.5124,total,SGP-CAN,SGP_2012,CAN_2012,-0.6686497089595579,UNComtrade,560.5578925,6.328932524421987
SGP,CAN,2013,1611029307.113,1611029307.113,1,0,1,,0.5136,total,SGP-CAN,SGP_2013,CAN_2013,-0.6663105266063858,UNComtrade,562.2020299999999,6.331861269280569
SGP,CAN,2014,976641028.174,976641028.174,1,0,1,,0.5526,total,SGP-CAN,SGP_2014,CAN_2014,-0.5931208664928209,UNComtrade,546.146105,6.3028865315237566
SGP,CAN,2015,748270476.92,748270476.92,1,0,1,,0.5373,total,SGP-CAN,SGP_2015,CAN_2015,-0.6211986812473612,UNComtrade,550.2638375,6.310397867750528
SGP,CAN,2016,743529615.413,743529615.413,1,0,1,,0.5291,total,SGP-CAN,SGP_2016,CAN_2016,-0.636577829072051,UNComtrade,549.1025374999999,6.3082851954724735
SGP,CAN,2017,731412672.464,731412672.464,1,0,1,,0.543,total,SGP-CAN,SGP_2017,CAN_2017,-0.6106459590482015,UNComtrade,561.3567025,6.330356536799661
SGP,CAN,2018,945777214.868,945777214.868,1,0,1,,0.552,total,SGP-CAN,SGP_2018,CAN_2018,-0.5942072327050416,UNComtrade,596.101715,6.390411315255797
SGP,CAN,2019,1126794220.185,1126794220.185,1,0,1,,0.54,total,SGP-CAN,SGP_2019,CAN_2019,-0.616186139423817,UNComtrade,570.7605424999999,6.346969756548993
SGP,CAN,2020,1107142363.477,1107142363.477,1,0,1,,0.5465,total,SGP-CAN,SGP_2020,CAN_2020,-0.6042209713655439,UNComtrade,571.0911475,6.347548824762725
SGP,CAN,2021,751758628.767,751758628.767,1,0,1,,0.5366,total,SGP-CAN,SGP_2021,CAN_2021,-0.6225023409906133,UNComtrade,576.3645125,6.356740294742156
SGP,CAN,2022,1036941779.337,1036941779.337,1,0,1,,0.5395,total,SGP-CAN,SGP_2022,CAN_2022,-0.6171124942839478,UNComtrade,571.0973875,6.347559751155013
SGP,CAN,2023,1120054988.484,1120054988.484,1,0,1,,0.535,total,SGP-CAN,SGP_2023,CAN_2023,-0.6254885320861304,UNComtrade,594.51343,6.387743306287788
SGP,CAN,2024,1149083122.795,1149083122.795,1,0,1,,0.5335,total,SGP-CAN,SGP_2024,CAN_2024,-0.6282962082403291,UNComtrade,587.2538724999999,6.375457217812725
SGP,CHN,2010,36290354185.359,36290354185.359,1,0,1,,0.7111,total,SGP-CHN,SGP_2010,CHN_2010,-0.3409422120926648,UNComtrade,568.11302,6.34232037780072
SGP,CHN,2011,42687205120.802,42687205120.802,1,0,1,,0.746,total,SGP-CHN,SGP_2011,CHN_2011,-0.2930296787783762,UNComtrade,581.0379875,6.364816137674952
SGP,CHN,2012,44255388224.205,44255388224.205,1,0,1,,0.7237,total,SGP-CHN,SGP_2012,CHN_2012,-0.323378337110055,UNComtrade,560.5578925,6.328932524421987
SGP,CHN,2013,49262160788.176,49262160788.176,1,0,1,,0.7448,total,SGP-CHN,SGP_2013,CHN_2013,-0.2946395530192797,UNComtrade,562.2020299999999,6.331861269280569
SGP,CHN,2014,54694071115.681,54694071115.681,1,0,1,,0.7645,total,SGP-CHN,SGP_2014,CHN_2014,-0.2685332536130201,UNComtrade,546.146105,6.3028865315237566
SGP,CHN,2015,51421808635.836,51421808635.836,1,0,1,,0.7565,total,SGP-CHN,SGP_2015,CHN_2015,-0.2790527457537265,UNComtrade,550.2638375,6.310397867750528
SGP,CHN,2016,44351818279.577,44351818279.577,1,0,1,,0.7545,total,SGP-CHN,SGP_2016,CHN_2016,-0.2817000007742335,UNComtrade,549.1025374999999,6.3082851954724735
SGP,CHN,2017,54012193790.955,54012193790.955,1,0,1,,0.7426,total,SGP-CHN,SGP_2017,CHN_2017,-0.2975977372391573,UNComtrade,561.3567025,6.330356536799661
SGP,CHN,2018,50396448530.869,50396448530.869,1,0,1,,0.7773,total,SGP-CHN,SGP_2018,CHN_2018,-0.2519289027459631,UNComtrade,596.101715,6.390411315255797
SGP,CHN,2019,51619173349.091,51619173349.091,1,0,1,,0.7645,total,SGP-CHN,SGP_2019,CHN_2019,-0.2685332536130201,UNComtrade,570.7605424999999,6.346969756548993
SGP,CHN,2020,51339112148.452,51339112148.452,1,0,1,,0.7748,total,SGP-CHN,SGP_2020,CHN_2020,-0.2551503474492961,UNComtrade,571.0911475,6.347548824762725
SGP,CHN,2021,67688609088.528,67688609088.528,1,0,1,,0.7803,total,SGP-CHN,SGP_2021,CHN_2021,-0.2480768178594215,UNComtrade,576.3645125,6.356740294742156
SGP,CHN,2022,63968869360.322,63968869360.322,1,0,1,,0.7611,total,SGP-CHN,SGP_2022,CHN_2022,-0.2729905237087912,UNComtrade,571.0973875,6.347559751155013
SGP,CHN,2023,65585113403.036,65585113403.036,1,0,1,,0.7668,total,SGP-CHN,SGP_2023,CHN_2023,-0.2655292678106475,UNComtrade,594.51343,6.387743306287788
SGP,CHN,2024,70678294064.481,70678294064.481,1,0,1,,0.7768,total,SGP-CHN,SGP_2024,CHN_2024,-0.2525723620050218,UNComtrade,587.2538724999999,6.375457217812725
SGP,DEU,2010,6138603879.912,6138603879.912,1,0,1,,0.6098,total,SGP-DEU,SGP_2010,DEU_2010,-0.4946242444279826,UNComtrade,568.11302,6.34232037780072
SGP,DEU,2011,6688680644.102,6688680644.102,1,0,1,,0.6198,total,SGP-DEU,SGP_2011,DEU_2011,-0.4783584336284892,UNComtrade,581.0379875,6.364816137674952
SGP,DEU,2012,5955295836.826,5955295836.826,1,0,1,,0.5988,total,SGP-DEU,SGP_2012,DEU_2012,-0.5128276264366638,UNComtrade,560.5578925,6.328932524421987
SGP,DEU,2013,5841148768.633,5841148768.633,1,0,1,,0.6355,total,SGP-DEU,SGP_2013,DEU_2013,-0.4533431883526284,UNComtrade,562.2020299999999,6.331861269280569
SGP,DEU,2014,5388968419.144,5388968419.144,1,0,1,,0.6506,total,SGP-DEU,SGP_2014,DEU_2014,-0.429860264942886,UNComtrade,546.146105,6.3028865315237566
SGP,DEU,2015,5548920001.589,5548920001.589,1,0,1,,0.6546,total,SGP-DEU,SGP_2015,DEU_2015,-0.423730916915057,UNComtrade,550.2638375,6.310397867750528
SGP,DEU,2016,5734625188.513,5734625188.513,1,0,1,,0.6615,total,SGP-DEU,SGP_2016,DEU_2016,-0.4132452954271267,UNComtrade,549.1025374999999,6.3082851954724735
SGP,DEU,2017,6192352218.197,6192352218.197,1,0,1,,0.6647,total,SGP-DEU,SGP_2017,DEU_2017,-0.4084194679346009,UNComtrade,561.3567025,6.330356536799661
SGP,DEU,2018,6415097584.334,6415097584.334,1,0,1,,0.6838,total,SGP-DEU,SGP_2018,DEU_2018,-0.3800898017769362,UNComtrade,596.101715,6.390411315255797
SGP,DEU,2019,5844394599.217,5844394599.217,1,0,1,,0.6645,total,SGP-DEU,SGP_2019,DEU_2019,-0.408720400828837,UNComtrade,570.7605424999999,6.346969756548993
SGP,DEU,2020,5553582548.913,5553582548.913,1,0,1,,0.6687,total,SGP-DEU,SGP_2020,DEU_2020,-0.4024197499222042,UNComtrade,571.0911475,6.347548824762725
SGP,DEU,2021,7099636686.748,7099636686.748,1,0,1,,0.6647,total,SGP-DEU,SGP_2021,DEU_2021,-0.4084194679346009,UNComtrade,576.3645125,6.356740294742156
SGP,DEU,2022,8100612037.751,8100612037.751,1,0,1,,0.6605,total,SGP-DEU,SGP_2022,DEU_2022,-0.4147581550197571,UNComtrade,571.0973875,6.347559751155013
SGP,DEU,2023,8023692488.345,8023692488.345,1,0,1,,0.6534,total,SGP-DEU,SGP_2023,DEU_2023,-0.4255657798151673,UNComtrade,594.51343,6.387743306287788
SGP,DEU,2024,7070298343.06,7070298343.06,1,0,1,,0.6678,total,SGP-DEU,SGP_2024,DEU_2024,-0.403766551472583,UNComtrade,587.2538724999999,6.375457217812725
SGP,FRA,2010,0.0,,0,1,1,,0.5997,total,SGP-FRA,SGP_2010,FRA_2010,-0.511325748807673,UNComtrade (Confirmed Zero),568.11302,6.34232037780072
SGP,FRA,2011,0.0,,0,1,1,,0.6344,total,SGP-FRA,SGP_2011,FRA_2011,-0.4550756086614989,UNComtrade (Confirmed Zero),581.0379875,6.364816137674952
SGP,FRA,2012,0.0,,0,1,1,,0.6154,total,SGP-FRA,SGP_2012,FRA_2012,-0.4854828160941957,UNComtrade (Confirmed Zero),560.5578925,6.328932524421987
SGP,FRA,2013,0.0,,0,1,1,,0.6535,total,SGP-FRA,SGP_2013,FRA_2013,-0.4254127459178604,UNComtrade (Confirmed Zero),562.2020299999999,6.331861269280569
SGP,FRA,2014,0.0,,0,1,1,,0.6436,total,SGP-FRA,SGP_2014,FRA_2014,-0.440677863863909,UNComtrade (Confirmed Zero),546.146105,6.3028865315237566
SGP,FRA,2015,0.0,,0,1,1,,0.6527,total,SGP-FRA,SGP_2015,FRA_2015,-0.4266376733409654,UNComtrade (Confirmed Zero),550.2638375,6.310397867750528
SGP,FRA,2016,0.0,,0,1,1,,0.66,total,SGP-FRA,SGP_2016,FRA_2016,-0.4155154439616658,UNComtrade (Confirmed Zero),549.1025374999999,6.3082851954724735
SGP,FRA,2017,0.0,,0,1,1,,0.6753,total,SGP-FRA,SGP_2017,FRA_2017,-0.3925982424013408,UNComtrade (Confirmed Zero),561.3567025,6.330356536799661
SGP,FRA,2018,0.0,,0,1,1,,0.6859,total,SGP-FRA,SGP_2018,FRA_2018,-0.3770234344768614,UNComtrade (Confirmed Zero),596.101715,6.390411315255797
SGP,FRA,2019,0.0,,0,1,1,,0.6827,total,SGP-FRA,SGP_2019,FRA_2019,-0.3816997545579024,UNComtrade (Confirmed Zero),570.7605424999999,6.346969756548993
SGP,FRA,2020,0.0,,0,1,1,,0.6702,total,SGP-FRA,SGP_2020,FRA_2020,-0.400179103678927,UNComtrade (Confirmed Zero),571.0911475,6.347548824762725
SGP,FRA,2021,0.0,,0,1,1,,0.6824,total,SGP-FRA,SGP_2021,FRA_2021,-0.3821392828046677,UNComtrade (Confirmed Zero),576.3645125,6.356740294742156
SGP,FRA,2022,0.0,,0,1,1,,0.67,total,SGP-FRA,SGP_2022,FRA_2022,-0.4004775665971252,UNComtrade (Confirmed Zero),571.0973875,6.347559751155013
SGP,FRA,2023,0.0,,0,1,1,,0.6601,total,SGP-FRA,SGP_2023,FRA_2023,-0.4153639402874119,UNComtrade (Confirmed Zero),594.51343,6.387743306287788
SGP,FRA,2024,0.0,,0,1,1,,0.6799,total,SGP-FRA,SGP_2024,FRA_2024,-0.3858095504497231,UNComtrade (Confirmed Zero),587.2538724999999,6.375457217812725
SGP,GBR,2010,6111865309.62,6111865309.62,1,0,1,,0.6338,total,SGP-GBR,SGP_2010,GBR_2010,-0.4560218317253166,UNComtrade,568.11302,6.34232037780072
SGP,GBR,2011,6942327752.158,6942327752.158,1,0,1,,0.6471,total,SGP-GBR,SGP_2011,GBR_2011,-0.4352544369189166,UNComtrade,581.0379875,6.364816137674952
SGP,GBR,2012,6537986979.126,6537986979.126,1,0,1,,0.6167,total,SGP-GBR,SGP_2012,GBR_2012,-0.4833725969846899,UNComtrade,560.5578925,6.328932524421987
SGP,GBR,2013,3845584218.612,3845584218.612,1,0,1,,0.646,total,SGP-GBR,SGP_2013,GBR_2013,-0.4369557751995351,UNComtrade,562.2020299999999,6.331861269280569
SGP,GBR,2014,4007522647.91,4007522647.91,1,0,1,,0.6425,total,SGP-GBR,SGP_2014,GBR_2014,-0.4423884622127622,UNComtrade,546.146105,6.3028865315237566
SGP,GBR,2015,3314622559.283,3314622559.283,1,0,1,,0.6641,total,SGP-GBR,SGP_2015,GBR_2015,-0.409322538435469,UNComtrade,550.2638375,6.310397867750528
SGP,GBR,2016,3141488196.725,3141488196.725,1,0,1,,0.669,total,SGP-GBR,SGP_2016,GBR_2016,-0.4019712188539085,UNComtrade,549.1025374999999,6.3082851954724735
SGP,GBR,2017,3052771781.607,3052771781.607,1,0,1,,0.6723,total,SGP-GBR,SGP_2017,GBR_2017,-0.397050609507146,UNComtrade,561.3567025,6.330356536799661
SGP,GBR,2018,4747709185.756,4747709185.756,1,0,1,,0.6978,total,SGP-GBR,SGP_2018,GBR_2018,-0.3598227502294633,UNComtrade,596.101715,6.390411315255797
SGP,GBR,2019,4669650492.045,4669650492.045,1,0,1,,0.6882,total,SGP-GBR,SGP_2019,GBR_2019,-0.373675785618757,UNComtrade,570.7605424999999,6.346969756548993
SGP,GBR,2020,4450923992.002,4450923992.002,1,0,1,,0.6958,total,SGP-GBR,SGP_2020,GBR_2020,-0.3626930162642954,UNComtrade,571.0911475,6.347548824762725
SGP,GBR,2021,3702297310.079,3702297310.079,1,0,1,,0.6924,total,SGP-GBR,SGP_2021,GBR_2021,-0.3675914556800828,UNComtrade,576.3645125,6.356740294742156
SGP,GBR,2022,3714653157.048,3714653157.048,1,0,1,,0.6814,total,SGP-GBR,SGP_2022,GBR_2022,-0.3836057737552708,UNComtrade,571.0973875,6.347559751155013
SGP,GBR,2023,3786548035.275,3786548035.275,1,0,1,,0.6838,total,SGP-GBR,SGP_2023,GBR_2023,-0.3800898017769362,UNComtrade,594.51343,6.387743306287788
SGP,GBR,2024,5381656893.321,5381656893.321,1,0,1,,0.691,total,SGP-GBR,SGP_2024,GBR_2024,-0.3696154552144672,UNComtrade,587.2538724999999,6.375457217812725
SGP,HKG,2010,41192588767.79,41192588767.79,1,0,1,,0.7029,total,SGP-HKG,SGP_2010,HKG_2010,-0.3525406448002774,UNComtrade,568.11302,6.34232037780072
SGP,HKG,2011,45047242553.747,45047242553.747,1,0,1,,0.7261,total,SGP-HKG,SGP_2011,HKG_2011,-0.320067532595936,UNComtrade,581.0379875,6.364816137674952
SGP,HKG,2012,46312278220.517,46312278220.517,1,0,1,,0.7083,total,SGP-HKG,SGP_2012,HKG_2012,-0.34488754622256,UNComtrade,560.5578925,6.328932524421987
SGP,HKG,2013,46061285398.919,46061285398.919,1,0,1,,0.7248,total,SGP-HKG,SGP_2013,HKG_2013,-0.3218595242533675,UNComtrade,562.2020299999999,6.331861269280569
SGP,HKG,2014,45806225145.101,45806225145.101,1,0,1,,0.739,total,SGP-HKG,SGP_2014,HKG_2014,-0.3024573580339353,UNComtrade,546.146105,6.3028865315237566
SGP,HKG,2015,41130295629.668,41130295629.668,1,0,1,,0.7275,total,SGP-HKG,SGP_2015,HKG_2015,-0.3181412799364894,UNComtrade,550.2638375,6.310397867750528
SGP,HKG,2016,43261080441.624,43261080441.624,1,0,1,,0.6988,total,SGP-HKG,SGP_2016,HKG_2016,-0.3583907007222356,UNComtrade,549.1025374999999,6.3082851954724735
SGP,HKG,2017,45988069942.053,45988069942.053,1,0,1,,0.6793,total,SGP-HKG,SGP_2017,HKG_2017,-0.3866924227848808,UNComtrade,561.3567025,6.330356536799661
SGP,HKG,2018,48665609481.079,48665609481.079,1,0,1,,0.7013,total,SGP-HKG,SGP_2018,HKG_2018,-0.3548195234392722,UNComtrade,596.101715,6.390411315255797
SGP,HKG,2019,44377362526.565,44377362526.565,1,0,1,,0.6684,total,SGP-HKG,SGP_2019,HKG_2019,-0.4028684822608984,UNComtrade,570.7605424999999,6.346969756548993
SGP,HKG,2020,46194235816.55,46194235816.55,1,0,1,,0.7004,total,SGP-HKG,SGP_2020,HKG_2020,-0.3561036785704402,UNComtrade,571.0911475,6.347548824762725
SGP,HKG,2021,60095748750.01,60095748750.01,1,0,1,,0.6974,total,SGP-HKG,SGP_2021,HKG_2021,-0.3603961447405862,UNComtrade,576.3645125,6.356740294742156
SGP,HKG,2022,57779796014.997,57779796014.997,1,0,1,,0.66,total,SGP-HKG,SGP_2022,HKG_2022,-0.4155154439616658,UNComtrade,571.0973875,6.347559751155013
SGP,HKG,2023,50413351714.906,50413351714.906,1,0,1,,0.6632,total,SGP-HKG,SGP_2023,HKG_2023,-0.4106786751610518,UNComtrade,594.51343,6.387743306287788
SGP,HKG,2024,55288703328.618,55288703328.618,1,0,1,,0.6967,total,SGP-HKG,SGP_2024,HKG_2024,-0.3614003769460638,UNComtrade,587.2538724999999,6.375457217812725
SGP,IDN,2010,33501648388.457,33501648388.457,1,0,1,,0.4908,total,SGP-IDN,SGP_2010,IDN_2010,-0.7117185661453806,UNComtrade,568.11302,6.34232037780072
SGP,IDN,2011,45324380231.576,45324380231.576,1,0,1,,0.4929,total,SGP-IDN,SGP_2011,IDN_2011,-0.7074489652708049,UNComtrade,581.0379875,6.364816137674952
SGP,IDN,2012,44995483841.339,44995483841.339,1,0,1,,0.463,total,SGP-IDN,SGP_2012,IDN_2012,-0.770028224895903,UNComtrade,560.5578925,6.328932524421987
SGP,IDN,2013,43634272930.789,43634272930.789,1,0,1,,0.4465,total,SGP-IDN,SGP_2013,IDN_2013,-0.8063158786655833,UNComtrade,562.2020299999999,6.331861269280569
SGP,IDN,2014,38477359377.318,38477359377.318,1,0,1,,0.445,total,SGP-IDN,SGP_2014,IDN_2014,-0.8096809968158968,UNComtrade,546.146105,6.3028865315237566
SGP,IDN,2015,29612380416.854,29612380416.854,1,0,1,,0.4378,total,SGP-IDN,SGP_2015,IDN_2015,-0.8259930938933744,UNComtrade,550.2638375,6.310397867750528
SGP,IDN,2016,26589985806.751,26589985806.751,1,0,1,,0.418,total,SGP-IDN,SGP_2016,IDN_2016,-0.8722738464573808,UNComtrade,549.1025374999999,6.3082851954724735
SGP,IDN,2017,27937946601.073,27937946601.073,1,0,1,,0.4173,total,SGP-IDN,SGP_2017,IDN_2017,-0.8739498913846301,UNComtrade,561.3567025,6.330356536799661
SGP,IDN,2018,32949436102.333,32949436102.333,1,0,1,,0.484,total,SGP-IDN,SGP_2018,IDN_2018,-0.7256703722655053,UNComtrade,596.101715,6.390411315255797
SGP,IDN,2019,27359051886.348,27359051886.348,1,0,1,,0.4798,total,SGP-IDN,SGP_2019,IDN_2019,-0.7343859285765428,UNComtrade,570.7605424999999,6.346969756548993
SGP,IDN,2020,21428487060.538,21428487060.538,1,0,1,,0.5058,total,SGP-IDN,SGP_2020,IDN_2020,-0.6816139447462722,UNComtrade,571.0911475,6.347548824762725
SGP,IDN,2021,28776343096.299,28776343096.299,1,0,1,,0.4115,total,SGP-IDN,SGP_2021,IDN_2021,-0.8879462588650127,UNComtrade,576.3645125,6.356740294742156
SGP,IDN,2022,37230022870.862,37230022870.862,1,0,1,,0.4056,total,SGP-IDN,SGP_2022,IDN_2022,-0.9023878267051636,UNComtrade,571.0973875,6.347559751155013
SGP,IDN,2023,35368235700.34,35368235700.34,1,0,1,,0.5329,total,SGP-IDN,SGP_2023,IDN_2023,-0.6294214896794004,UNComtrade,594.51343,6.387743306287788
SGP,IDN,2024,39825870265.594,39825870265.594,1,0,1,,0.4451,total,SGP-IDN,SGP_2024,IDN_2024,-0.8094563029603284,UNComtrade,587.2538724999999,6.375457217812725
SGP,IND,2010,13383563870.232,13383563870.232,1,0,1,,0.5623,total,SGP-IND,SGP_2010,IND_2010,-0.575719763683981,UNComtrade,568.11302,6.34232037780072
SGP,IND,2011,14320462885.033,14320462885.033,1,0,1,,0.5612,total,SGP-IND,SGP_2011,IND_2011,-0.5776779307538311,UNComtrade,581.0379875,6.364816137674952
SGP,IND,2012,11816212083.161,11816212083.161,1,0,1,,0.583,total,SGP-IND,SGP_2012,IND_2012,-0.5395680926316447,UNComtrade,560.5578925,6.328932524421987
SGP,IND,2013,11450711996.317,11450711996.317,1,0,1,,0.5729,total,SGP-IND,SGP_2013,IND_2013,-0.557044097567605,UNComtrade,562.2020299999999,6.331861269280569
SGP,IND,2014,11496311784.827,11496311784.827,1,0,1,,0.5746,total,SGP-IND,SGP_2014,IND_2014,-0.5540811324369479,UNComtrade,546.146105,6.3028865315237566
SGP,IND,2015,10993605744.994,10993605744.994,1,0,1,,0.5764,total,SGP-IND,SGP_2015,IND_2015,-0.55095341485677,UNComtrade,550.2638375,6.310397867750528
SGP,IND,2016,10036103247.17,10036103247.17,1,0,1,,0.599,total,SGP-IND,SGP_2016,IND_2016,-0.5124936808666878,UNComtrade,549.1025374999999,6.3082851954724735
SGP,IND,2017,11012510663.894,11012510663.894,1,0,1,,0.5984,total,SGP-IND,SGP_2017,IND_2017,-0.5134958523218695,UNComtrade,561.3567025,6.330356536799661
SGP,IND,2018,12331500524.535,12331500524.535,1,0,1,,0.5973,total,SGP-IND,SGP_2018,IND_2018,-0.5153357792438766,UNComtrade,596.101715,6.390411315255797
SGP,IND,2019,11440776975.202,11440776975.202,1,0,1,,0.5881,total,SGP-IND,SGP_2019,IND_2019,-0.5308582775162268,UNComtrade,570.7605424999999,6.346969756548993
SGP,IND,2020,9168108325.8,9168108325.8,1,0,1,,0.5837,total,SGP-IND,SGP_2020,IND_2020,-0.5383681267723918,UNComtrade,571.0911475,6.347548824762725
SGP,IND,2021,12613477830.193,12613477830.193,1,0,1,,0.5982,total,SGP-IND,SGP_2021,IND_2021,-0.5138301327862895,UNComtrade,576.3645125,6.356740294742156
SGP,IND,2022,13898861616.85,13898861616.85,1,0,1,,0.6033,total,SGP-IND,SGP_2022,IND_2022,-0.5053406935354211,UNComtrade,571.0973875,6.347559751155013
SGP,IND,2023,14436042972.582,14436042972.582,1,0,1,,0.6122,total,SGP-IND,SGP_2023,IND_2023,-0.490696252470825,UNComtrade,594.51343,6.387743306287788
SGP,IND,2024,15131155552.23,15131155552.23,1,0,1,,0.6354,total,SGP-IND,SGP_2024,IND_2024,-0.4535005571467213,UNComtrade,587.2538724999999,6.375457217812725
SGP,ITA,2010,683627438.736,683627438.736,1,0,1,,0.5732,total,SGP-ITA,SGP_2010,ITA_2010,-0.5565205830281202,UNComtrade,568.11302,6.34232037780072
SGP,ITA,2011,973387452.164,973387452.164,1,0,1,,0.6221,total,SGP-ITA,SGP_2011,ITA_2011,-0.474654427461163,UNComtrade,581.0379875,6.364816137674952
SGP,ITA,2012,803977810.137,803977810.137,1,0,1,,0.6176,total,SGP-ITA,SGP_2012,ITA_2012,-0.4819142802715705,UNComtrade,560.5578925,6.328932524421987
SGP,ITA,2013,742804241.585,742804241.585,1,0,1,,0.6274,total,SGP-ITA,SGP_2013,ITA_2013,-0.4661709832255593,UNComtrade,562.2020299999999,6.331861269280569
SGP,ITA,2014,715404500.029,715404500.029,1,0,1,,0.6156,total,SGP-ITA,SGP_2014,ITA_2014,-0.4851578770174128,UNComtrade,546.146105,6.3028865315237566
SGP,ITA,2015,575829696.379,575829696.379,1,0,1,,0.6248,total,SGP-ITA,SGP_2015,ITA_2015,-0.4703236804566608,UNComtrade,550.2638375,6.310397867750528
SGP,ITA,2016,639492851.771,639492851.771,1,0,1,,0.6302,total,SGP-ITA,SGP_2016,ITA_2016,-0.4617180496589628,UNComtrade,549.1025374999999,6.3082851954724735
SGP,ITA,2017,715399612.073,715399612.073,1,0,1,,0.6293,total,SGP-ITA,SGP_2017,ITA_2017,-0.4631471884492492,UNComtrade,561.3567025,6.330356536799661
SGP,ITA,2018,838724591.409,838724591.409,1,0,1,,0.6578,total,SGP-ITA,SGP_2018,ITA_2018,-0.4188543452271804,UNComtrade,596.101715,6.390411315255797
SGP,ITA,2019,770098675.69,770098675.69,1,0,1,,0.6486,total,SGP-ITA,SGP_2019,ITA_2019,-0.4329390851089195,UNComtrade,570.7605424999999,6.346969756548993
SGP,ITA,2020,732853906.494,732853906.494,1,0,1,,0.6489,total,SGP-ITA,SGP_2020,ITA_2020,-0.4324766573550142,UNComtrade,571.0911475,6.347548824762725
SGP,ITA,2021,880985168.117,880985168.117,1,0,1,,0.6687,total,SGP-ITA,SGP_2021,ITA_2021,-0.4024197499222042,UNComtrade,576.3645125,6.356740294742156
SGP,ITA,2022,1081851802.467,1081851802.467,1,0,1,,0.6747,total,SGP-ITA,SGP_2022,ITA_2022,-0.3934871313487574,UNComtrade,571.0973875,6.347559751155013
SGP,ITA,2023,1083643569.652,1083643569.652,1,0,1,,0.6692,total,SGP-ITA,SGP_2023,ITA_2023,-0.4016723098694681,UNComtrade,594.51343,6.387743306287788
SGP,ITA,2024,1216941423.217,1216941423.217,1,0,1,,0.6839,total,SGP-ITA,SGP_2024,ITA_2024,-0.3799435708780868,UNComtrade,587.2538724999999,6.375457217812725
SGP,JPN,2010,16378430475.49,16378430475.49,1,0,1,,0.6076,total,SGP-JPN,SGP_2010,JPN_2010,-0.4982385082605192,UNComtrade,568.11302,6.34232037780072
SGP,JPN,2011,18371020730.363,18371020730.363,1,0,1,,0.6273,total,SGP-JPN,SGP_2011,JPN_2011,-0.4663303838794395,UNComtrade,581.0379875,6.364816137674952
SGP,JPN,2012,18082347923.854,18082347923.854,1,0,1,,0.6397,total,SGP-JPN,SGP_2012,JPN_2012,-0.446755962526045,UNComtrade,560.5578925,6.328932524421987
SGP,JPN,2013,17578302606.958,17578302606.958,1,0,1,,0.6167,total,SGP-JPN,SGP_2013,JPN_2013,-0.4833725969846899,UNComtrade,562.2020299999999,6.331861269280569
SGP,JPN,2014,16746659237.38,16746659237.38,1,0,1,,0.6124,total,SGP-JPN,SGP_2014,JPN_2014,-0.4903696151986083,UNComtrade,546.146105,6.3028865315237566
SGP,JPN,2015,15287522306.572,15287522306.572,1,0,1,,0.641,total,SGP-JPN,SGP_2015,JPN_2015,-0.444725822061467,UNComtrade,550.2638375,6.310397867750528
SGP,JPN,2016,14562067510.082,14562067510.082,1,0,1,,0.6451,total,SGP-JPN,SGP_2016,JPN_2016,-0.4383499354439411,UNComtrade,549.1025374999999,6.3082851954724735
SGP,JPN,2017,17048369207.351,17048369207.351,1,0,1,,0.6388,total,SGP-JPN,SGP_2017,JPN_2017,-0.4481638626412796,UNComtrade,561.3567025,6.330356536799661
SGP,JPN,2018,19992829116.379,19992829116.379,1,0,1,,0.6096,total,SGP-JPN,SGP_2018,JPN_2018,-0.4949522746097005,UNComtrade,596.101715,6.390411315255797
SGP,JPN,2019,17632782234.57,17632782234.57,1,0,1,,0.6113,total,SGP-JPN,SGP_2019,JPN_2019,-0.4921674419474574,UNComtrade,570.7605424999999,6.346969756548993
SGP,JPN,2020,17860263180.328,17860263180.328,1,0,1,,0.6201,total,SGP-JPN,SGP_2020,JPN_2020,-0.4778745236263048,UNComtrade,571.0911475,6.347548824762725
SGP,JPN,2021,18339334343.975,18339334343.975,1,0,1,,0.6468,total,SGP-JPN,SGP_2021,JPN_2021,-0.4357181512791852,UNComtrade,576.3645125,6.356740294742156
SGP,JPN,2022,20791373637.176,20791373637.176,1,0,1,,0.5429,total,SGP-JPN,SGP_2022,JPN_2022,-0.6108301380707316,UNComtrade,571.0973875,6.347559751155013
SGP,JPN,2023,19345617901.024,19345617901.024,1,0,1,,0.5546,total,SGP-JPN,SGP_2023,JPN_2023,-0.5895081458004594,UNComtrade,594.51343,6.387743306287788
SGP,JPN,2024,17741475160.892,17741475160.892,1,0,1,,0.5873,total,SGP-JPN,SGP_2024,JPN_2024,-0.5322195164536632,UNComtrade,587.2538724999999,6.375457217812725
SGP,KHM,2010,2414314439.451,2414314439.451,1,0,1,,0.2623,total,SGP-KHM,SGP_2010,KHM_2010,-1.3382663921093092,UNComtrade,568.11302,6.34232037780072
SGP,KHM,2011,3689644741.518,3689644741.518,1,0,1,,0.278,total,SGP-KHM,SGP_2011,KHM_2011,-1.2801341652915,UNComtrade,581.0379875,6.364816137674952
SGP,KHM,2012,2169950137.829,2169950137.829,1,0,1,,0.2756,total,SGP-KHM,SGP_2012,KHM_2012,-1.2888047398426334,UNComtrade,560.5578925,6.328932524421987
SGP,KHM,2013,6584743345.191,6584743345.191,1,0,1,,0.2782,total,SGP-KHM,SGP_2013,KHM_2013,-1.2794149994927946,UNComtrade,562.2020299999999,6.331861269280569
SGP,KHM,2014,3659806762.465,3659806762.465,1,0,1,,0.2823,total,SGP-KHM,SGP_2014,KHM_2014,-1.2647849437226937,UNComtrade,546.146105,6.3028865315237566
SGP,KHM,2015,3602632940.0,3602632940.0,1,0,1,,0.2994,total,SGP-KHM,SGP_2015,KHM_2015,-1.205974806996609,UNComtrade,550.2638375,6.310397867750528
SGP,KHM,2016,2490750338.47,2490750338.47,1,0,1,,0.3085,total,SGP-KHM,SGP_2016,KHM_2016,-1.1760334356366946,UNComtrade,549.1025374999999,6.3082851954724735
SGP,KHM,2017,2980293936.406,2980293936.406,1,0,1,,0.3052,total,SGP-KHM,SGP_2017,KHM_2017,-1.186787979571835,UNComtrade,561.3567025,6.330356536799661
SGP,KHM,2018,4778252804.605,4778252804.605,1,0,1,,0.2952,total,SGP-KHM,SGP_2018,KHM_2018,-1.2201021862558197,UNComtrade,596.101715,6.390411315255797
SGP,KHM,2019,2270285542.874,2270285542.874,1,0,1,,0.3015,total,SGP-KHM,SGP_2019,KHM_2019,-1.198985262814897,UNComtrade,570.7605424999999,6.346969756548993
SGP,KHM,2020,1505137084.717,1505137084.717,1,0,1,,0.3009,total,SGP-KHM,SGP_2020,KHM_2020,-1.2009772953461375,UNComtrade,571.0911475,6.347548824762725
SGP,KHM,2021,6612919806.35,6612919806.35,1,0,1,,0.3068,total,SGP-KHM,SGP_2021,KHM_2021,-1.181559209489036,UNComtrade,576.3645125,6.356740294742156
SGP,KHM,2022,7822898745.211,7822898745.211,1,0,1,,0.3003,total,SGP-KHM,SGP_2022,KHM_2022,-1.2029733039928523,UNComtrade,571.0973875,6.347559751155013
SGP,KHM,2023,2001699951.857,2001699951.857,1,0,1,,0.3048,total,SGP-KHM,SGP_2023,KHM_2023,-1.1880994551696458,UNComtrade,594.51343,6.387743306287788
SGP,KHM,2024,3196952392.895,3196952392.895,1,0,1,,0.3135,total,SGP-KHM,SGP_2024,KHM_2024,-1.1599559189091615,UNComtrade,587.2538724999999,6.375457217812725
SGP,KOR,2010,14336294462.361,14336294462.361,1,0,1,,0.6269,total,SGP-KOR,SGP_2010,KOR_2010,-0.4669682407022142,UNComtrade,568.11302,6.34232037780072
SGP,KOR,2011,15478383801.92,15478383801.92,1,0,1,,0.7074,total,SGP-KOR,SGP_2011,KOR_2011,-0.3461590022107568,UNComtrade,581.0379875,6.364816137674952
SGP,KOR,2012,16575854075.915,16575854075.915,1,0,1,,0.6877,total,SGP-KOR,SGP_2012,KOR_2012,-0.3744025826563466,UNComtrade,560.5578925,6.328932524421987
SGP,KOR,2013,16619051164.003,16619051164.003,1,0,1,,0.7088,total,SGP-KOR,SGP_2013,KOR_2013,-0.3441818796912659,UNComtrade,562.2020299999999,6.331861269280569
SGP,KOR,2014,16691931395.789,16691931395.789,1,0,1,,0.7204,total,SGP-KOR,SGP_2014,KOR_2014,-0.327948665680336,UNComtrade,546.146105,6.3028865315237566
SGP,KOR,2015,14484028041.178,14484028041.178,1,0,1,,0.7163,total,SGP-KOR,SGP_2015,KOR_2015,-0.3336562053617314,UNComtrade,550.2638375,6.310397867750528
SGP,KOR,2016,14520548687.616,14520548687.616,1,0,1,,0.7189,total,SGP-KOR,SGP_2016,KOR_2016,-0.3300330129923112,UNComtrade,549.1025374999999,6.3082851954724735
SGP,KOR,2017,16735724550.102,16735724550.102,1,0,1,,0.7016,total,SGP-KOR,SGP_2017,KOR_2017,-0.3543918379241638,UNComtrade,561.3567025,6.330356536799661
SGP,KOR,2018,15653823462.036,15653823462.036,1,0,1,,0.7356,total,SGP-KOR,SGP_2018,KOR_2018,-0.307068786251971,UNComtrade,596.101715,6.390411315255797
SGP,KOR,2019,15209886670.237,15209886670.237,1,0,1,,0.7353,total,SGP-KOR,SGP_2019,KOR_2019,-0.3074766997799605,UNComtrade,570.7605424999999,6.346969756548993
SGP,KOR,2020,16753014784.917,16753014784.917,1,0,1,,0.7557,total,SGP-KOR,SGP_2020,KOR_2020,-0.2801108069554628,UNComtrade,571.0911475,6.347548824762725
SGP,KOR,2021,19683527518.339,19683527518.339,1,0,1,,0.7391,total,SGP-KOR,SGP_2021,KOR_2021,-0.302322049191296,UNComtrade,576.3645125,6.356740294742156
SGP,KOR,2022,20838422294.732,20838422294.732,1,0,1,,0.721,total,SGP-KOR,SGP_2022,KOR_2022,-0.327116141697188,UNComtrade,571.0973875,6.347559751155013
SGP,KOR,2023,20648914723.121,20648914723.121,1,0,1,,0.7393,total,SGP-KOR,SGP_2023,KOR_2023,-0.3020514864190827,UNComtrade,594.51343,6.387743306287788
SGP,KOR,2024,21270810760.194,21270810760.194,1,0,1,,0.7468,total,SGP-KOR,SGP_2024,KOR_2024,-0.2919578673145694,UNComtrade,587.2538724999999,6.375457217812725
SGP,LAO,2010,22927742.788,22927742.788,1,0,1,,,total,SGP-LAO,SGP_2010,LAO_2010,,UNComtrade,568.11302,6.34232037780072
SGP,LAO,2011,34714715.709,34714715.709,1,0,1,,,total,SGP-LAO,SGP_2011,LAO_2011,,UNComtrade,581.0379875,6.364816137674952
SGP,LAO,2012,30080840.593,30080840.593,1,0,1,,,total,SGP-LAO,SGP_2012,LAO_2012,,UNComtrade,560.5578925,6.328932524421987
SGP,LAO,2013,26334917.106,26334917.106,1,0,1,,,total,SGP-LAO,SGP_2013,LAO_2013,,UNComtrade,562.2020299999999,6.331861269280569
SGP,LAO,2014,33878967.095,33878967.095,1,0,1,,,total,SGP-LAO,SGP_2014,LAO_2014,,UNComtrade,546.146105,6.3028865315237566
SGP,LAO,2015,79239547.854,79239547.854,1,0,1,,,total,SGP-LAO,SGP_2015,LAO_2015,,UNComtrade,550.2638375,6.310397867750528
SGP,LAO,2016,46617774.742,46617774.742,1,0,1,,,total,SGP-LAO,SGP_2016,LAO_2016,,UNComtrade,549.1025374999999,6.3082851954724735
SGP,LAO,2017,31932340.655,31932340.655,1,0,1,,,total,SGP-LAO,SGP_2017,LAO_2017,,UNComtrade,561.3567025,6.330356536799661
SGP,LAO,2018,43746732.415,43746732.415,1,0,1,,,total,SGP-LAO,SGP_2018,LAO_2018,,UNComtrade,596.101715,6.390411315255797
SGP,LAO,2019,53362545.425,53362545.425,1,0,1,,,total,SGP-LAO,SGP_2019,LAO_2019,,UNComtrade,570.7605424999999,6.346969756548993
SGP,LAO,2020,26691985.038,26691985.038,1,0,1,,,total,SGP-LAO,SGP_2020,LAO_2020,,UNComtrade,571.0911475,6.347548824762725
SGP,LAO,2021,63115187.097,63115187.097,1,0,1,,,total,SGP-LAO,SGP_2021,LAO_2021,,UNComtrade,576.3645125,6.356740294742156
SGP,LAO,2022,95932877.005,95932877.005,1,0,1,,,total,SGP-LAO,SGP_2022,LAO_2022,,UNComtrade,571.0973875,6.347559751155013
SGP,LAO,2023,68384272.582,68384272.582,1,0,1,,,total,SGP-LAO,SGP_2023,LAO_2023,,UNComtrade,594.51343,6.387743306287788
SGP,LAO,2024,63319828.101,63319828.101,1,0,1,,,total,SGP-LAO,SGP_2024,LAO_2024,,UNComtrade,587.2538724999999,6.375457217812725
SGP,MMR,2010,1157092979.48,1157092979.48,1,0,1,,0.2477,total,SGP-MMR,SGP_2010,MMR_2010,-1.3955369424868231,UNComtrade,568.11302,6.34232037780072
SGP,MMR,2011,1213184405.78,1213184405.78,1,0,1,,0.2418,total,SGP-MMR,SGP_2011,MMR_2011,-1.4196443408014447,UNComtrade,581.0379875,6.364816137674952
SGP,MMR,2012,1339308455.46,1339308455.46,1,0,1,,0.2658,total,SGP-MMR,SGP_2012,MMR_2012,-1.325011132702992,UNComtrade,560.5578925,6.328932524421987
SGP,MMR,2013,2249561202.551,2249561202.551,1,0,1,,0.2795,total,SGP-MMR,SGP_2013,MMR_2013,-1.274752986386983,UNComtrade,562.2020299999999,6.331861269280569
SGP,MMR,2014,2396515872.186,2396515872.186,1,0,1,,0.2792,total,SGP-MMR,SGP_2014,MMR_2014,-1.2758269080939195,UNComtrade,546.146105,6.3028865315237566
SGP,MMR,2015,2455338995.035,2455338995.035,1,0,1,,0.3045,total,SGP-MMR,SGP_2015,MMR_2015,-1.1890841918321853,UNComtrade,550.2638375,6.310397867750528
SGP,MMR,2016,2278031106.29,2278031106.29,1,0,1,,0.3194,total,SGP-MMR,SGP_2016,MMR_2016,-1.141311043201225,UNComtrade,549.1025374999999,6.3082851954724735
SGP,MMR,2017,2520000117.783,2520000117.783,1,0,1,,0.3179,total,SGP-MMR,SGP_2017,MMR_2017,-1.14601841106538,UNComtrade,561.3567025,6.330356536799661
SGP,MMR,2018,2764001571.352,2764001571.352,1,0,1,,0.3245,total,SGP-MMR,SGP_2018,MMR_2018,-1.1254697428379925,UNComtrade,596.101715,6.390411315255797
SGP,MMR,2019,3149788501.95,3149788501.95,1,0,1,,0.2966,total,SGP-MMR,SGP_2019,MMR_2019,-1.2153708492783055,UNComtrade,570.7605424999999,6.346969756548993
SGP,MMR,2020,2694749182.21,2694749182.21,1,0,1,,0.3146,total,SGP-MMR,SGP_2020,MMR_2020,-1.1564532883579597,UNComtrade,571.0911475,6.347548824762725
SGP,MMR,2021,2614815849.328,2614815849.328,1,0,1,,0.3138,total,SGP-MMR,SGP_2021,MMR_2021,-1.1589994386832048,UNComtrade,576.3645125,6.356740294742156
SGP,MMR,2022,4181455229.957,4181455229.957,1,0,1,,0.2959,total,SGP-MMR,SGP_2022,MMR_2022,-1.2177337195759732,UNComtrade,571.0973875,6.347559751155013
SGP,MMR,2023,2945850283.57,2945850283.57,1,0,1,,0.3105,total,SGP-MMR,SGP_2023,MMR_2023,-1.1695713776086036,UNComtrade,594.51343,6.387743306287788
SGP,MMR,2024,2312940862.791,2312940862.791,1,0,1,,0.3206,total,SGP-MMR,SGP_2024,MMR_2024,-1.1375610388066846,UNComtrade,587.2538724999999,6.375457217812725
SGP,MYS,2010,42285024781.23,42285024781.23,1,0,1,,0.7106,total,SGP-MYS,SGP_2010,MYS_2010,-0.3416455953952103,UNComtrade,568.11302,6.34232037780072
SGP,MYS,2011,50992456604.658,50992456604.658,1,0,1,,0.7308,total,SGP-MYS,SGP_2011,MYS_2011,-0.3136154544782853,UNComtrade,581.0379875,6.364816137674952
SGP,MYS,2012,51567795646.076,51567795646.076,1,0,1,,0.7505,total,SGP-MYS,SGP_2012,MYS_2012,-0.2870156279086205,UNComtrade,560.5578925,6.328932524421987
SGP,MYS,2013,51893906953.321,51893906953.321,1,0,1,,0.7814,total,SGP-MYS,SGP_2013,MYS_2013,-0.2466680963611668,UNComtrade,562.2020299999999,6.331861269280569
SGP,MYS,2014,50111707575.142,50111707575.142,1,0,1,,0.7905,total,SGP-MYS,SGP_2014,MYS_2014,-0.2350896223326103,UNComtrade,546.146105,6.3028865315237566
SGP,MYS,2015,38673587352.781,38673587352.781,1,0,1,,0.7765,total,SGP-MYS,SGP_2015,MYS_2015,-0.2529586363933953,UNComtrade,550.2638375,6.310397867750528
SGP,MYS,2016,35634043830.96,35634043830.96,1,0,1,,0.7738,total,SGP-MYS,SGP_2016,MYS_2016,-0.2564418367157244,UNComtrade,549.1025374999999,6.3082851954724735
SGP,MYS,2017,39560422424.898,39560422424.898,1,0,1,,0.7516,total,SGP-MYS,SGP_2017,MYS_2017,-0.2855510114428267,UNComtrade,561.3567025,6.330356536799661
SGP,MYS,2018,44891022991.914,44891022991.914,1,0,1,,0.7945,total,SGP-MYS,SGP_2018,MYS_2018,-0.2300422930053664,UNComtrade,596.101715,6.390411315255797
SGP,MYS,2019,41152416095.205,41152416095.205,1,0,1,,0.7705,total,SGP-MYS,SGP_2019,MYS_2019,-0.2607156242219666,UNComtrade,570.7605424999999,6.346969756548993
SGP,MYS,2020,33263819663.258,33263819663.258,1,0,1,,0.7793,total,SGP-MYS,SGP_2020,MYS_2020,-0.2493591981326218,UNComtrade,571.0911475,6.347548824762725
SGP,MYS,2021,42094240813.028,42094240813.028,1,0,1,,0.7892,total,SGP-MYS,SGP_2021,MYS_2021,-0.2367355048336767,UNComtrade,576.3645125,6.356740294742156
SGP,MYS,2022,51585647571.277,51585647571.277,1,0,1,,0.7673,total,SGP-MYS,SGP_2022,MYS_2022,-0.2648774197985175,UNComtrade,571.0973875,6.347559751155013
SGP,MYS,2023,44454014876.402,44454014876.402,1,0,1,,0.7694,total,SGP-MYS,SGP_2023,MYS_2023,-0.2621442886639423,UNComtrade,594.51343,6.387743306287788
SGP,MYS,2024,52337877224.207,52337877224.207,1,0,1,,0.7769,total,SGP-MYS,SGP_2024,MYS_2024,-0.2524436370257619,UNComtrade,587.2538724999999,6.375457217812725
SGP,NLD,2010,6151633931.704,6151633931.704,1,0,1,,0.6186,total,SGP-NLD,SGP_2010,NLD_2010,-0.4802964187311677,UNComtrade,568.11302,6.34232037780072
SGP,NLD,2011,7546702978.632,7546702978.632,1,0,1,,0.6344,total,SGP-NLD,SGP_2011,NLD_2011,-0.4550756086614989,UNComtrade,581.0379875,6.364816137674952
SGP,NLD,2012,7104739794.393,7104739794.393,1,0,1,,0.5965,total,SGP-NLD,SGP_2012,NLD_2012,-0.5166760374441662,UNComtrade,560.5578925,6.328932524421987
SGP,NLD,2013,6418272505.156,6418272505.156,1,0,1,,0.6341,total,SGP-NLD,SGP_2013,NLD_2013,-0.4555486082761511,UNComtrade,562.2020299999999,6.331861269280569
SGP,NLD,2014,7290483302.749,7290483302.749,1,0,1,,0.6476,total,SGP-NLD,SGP_2014,NLD_2014,-0.434482057178657,UNComtrade,546.146105,6.3028865315237566
SGP,NLD,2015,6196904090.034,6196904090.034,1,0,1,,0.635,total,SGP-NLD,SGP_2015,NLD_2015,-0.4541302800894454,UNComtrade,550.2638375,6.310397867750528
SGP,NLD,2016,6905151232.746,6905151232.746,1,0,1,,0.6458,total,SGP-NLD,SGP_2016,NLD_2016,-0.4372654206579621,UNComtrade,549.1025374999999,6.3082851954724735
SGP,NLD,2017,7809910505.248,7809910505.248,1,0,1,,0.6545,total,SGP-NLD,SGP_2017,NLD_2017,-0.4238836936321825,UNComtrade,561.3567025,6.330356536799661
SGP,NLD,2018,8907484431.659,8907484431.659,1,0,1,,0.6907,total,SGP-NLD,SGP_2018,NLD_2018,-0.3700497028872098,UNComtrade,596.101715,6.390411315255797
SGP,NLD,2019,8592802116.37,8592802116.37,1,0,1,,0.6795,total,SGP-NLD,SGP_2019,NLD_2019,-0.3863980453909386,UNComtrade,570.7605424999999,6.346969756548993
SGP,NLD,2020,10231695002.51,10231695002.51,1,0,1,,0.6882,total,SGP-NLD,SGP_2020,NLD_2020,-0.373675785618757,UNComtrade,571.0911475,6.347548824762725
SGP,NLD,2021,9727203198.002,9727203198.002,1,0,1,,0.6836,total,SGP-NLD,SGP_2021,NLD_2021,-0.3803823277407012,UNComtrade,576.3645125,6.356740294742156
SGP,NLD,2022,11117779412.68,11117779412.68,1,0,1,,0.679,total,SGP-NLD,SGP_2022,NLD_2022,-0.3871341514234409,UNComtrade,571.0973875,6.347559751155013
SGP,NLD,2023,8351886416.625,8351886416.625,1,0,1,,0.6814,total,SGP-NLD,SGP_2023,NLD_2023,-0.3836057737552708,UNComtrade,594.51343,6.387743306287788
SGP,NLD,2024,7407480689.585,7407480689.585,1,0,1,,0.6859,total,SGP-NLD,SGP_2024,NLD_2024,-0.3770234344768614,UNComtrade,587.2538724999999,6.375457217812725
SGP,PHL,2010,7169253190.697,7169253190.697,1,0,1,,0.3668,total,SGP-PHL,SGP_2010,PHL_2010,-1.0029385385998273,UNComtrade,568.11302,6.34232037780072
SGP,PHL,2011,6766275995.143,6766275995.143,1,0,1,,0.3881,total,SGP-PHL,SGP_2011,PHL_2011,-0.9464922406072764,UNComtrade,581.0379875,6.364816137674952
SGP,PHL,2012,6338337351.052,6338337351.052,1,0,1,,0.3712,total,SGP-PHL,SGP_2012,PHL_2012,-0.9910142780700916,UNComtrade,560.5578925,6.328932524421987
SGP,PHL,2013,6695541741.529,6695541741.529,1,0,1,,0.398,total,SGP-PHL,SGP_2013,PHL_2013,-0.9213032736976992,UNComtrade,562.2020299999999,6.331861269280569
SGP,PHL,2014,6870783808.297,6870783808.297,1,0,1,,0.404,total,SGP-PHL,SGP_2014,PHL_2014,-0.9063404010209868,UNComtrade,546.146105,6.3028865315237566
SGP,PHL,2015,6415998935.804,6415998935.804,1,0,1,,0.3716,total,SGP-PHL,SGP_2015,PHL_2015,-0.9899372720424536,UNComtrade,550.2638375,6.310397867750528
SGP,PHL,2016,6508205678.172,6508205678.172,1,0,1,,0.3954,total,SGP-PHL,SGP_2016,PHL_2016,-0.9278573682456206,UNComtrade,549.1025374999999,6.3082851954724735
SGP,PHL,2017,7265198705.169,7265198705.169,1,0,1,,0.399,total,SGP-PHL,SGP_2017,PHL_2017,-0.9187938620922736,UNComtrade,561.3567025,6.330356536799661
SGP,PHL,2018,7950895833.001,7950895833.001,1,0,1,,0.4154,total,SGP-PHL,SGP_2018,PHL_2018,-0.8785133675401251,UNComtrade,596.101715,6.390411315255797
SGP,PHL,2019,8532379642.549,8532379642.549,1,0,1,,0.4165,total,SGP-PHL,SGP_2019,PHL_2019,-0.8758688173752397,UNComtrade,570.7605424999999,6.346969756548993
SGP,PHL,2020,7432171439.645,7432171439.645,1,0,1,,0.379,total,SGP-PHL,SGP_2020,PHL_2020,-0.9702190738997108,UNComtrade,571.0911475,6.347548824762725
SGP,PHL,2021,9158991516.052,9158991516.052,1,0,1,,0.3604,total,SGP-PHL,SGP_2021,PHL_2021,-1.0205407532479542,UNComtrade,576.3645125,6.356740294742156
SGP,PHL,2022,10865035263.712,10865035263.712,1,0,1,,0.3662,total,SGP-PHL,SGP_2022,PHL_2022,-1.0045756467417266,UNComtrade,571.0973875,6.347559751155013
SGP,PHL,2023,10051806386.731,10051806386.731,1,0,1,,0.4037,total,SGP-PHL,SGP_2023,PHL_2023,-0.907083251123242,UNComtrade,594.51343,6.387743306287788
SGP,PHL,2024,10150189698.753,10150189698.753,1,0,1,,0.4179,total,SGP-PHL,SGP_2024,PHL_2024,-0.8725131095282673,UNComtrade,587.2538724999999,6.375457217812725
SGP,THA,2010,12679511852.022,12679511852.022,1,0,1,,0.5177,total,SGP-THA,SGP_2010,THA_2010,-0.6583593550742813,UNComtrade,568.11302,6.34232037780072
SGP,THA,2011,14122971637.617,14122971637.617,1,0,1,,0.4894,total,SGP-THA,SGP_2011,THA_2011,-0.7145751279735658,UNComtrade,581.0379875,6.364816137674952
SGP,THA,2012,16013193579.171,16013193579.171,1,0,1,,0.485,total,SGP-THA,SGP_2012,THA_2012,-0.7236063880446539,UNComtrade,560.5578925,6.328932524421987
SGP,THA,2013,15367090134.842,15367090134.842,1,0,1,,0.4952,total,SGP-THA,SGP_2013,THA_2013,-0.7027935576117508,UNComtrade,562.2020299999999,6.331861269280569
SGP,THA,2014,15530791236.997,15530791236.997,1,0,1,,0.5061,total,SGP-THA,SGP_2014,THA_2014,-0.6810210007621047,UNComtrade,546.146105,6.3028865315237566
SGP,THA,2015,14081111679.587,14081111679.587,1,0,1,,0.5154,total,SGP-THA,SGP_2015,THA_2015,-0.6628119807638724,UNComtrade,550.2638375,6.310397867750528
SGP,THA,2016,13765782331.831,13765782331.831,1,0,1,,0.5332,total,SGP-THA,SGP_2016,THA_2016,-0.6288586906775835,UNComtrade,549.1025374999999,6.3082851954724735
SGP,THA,2017,14684185890.232,14684185890.232,1,0,1,,0.5266,total,SGP-THA,SGP_2017,THA_2017,-0.6413140319199281,UNComtrade,561.3567025,6.330356536799661
SGP,THA,2018,15555646307.801,15555646307.801,1,0,1,,0.5257,total,SGP-THA,SGP_2018,THA_2018,-0.6430245711567348,UNComtrade,596.101715,6.390411315255797
SGP,THA,2019,15354007468.608,15354007468.608,1,0,1,,0.5542,total,SGP-THA,SGP_2019,THA_2019,-0.5902296465532589,UNComtrade,570.7605424999999,6.346969756548993
SGP,THA,2020,14105268969.112,14105268969.112,1,0,1,,0.5446,total,SGP-THA,SGP_2020,THA_2020,-0.6077036987424779,UNComtrade,571.0911475,6.347548824762725
SGP,THA,2021,15608782423.191,15608782423.191,1,0,1,,0.5966,total,SGP-THA,SGP_2021,THA_2021,-0.5165084069014889,UNComtrade,576.3645125,6.356740294742156
SGP,THA,2022,17492260537.654,17492260537.654,1,0,1,,0.6185,total,SGP-THA,SGP_2022,THA_2022,-0.4804580871495943,UNComtrade,571.0973875,6.347559751155013
SGP,THA,2023,19097136793.491,19097136793.491,1,0,1,,0.6211,total,SGP-THA,SGP_2023,THA_2023,-0.4762631794168798,UNComtrade,594.51343,6.387743306287788
SGP,THA,2024,21925739721.218,21925739721.218,1,0,1,,0.6354,total,SGP-THA,SGP_2024,THA_2024,-0.4535005571467213,UNComtrade,587.2538724999999,6.375457217812725
SGP,TWN,2010,12956599175.997,12956599175.997,1,0,1,,0.618,total,SGP-TWN,SGP_2010,TWN_2010,-0.4812668215244463,UNComtrade,568.11302,6.34232037780072
SGP,TWN,2011,14601747347.831,14601747347.831,1,0,1,,0.5975,total,SGP-TWN,SGP_2011,TWN_2011,-0.5150009951764712,UNComtrade,581.0379875,6.364816137674952
SGP,TWN,2012,14451128355.288,14451128355.288,1,0,1,,0.6054,total,SGP-TWN,SGP_2012,TWN_2012,-0.5018658823945187,UNComtrade,560.5578925,6.328932524421987
SGP,TWN,2013,15296586988.268,15296586988.268,1,0,1,,0.6015,total,SGP-TWN,SGP_2013,TWN_2013,-0.5083287435674034,UNComtrade,562.2020299999999,6.331861269280569
SGP,TWN,2014,16139785744.593,16139785744.593,1,0,1,,0.6075,total,SGP-TWN,SGP_2014,TWN_2014,-0.4984031037674334,UNComtrade,546.146105,6.3028865315237566
SGP,TWN,2015,14442132667.278,14442132667.278,1,0,1,,0.6411,total,SGP-TWN,SGP_2015,TWN_2015,-0.4445698279889254,UNComtrade,550.2638375,6.310397867750528
SGP,TWN,2016,14734568969.35,14734568969.35,1,0,1,,0.6239,total,SGP-TWN,SGP_2016,TWN_2016,-0.4717651798653963,UNComtrade,549.1025374999999,6.3082851954724735
SGP,TWN,2017,16601243181.361,16601243181.361,1,0,1,,0.6146,total,SGP-TWN,SGP_2017,TWN_2017,-0.4867836292857527,UNComtrade,561.3567025,6.330356536799661
SGP,TWN,2018,16958320817.961,16958320817.961,1,0,1,,0.6375,total,SGP-TWN,SGP_2018,TWN_2018,-0.4502010019495559,UNComtrade,596.101715,6.390411315255797
SGP,TWN,2019,16388919638.574,16388919638.574,1,0,1,,0.6797,total,SGP-TWN,SGP_2019,TWN_2019,-0.3861037546295445,UNComtrade,570.7605424999999,6.346969756548993
SGP,TWN,2020,18214860905.066,18214860905.066,1,0,1,,0.6804,total,SGP-TWN,SGP_2020,TWN_2020,-0.3850744184604303,UNComtrade,571.0911475,6.347548824762725
SGP,TWN,2021,23287732886.307,23287732886.307,1,0,1,,0.7138,total,SGP-TWN,SGP_2021,TWN_2021,-0.3371524679260771,UNComtrade,576.3645125,6.356740294742156
SGP,TWN,2022,25247864478.343,25247864478.343,1,0,1,,0.6788,total,SGP-TWN,SGP_2022,TWN_2022,-0.3874287456220658,UNComtrade,571.0973875,6.347559751155013
SGP,TWN,2023,20551721965.947,20551721965.947,1,0,1,,0.6842,total,SGP-TWN,SGP_2023,TWN_2023,-0.3795050064386327,UNComtrade,594.51343,6.387743306287788
SGP,TWN,2024,24299690570.766,24299690570.766,1,0,1,,0.6917,total,SGP-TWN,SGP_2024,TWN_2024,-0.368602943375598,UNComtrade,587.2538724999999,6.375457217812725
SGP,USA,2010,22906394706.979,22906394706.979,1,0,1,,0.5949,total,SGP-USA,SGP_2010,USA_2010,-0.5193619547882771,UNComtrade,568.11302,6.34232037780072
SGP,USA,2011,22202457236.605,22202457236.605,1,0,1,,0.6082,total,SGP-USA,SGP_2011,USA_2011,-0.4972515037388728,UNComtrade,581.0379875,6.364816137674952
SGP,USA,2012,22415798726.307,22415798726.307,1,0,1,,0.6058,total,SGP-USA,SGP_2012,USA_2012,-0.5012053803890001,UNComtrade,560.5578925,6.328932524421987
SGP,USA,2013,23262563063.22,23262563063.22,1,0,1,,0.6446,total,SGP-USA,SGP_2013,USA_2013,-0.4391253096007996,UNComtrade,562.2020299999999,6.331861269280569
SGP,USA,2014,23145422290.251,23145422290.251,1,0,1,,0.6517,total,SGP-USA,SGP_2014,USA_2014,-0.4281709456438024,UNComtrade,546.146105,6.3028865315237566
SGP,USA,2015,23225799661.885,23225799661.885,1,0,1,,0.6546,total,SGP-USA,SGP_2015,USA_2015,-0.423730916915057,UNComtrade,550.2638375,6.310397867750528
SGP,USA,2016,22754002941.719,22754002941.719,1,0,1,,0.6756,total,SGP-USA,SGP_2016,USA_2016,-0.392154094048492,UNComtrade,549.1025374999999,6.3082851954724735
SGP,USA,2017,24171251006.548,24171251006.548,1,0,1,,0.661,total,SGP-USA,SGP_2017,USA_2017,-0.4140014391304507,UNComtrade,561.3567025,6.330356536799661
SGP,USA,2018,31863382658.438,31863382658.438,1,0,1,,0.648,total,SGP-USA,SGP_2018,USA_2018,-0.4338645826298623,UNComtrade,596.101715,6.390411315255797
SGP,USA,2019,34401076800.816,34401076800.816,1,0,1,,0.6696,total,SGP-USA,SGP_2019,USA_2019,-0.4010747598068715,UNComtrade,570.7605424999999,6.346969756548993
SGP,USA,2020,40225652107.782,40225652107.782,1,0,1,,0.6592,total,SGP-USA,SGP_2020,USA_2020,-0.4167283003868751,UNComtrade,571.0911475,6.347548824762725
SGP,USA,2021,39283071619.99,39283071619.99,1,0,1,,0.705,total,SGP-USA,SGP_2021,USA_2021,-0.3495574761698684,UNComtrade,576.3645125,6.356740294742156
SGP,USA,2022,45306115460.397,45306115460.397,1,0,1,,0.6878,total,SGP-USA,SGP_2022,USA_2022,-0.3742571809839712,UNComtrade,571.0973875,6.347559751155013
SGP,USA,2023,44922912847.175,44922912847.175,1,0,1,,0.6448,total,SGP-USA,SGP_2023,USA_2023,-0.4388150877897184,UNComtrade,594.51343,6.387743306287788
SGP,USA,2024,44029884560.739,44029884560.739,1,0,1,,0.6534,total,SGP-USA,SGP_2024,USA_2024,-0.4255657798151673,UNComtrade,587.2538724999999,6.375457217812725
SGP,VNM,2010,7378834033.195,7378834033.195,1,0,1,,0.4556,total,SGP-VNM,SGP_2010,VNM_2010,-0.7861400474091099,UNComtrade,568.11302,6.34232037780072
SGP,VNM,2011,10140513038.173,10140513038.173,1,0,1,,0.5284,total,SGP-VNM,SGP_2011,VNM_2011,-0.6379017063339668,UNComtrade,581.0379875,6.364816137674952
SGP,VNM,2012,10087067190.724,10087067190.724,1,0,1,,0.5203,total,SGP-VNM,SGP_2012,VNM_2012,-0.6533497106858792,UNComtrade,560.5578925,6.328932524421987
SGP,VNM,2013,10331483254.619,10331483254.619,1,0,1,,0.5139,total,SGP-VNM,SGP_2013,VNM_2013,-0.6657265849839531,UNComtrade,562.2020299999999,6.331861269280569
SGP,VNM,2014,12223900723.523,12223900723.523,1,0,1,,0.4997,total,SGP-VNM,SGP_2014,VNM_2014,-0.6937473606319777,UNComtrade,546.146105,6.3028865315237566
SGP,VNM,2015,12122442052.811,12122442052.811,1,0,1,,0.5225,total,SGP-VNM,SGP_2015,VNM_2015,-0.649130295143171,UNComtrade,550.2638375,6.310397867750528
SGP,VNM,2016,11353589328.771,11353589328.771,1,0,1,,0.5956,total,SGP-VNM,SGP_2016,VNM_2016,-0.5181859781722831,UNComtrade,549.1025374999999,6.3082851954724735
SGP,VNM,2017,12288276612.92,12288276612.92,1,0,1,,0.5708,total,SGP-VNM,SGP_2017,VNM_2017,-0.5607163933794558,UNComtrade,561.3567025,6.330356536799661
SGP,VNM,2018,12025099062.257,12025099062.257,1,0,1,,0.58,total,SGP-VNM,SGP_2018,VNM_2018,-0.5447271754416722,UNComtrade,596.101715,6.390411315255797
SGP,VNM,2019,12961245974.826,12961245974.826,1,0,1,,0.5941,total,SGP-VNM,SGP_2019,VNM_2019,-0.5207076236204413,UNComtrade,570.7605424999999,6.346969756548993
SGP,VNM,2020,12429039936.471,12429039936.471,1,0,1,,0.5608,total,SGP-VNM,SGP_2020,VNM_2020,-0.5783909432617568,UNComtrade,571.0911475,6.347548824762725
SGP,VNM,2021,15657349969.635,15657349969.635,1,0,1,,0.6292,total,SGP-VNM,SGP_2021,VNM_2021,-0.4633061077980143,UNComtrade,576.3645125,6.356740294742156
SGP,VNM,2022,17213672571.759,17213672571.759,1,0,1,,0.6018,total,SGP-VNM,SGP_2022,VNM_2022,-0.5078301147861922,UNComtrade,571.0973875,6.347559751155013
SGP,VNM,2023,16654082898.76,16654082898.76,1,0,1,,0.6154,total,SGP-VNM,SGP_2023,VNM_2023,-0.4854828160941957,UNComtrade,594.51343,6.387743306287788
SGP,VNM,2024,17280424396.471,17280424396.471,1,0,1,,0.6547,total,SGP-VNM,SGP_2024,VNM_2024,-0.4235781635350914,UNComtrade,587.2538724999999,6.375457217812725
THA,ARE,2010,2843566078.0,2843566078.0,1,0,1,,0.4926,total,THA-ARE,THA_2010,ARE_2010,-0.7080577932956995,UNComtrade,200.1647875,5.29914096479787
THA,ARE,2011,2761608692.0,2761608692.0,1,0,1,,0.4633,total,THA-ARE,THA_2011,ARE_2011,-0.7693804865595344,UNComtrade,201.1163225,5.303883459571342
THA,ARE,2012,2870559737.0,2870559737.0,1,0,1,,0.4496,total,THA-ARE,THA_2012,ARE_2012,-0.7993969804026557,UNComtrade,194.7945225,5.271945272229938
THA,ARE,2013,3078591654.0,3078591654.0,1,0,1,,0.4473,total,THA-ARE,THA_2013,ARE_2013,-0.8045257685433347,UNComtrade,203.12117,5.313802697521622
THA,ARE,2014,3247203997.0,3247203997.0,1,0,1,,0.4585,total,THA-ARE,THA_2014,ARE_2014,-0.7797949872856175,UNComtrade,195.81633,5.277177128048734
THA,ARE,2015,3068344723.48,3068344723.48,1,0,1,,0.4543,total,THA-ARE,THA_2015,ARE_2015,-0.7889975062167794,UNComtrade,207.8234925,5.336689125691818
THA,ARE,2016,2873529033.83,2873529033.83,1,0,1,,0.4811,total,THA-ARE,THA_2016,ARE_2016,-0.731680130276729,UNComtrade,215.6388075,5.373604820518094
THA,ARE,2017,2837261605.99,2837261605.99,1,0,1,,0.4614,total,THA-ARE,THA_2017,ARE_2017,-0.7734899332424838,UNComtrade,210.1484475,5.347814173843537
THA,ARE,2018,2630649450.31,2630649450.31,1,0,1,,0.4695,total,THA-ARE,THA_2018,ARE_2018,-0.7560869803338195,UNComtrade,217.4658675,5.382041907179293
THA,ARE,2019,2442051376.148,2442051376.148,1,0,1,,0.4863,total,THA-ARE,THA_2019,ARE_2019,-0.720929561572397,UNComtrade,221.71129,5.40137603999863
THA,ARE,2020,2149807677.329,2149807677.329,1,0,1,,0.4862,total,THA-ARE,THA_2020,ARE_2020,-0.721135217100114,UNComtrade,225.81493,5.419715769990285
THA,ARE,2021,2799013736.884,2799013736.884,1,0,1,,0.521,total,THA-ARE,THA_2021,ARE_2021,-0.6520052372287701,UNComtrade,238.9591625,5.476292669131039
THA,ARE,2022,3444352377.72,3444352377.72,1,0,1,,0.5537,total,THA-ARE,THA_2022,ARE_2022,-0.5911322551532157,UNComtrade,252.074275,5.529723786147007
THA,ARE,2023,3314907297.8,3314907297.8,1,0,1,,0.5726,total,THA-ARE,THA_2023,ARE_2023,-0.5575678863181224,UNComtrade,264.7608375,5.5788269184879
THA,ARE,2024,3643603500.11,3643603500.11,1,0,1,,0.6054,total,THA-ARE,THA_2024,ARE_2024,-0.5018658823945187,UNComtrade,263.6409275,5.574588054233254
THA,AUS,2010,9369584237.0,9369584237.0,1,0,1,,0.4146,total,THA-AUS,THA_2010,AUS_2010,-0.8804410789804578,UNComtrade,200.1647875,5.29914096479787
THA,AUS,2011,7997079218.0,7997079218.0,1,0,1,,0.4093,total,THA-AUS,THA_2011,AUS_2011,-0.8933068954837797,UNComtrade,201.1163225,5.303883459571342
THA,AUS,2012,9762751816.0,9762751816.0,1,0,1,,0.3963,total,THA-AUS,THA_2012,AUS_2012,-0.9255837787857476,UNComtrade,194.7945225,5.271945272229938
THA,AUS,2013,10348939090.0,10348939090.0,1,0,1,,0.4083,total,THA-AUS,THA_2013,AUS_2013,-0.895753080656607,UNComtrade,203.12117,5.313802697521622
THA,AUS,2014,9298849155.0,9298849155.0,1,0,1,,0.4188,total,THA-AUS,THA_2014,AUS_2014,-0.8703617999857552,UNComtrade,195.81633,5.277177128048734
THA,AUS,2015,9768022861.0,9768022861.0,1,0,1,,0.4193,total,THA-AUS,THA_2015,AUS_2015,-0.8691686248054201,UNComtrade,207.8234925,5.336689125691818
THA,AUS,2016,10309394244.13,10309394244.13,1,0,1,,0.4329,total,THA-AUS,THA_2016,AUS_2016,-0.8372485245342022,UNComtrade,215.6388075,5.373604820518094
THA,AUS,2017,10504775125.88,10504775125.88,1,0,1,,0.4421,total,THA-AUS,THA_2017,AUS_2017,-0.8162191781499395,UNComtrade,210.1484475,5.347814173843537
THA,AUS,2018,10777567755.49,10777567755.49,1,0,1,,0.4249,total,THA-AUS,THA_2018,AUS_2018,-0.8559014318613711,UNComtrade,217.4658675,5.382041907179293
THA,AUS,2019,10229351054.55,10229351054.55,1,0,1,,0.424,total,THA-AUS,THA_2019,AUS_2019,-0.8580218237501793,UNComtrade,221.71129,5.40137603999863
THA,AUS,2020,9830879785.428,9830879785.428,1,0,1,,0.4176,total,THA-AUS,THA_2020,AUS_2020,-0.873231242413708,UNComtrade,225.81493,5.419715769990285
THA,AUS,2021,10960142031.28,10960142031.28,1,0,1,,0.4358,total,THA-AUS,THA_2021,AUS_2021,-0.8305718564716175,UNComtrade,238.9591625,5.476292669131039
THA,AUS,2022,11187272731.021,11187272731.021,1,0,1,,0.419,total,THA-AUS,THA_2022,AUS_2022,-0.8698843590599994,UNComtrade,252.074275,5.529723786147007
THA,AUS,2023,12214614480.082,12214614480.082,1,0,1,,0.437,total,THA-AUS,THA_2023,AUS_2023,-0.8278220838865469,UNComtrade,264.7608375,5.5788269184879
THA,AUS,2024,12349933400.242,12349933400.242,1,0,1,,0.4288,total,THA-AUS,THA_2024,AUS_2024,-0.8467646692255448,UNComtrade,263.6409275,5.574588054233254
THA,BRN,2010,128648325.0,128648325.0,1,0,1,,0.1877,total,THA-BRN,THA_2010,BRN_2010,-1.672910335389674,UNComtrade,200.1647875,5.29914096479787
THA,BRN,2011,137035146.0,137035146.0,1,0,1,,0.1937,total,THA-BRN,THA_2011,BRN_2011,-1.6414447085691868,UNComtrade,201.1163225,5.303883459571342
THA,BRN,2012,190745875.0,190745875.0,1,0,1,,0.181,total,THA-BRN,THA_2012,BRN_2012,-1.7092582477163114,UNComtrade,194.7945225,5.271945272229938
THA,BRN,2013,166203352.0,166203352.0,1,0,1,,0.183,total,THA-BRN,THA_2013,BRN_2013,-1.698269126140716,UNComtrade,203.12117,5.313802697521622
THA,BRN,2014,142533039.0,142533039.0,1,0,1,,0.1836,total,THA-BRN,THA_2014,BRN_2014,-1.6949958007957469,UNComtrade,195.81633,5.277177128048734
THA,BRN,2015,105771715.1,105771715.1,1,0,1,,0.1929,total,THA-BRN,THA_2015,BRN_2015,-1.6455833590704536,UNComtrade,207.8234925,5.336689125691818
THA,BRN,2016,79836661.18,79836661.18,1,0,1,,0.1971,total,THA-BRN,THA_2016,BRN_2016,-1.6240440648234626,UNComtrade,215.6388075,5.373604820518094
THA,BRN,2017,81249065.82,81249065.82,1,0,1,,0.1999,total,THA-BRN,THA_2017,BRN_2017,-1.6099380374757828,UNComtrade,210.1484475,5.347814173843537
THA,BRN,2018,105606482.07,105606482.07,1,0,1,,0.1888,total,THA-BRN,THA_2018,BRN_2018,-1.6670670252707367,UNComtrade,217.4658675,5.382041907179293
THA,BRN,2019,116095119.059,116095119.059,1,0,1,,0.2039,total,THA-BRN,THA_2019,BRN_2019,-1.5901256014017275,UNComtrade,221.71129,5.40137603999863
THA,BRN,2020,114031422.294,114031422.294,1,0,1,,0.2058,total,THA-BRN,THA_2020,BRN_2020,-1.5808504555821878,UNComtrade,225.81493,5.419715769990285
THA,BRN,2021,83302708.299,83302708.299,1,0,1,,0.1957,total,THA-BRN,THA_2021,BRN_2021,-1.6311724045801064,UNComtrade,238.9591625,5.476292669131039
THA,BRN,2022,74133202.172,74133202.172,1,0,1,,0.2004,total,THA-BRN,THA_2022,BRN_2022,-1.6074399097714274,UNComtrade,252.074275,5.529723786147007
THA,BRN,2023,97683217.624,97683217.624,1,0,1,,0.203,total,THA-BRN,THA_2023,BRN_2023,-1.5945492999403497,UNComtrade,264.7608375,5.5788269184879
THA,BRN,2024,112169604.892,112169604.892,1,0,1,,0.2081,total,THA-BRN,THA_2024,BRN_2024,-1.5697365455825485,UNComtrade,263.6409275,5.574588054233254
THA,CAN,2010,1428125578.0,1428125578.0,1,0,1,,0.4502,total,THA-CAN,THA_2010,CAN_2010,-0.7980633505095052,UNComtrade,200.1647875,5.29914096479787
THA,CAN,2011,1710620015.0,1710620015.0,1,0,1,,0.4389,total,THA-CAN,THA_2011,CAN_2011,-0.8234836822879487,UNComtrade,201.1163225,5.303883459571342
THA,CAN,2012,1581943254.0,1581943254.0,1,0,1,,0.4351,total,THA-CAN,THA_2012,CAN_2012,-0.8321793892555026,UNComtrade,194.7945225,5.271945272229938
THA,CAN,2013,1478983827.0,1478983827.0,1,0,1,,0.434,total,THA-CAN,THA_2013,CAN_2013,-0.8347107448817322,UNComtrade,203.12117,5.313802697521622
THA,CAN,2014,1478949453.0,1478949453.0,1,0,1,,0.4555,total,THA-CAN,THA_2014,CAN_2014,-0.786359562282124,UNComtrade,195.81633,5.277177128048734
THA,CAN,2015,1365026214.53,1365026214.53,1,0,1,,0.456,total,THA-CAN,THA_2015,CAN_2015,-0.7852624694677509,UNComtrade,207.8234925,5.336689125691818
THA,CAN,2016,1342263210.36,1342263210.36,1,0,1,,0.4641,total,THA-CAN,THA_2016,CAN_2016,-0.7676552327350069,UNComtrade,215.6388075,5.373604820518094
THA,CAN,2017,1430194903.05,1430194903.05,1,0,1,,0.4518,total,THA-CAN,THA_2017,CAN_2017,-0.7945156749482342,UNComtrade,210.1484475,5.347814173843537
THA,CAN,2018,1580851494.45,1580851494.45,1,0,1,,0.4545,total,THA-CAN,THA_2018,CAN_2018,-0.7885573653646035,UNComtrade,217.4658675,5.382041907179293
THA,CAN,2019,1588766909.074,1588766909.074,1,0,1,,0.4733,total,THA-CAN,THA_2019,CAN_2019,-0.7480258420699347,UNComtrade,221.71129,5.40137603999863
THA,CAN,2020,1544847063.517,1544847063.517,1,0,1,,0.4806,total,THA-CAN,THA_2020,CAN_2020,-0.7327199556797684,UNComtrade,225.81493,5.419715769990285
THA,CAN,2021,1853174246.934,1853174246.934,1,0,1,,0.4764,total,THA-CAN,THA_2021,CAN_2021,-0.7414974415009921,UNComtrade,238.9591625,5.476292669131039
THA,CAN,2022,2116968850.052,2116968850.052,1,0,1,,0.4801,total,THA-CAN,THA_2022,CAN_2022,-0.7337608634452423,UNComtrade,252.074275,5.529723786147007
THA,CAN,2023,1903805628.162,1903805628.162,1,0,1,,0.475,total,THA-CAN,THA_2023,CAN_2023,-0.7444404749474959,UNComtrade,264.7608375,5.5788269184879
THA,CAN,2024,2133687332.26,2133687332.26,1,0,1,,0.4784,total,THA-CAN,THA_2024,CAN_2024,-0.737308076345715,UNComtrade,263.6409275,5.574588054233254
THA,CHN,2010,21473195343.0,21473195343.0,1,0,1,,0.5168,total,THA-CHN,THA_2010,CHN_2010,-0.6600993265137449,UNComtrade,200.1647875,5.29914096479787
THA,CHN,2011,27402402319.0,27402402319.0,1,0,1,,0.4925,total,THA-CHN,THA_2011,CHN_2011,-0.7082608183699934,UNComtrade,201.1163225,5.303883459571342
THA,CHN,2012,26899634089.0,26899634089.0,1,0,1,,0.4857,total,THA-CHN,THA_2012,CHN_2012,-0.7221641296304379,UNComtrade,194.7945225,5.271945272229938
THA,CHN,2013,27238223902.0,27238223902.0,1,0,1,,0.4954,total,THA-CHN,THA_2013,CHN_2013,-0.7023897619268779,UNComtrade,203.12117,5.313802697521622
THA,CHN,2014,25084369426.0,25084369426.0,1,0,1,,0.5103,total,THA-CHN,THA_2014,CHN_2014,-0.6727564909122113,UNComtrade,195.81633,5.277177128048734
THA,CHN,2015,23732457481.34,23732457481.34,1,0,1,,0.5202,total,THA-CHN,THA_2015,CHN_2015,-0.6535419259675859,UNComtrade,207.8234925,5.336689125691818
THA,CHN,2016,23799611178.27,23799611178.27,1,0,1,,0.5357,total,THA-CHN,THA_2016,CHN_2016,-0.6241809760952225,UNComtrade,215.6388075,5.373604820518094
THA,CHN,2017,29505999885.45,29505999885.45,1,0,1,,0.5253,total,THA-CHN,THA_2017,CHN_2017,-0.6437857510222212,UNComtrade,210.1484475,5.347814173843537
THA,CHN,2018,30175446054.81,30175446054.81,1,0,1,,0.5216,total,THA-CHN,THA_2018,CHN_2018,-0.650854268369694,UNComtrade,217.4658675,5.382041907179293
THA,CHN,2019,29169445232.401,29169445232.401,1,0,1,,0.5513,total,THA-CHN,THA_2019,CHN_2019,-0.5954761533864992,UNComtrade,221.71129,5.40137603999863
THA,CHN,2020,29812998896.479,29812998896.479,1,0,1,,0.5465,total,THA-CHN,THA_2020,CHN_2020,-0.6042209713655439,UNComtrade,225.81493,5.419715769990285
THA,CHN,2021,37265606880.07,37265606880.07,1,0,1,,0.599,total,THA-CHN,THA_2021,CHN_2021,-0.5124936808666878,UNComtrade,238.9591625,5.476292669131039
THA,CHN,2022,34430098704.995,34430098704.995,1,0,1,,0.6277,total,THA-CHN,THA_2022,CHN_2022,-0.4656929336586509,UNComtrade,252.074275,5.529723786147007
THA,CHN,2023,34173311557.793,34173311557.793,1,0,1,,0.6345,total,THA-CHN,THA_2023,CHN_2023,-0.4549179918276947,UNComtrade,264.7608375,5.5788269184879
THA,CHN,2024,35277083278.691,35277083278.691,1,0,1,,0.6389,total,THA-CHN,THA_2024,CHN_2024,-0.4480073313738394,UNComtrade,263.6409275,5.574588054233254
THA,DEU,2010,3302105490.0,3302105490.0,1,0,1,,0.4866,total,THA-DEU,THA_2010,DEU_2010,-0.7203128486327148,UNComtrade,200.1647875,5.29914096479787
THA,DEU,2011,3763335583.0,3763335583.0,1,0,1,,0.3876,total,THA-DEU,THA_2011,DEU_2011,-0.947781398965526,UNComtrade,201.1163225,5.303883459571342
THA,DEU,2012,3609029682.0,3609029682.0,1,0,1,,0.3744,total,THA-DEU,THA_2012,DEU_2012,-0.9824305343787,UNComtrade,194.7945225,5.271945272229938
THA,DEU,2013,4068940431.0,4068940431.0,1,0,1,,0.4481,total,THA-DEU,THA_2013,DEU_2013,-0.8027388571900397,UNComtrade,203.12117,5.313802697521622
THA,DEU,2014,4532004155.0,4532004155.0,1,0,1,,0.4603,total,THA-DEU,THA_2014,DEU_2014,-0.7758768281589413,UNComtrade,195.81633,5.277177128048734
THA,DEU,2015,4287428513.8,4287428513.8,1,0,1,,0.4616,total,THA-DEU,THA_2015,DEU_2015,-0.7730565637882473,UNComtrade,207.8234925,5.336689125691818
THA,DEU,2016,4476503324.31,4476503324.31,1,0,1,,0.483,total,THA-DEU,THA_2016,DEU_2016,-0.7277386253295643,UNComtrade,215.6388075,5.373604820518094
THA,DEU,2017,5042562458.16,5042562458.16,1,0,1,,0.4777,total,THA-DEU,THA_2017,DEU_2017,-0.7387723585862208,UNComtrade,210.1484475,5.347814173843537
THA,DEU,2018,5153782801.09,5153782801.09,1,0,1,,0.4791,total,THA-DEU,THA_2018,DEU_2018,-0.7358459350930605,UNComtrade,217.4658675,5.382041907179293
THA,DEU,2019,4535218725.36,4535218725.36,1,0,1,,0.4954,total,THA-DEU,THA_2019,DEU_2019,-0.7023897619268779,UNComtrade,221.71129,5.40137603999863
THA,DEU,2020,4073400919.184,4073400919.184,1,0,1,,0.4915,total,THA-DEU,THA_2020,DEU_2020,-0.7102933393949158,UNComtrade,225.81493,5.419715769990285
THA,DEU,2021,4943069563.65,4943069563.65,1,0,1,,0.527,total,THA-DEU,THA_2021,DEU_2021,-0.6405547304407747,UNComtrade,238.9591625,5.476292669131039
THA,DEU,2022,4781865243.573,4781865243.573,1,0,1,,0.5586,total,THA-DEU,THA_2022,DEU_2022,-0.5823216254710607,UNComtrade,252.074275,5.529723786147007
THA,DEU,2023,4555813581.521,4555813581.521,1,0,1,,0.5491,total,THA-DEU,THA_2023,DEU_2023,-0.59947470469731,UNComtrade,264.7608375,5.5788269184879
THA,DEU,2024,5330510824.405,5330510824.405,1,0,1,,0.5689,total,THA-DEU,THA_2024,DEU_2024,-0.5640506072255355,UNComtrade,263.6409275,5.574588054233254
THA,FRA,2010,0.0,,0,1,1,,0.4905,total,THA-FRA,THA_2010,FRA_2010,-0.7123299999767193,UNComtrade (Confirmed Zero),200.1647875,5.29914096479787
THA,FRA,2011,0.0,,0,1,1,,0.3961,total,THA-FRA,THA_2011,FRA_2011,-0.926088574354266,UNComtrade (Confirmed Zero),201.1163225,5.303883459571342
THA,FRA,2012,0.0,,0,1,1,,0.3799,total,THA-FRA,THA_2012,FRA_2012,-0.9678472187885572,UNComtrade (Confirmed Zero),194.7945225,5.271945272229938
THA,FRA,2013,0.0,,0,1,1,,0.3908,total,THA-FRA,THA_2013,FRA_2013,-0.9395593588135094,UNComtrade (Confirmed Zero),203.12117,5.313802697521622
THA,FRA,2014,0.0,,0,1,1,,0.4092,total,THA-FRA,THA_2014,FRA_2014,-0.8935512449046656,UNComtrade (Confirmed Zero),195.81633,5.277177128048734
THA,FRA,2015,0.0,,0,1,1,,0.4119,total,THA-FRA,THA_2015,FRA_2015,-0.8869746775401021,UNComtrade (Confirmed Zero),207.8234925,5.336689125691818
THA,FRA,2016,0.0,,0,1,1,,0.423,total,THA-FRA,THA_2016,FRA_2016,-0.8603830999358592,UNComtrade (Confirmed Zero),215.6388075,5.373604820518094
THA,FRA,2017,0.0,,0,1,1,,0.4201,total,THA-FRA,THA_2017,FRA_2017,-0.8672625008068008,UNComtrade (Confirmed Zero),210.1484475,5.347814173843537
THA,FRA,2018,0.0,,0,1,1,,0.421,total,THA-FRA,THA_2018,FRA_2018,-0.8651224452997557,UNComtrade (Confirmed Zero),217.4658675,5.382041907179293
THA,FRA,2019,0.0,,0,1,1,,0.4407,total,THA-FRA,THA_2019,FRA_2019,-0.8193909071341958,UNComtrade (Confirmed Zero),221.71129,5.40137603999863
THA,FRA,2020,0.0,,0,1,1,,0.4371,total,THA-FRA,THA_2020,FRA_2020,-0.8275932771128682,UNComtrade (Confirmed Zero),225.81493,5.419715769990285
THA,FRA,2021,0.0,,0,1,1,,0.5341,total,THA-FRA,THA_2021,FRA_2021,-0.6271721916364124,UNComtrade (Confirmed Zero),238.9591625,5.476292669131039
THA,FRA,2022,0.0,,0,1,1,,0.4957,total,THA-FRA,THA_2022,FRA_2022,-0.7017843739556089,UNComtrade (Confirmed Zero),252.074275,5.529723786147007
THA,FRA,2023,0.0,,0,1,1,,0.4869,total,THA-FRA,THA_2023,FRA_2023,-0.7196965157934818,UNComtrade (Confirmed Zero),264.7608375,5.5788269184879
THA,FRA,2024,0.0,,0,1,1,,0.5082,total,THA-FRA,THA_2024,FRA_2024,-0.6768802080960734,UNComtrade (Confirmed Zero),263.6409275,5.574588054233254
THA,GBR,2010,3658490213.0,3658490213.0,1,0,1,,0.4998,total,THA-GBR,THA_2010,GBR_2010,-0.693547260581285,UNComtrade,200.1647875,5.29914096479787
THA,GBR,2011,3887376084.0,3887376084.0,1,0,1,,0.4041,total,THA-GBR,THA_2011,GBR_2011,-0.906092906897709,UNComtrade,201.1163225,5.303883459571342
THA,GBR,2012,3801842802.0,3801842802.0,1,0,1,,0.3837,total,THA-GBR,THA_2012,GBR_2012,-0.9578942817292304,UNComtrade,194.7945225,5.271945272229938
THA,GBR,2013,3787116259.0,3787116259.0,1,0,1,,0.3926,total,THA-GBR,THA_2013,GBR_2013,-0.9349639971397764,UNComtrade,203.12117,5.313802697521622
THA,GBR,2014,4007084062.0,4007084062.0,1,0,1,,0.4059,total,THA-GBR,THA_2014,GBR_2014,-0.9016484551372852,UNComtrade,195.81633,5.277177128048734
THA,GBR,2015,3817440960.32,3817440960.32,1,0,1,,0.4072,total,THA-GBR,THA_2015,GBR_2015,-0.898450813745824,UNComtrade,207.8234925,5.336689125691818
THA,GBR,2016,3850484137.66,3850484137.66,1,0,1,,0.426,total,THA-GBR,THA_2016,GBR_2016,-0.8533159327127666,UNComtrade,215.6388075,5.373604820518094
THA,GBR,2017,4080821608.17,4080821608.17,1,0,1,,0.4206,total,THA-GBR,THA_2017,GBR_2017,-0.8660730157135377,UNComtrade,210.1484475,5.347814173843537
THA,GBR,2018,4062575445.44,4062575445.44,1,0,1,,0.4916,total,THA-GBR,THA_2018,GBR_2018,-0.7100899012902573,UNComtrade,217.4658675,5.382041907179293
THA,GBR,2019,3849486097.998,3849486097.998,1,0,1,,0.5085,total,THA-GBR,THA_2019,GBR_2019,-0.6762900634935225,UNComtrade,221.71129,5.40137603999863
THA,GBR,2020,3091312062.346,3091312062.346,1,0,1,,0.5052,total,THA-GBR,THA_2020,GBR_2020,-0.682800888505801,UNComtrade,225.81493,5.419715769990285
THA,GBR,2021,3492713980.359,3492713980.359,1,0,1,,0.5436,total,THA-GBR,THA_2021,GBR_2021,-0.6095415967051484,UNComtrade,238.9591625,5.476292669131039
THA,GBR,2022,4036055716.617,4036055716.617,1,0,1,,0.5694,total,THA-GBR,THA_2022,GBR_2022,-0.5631721041381998,UNComtrade,252.074275,5.529723786147007
THA,GBR,2023,4076340020.342,4076340020.342,1,0,1,,0.565,total,THA-GBR,THA_2023,GBR_2023,-0.5709295478356962,UNComtrade,264.7608375,5.5788269184879
THA,GBR,2024,4199265599.463,4199265599.463,1,0,1,,0.583,total,THA-GBR,THA_2024,GBR_2024,-0.5395680926316447,UNComtrade,263.6409275,5.574588054233254
THA,HKG,2010,13131797252.0,13131797252.0,1,0,1,,0.517,total,THA-HKG,THA_2010,HKG_2010,-0.6597124044737079,UNComtrade,200.1647875,5.29914096479787
THA,HKG,2011,16479025783.0,16479025783.0,1,0,1,,0.4885,total,THA-HKG,THA_2011,HKG_2011,-0.7164158074992997,UNComtrade,201.1163225,5.303883459571342
THA,HKG,2012,13100138205.0,13100138205.0,1,0,1,,0.4802,total,THA-HKG,THA_2012,HKG_2012,-0.7335525951949842,UNComtrade,194.7945225,5.271945272229938
THA,HKG,2013,13188979312.0,13188979312.0,1,0,1,,0.4875,total,THA-HKG,THA_2013,HKG_2013,-0.7184649885442352,UNComtrade,203.12117,5.313802697521622
THA,HKG,2014,12609968146.0,12609968146.0,1,0,1,,0.5012,total,THA-HKG,THA_2014,HKG_2014,-0.6907500559602239,UNComtrade,195.81633,5.277177128048734
THA,HKG,2015,11830365361.2,11830365361.2,1,0,1,,0.5044,total,THA-HKG,THA_2015,HKG_2015,-0.6843856748913726,UNComtrade,207.8234925,5.336689125691818
THA,HKG,2016,11471603809.48,11471603809.48,1,0,1,,0.5093,total,THA-HKG,THA_2016,HKG_2016,-0.6747180450915782,UNComtrade,215.6388075,5.373604820518094
THA,HKG,2017,12298855542.9,12298855542.9,1,0,1,,0.4985,total,THA-HKG,THA_2017,HKG_2017,-0.696151689580244,UNComtrade,210.1484475,5.347814173843537
THA,HKG,2018,12522947215.6,12522947215.6,1,0,1,,0.5001,total,THA-HKG,THA_2018,HKG_2018,-0.6929472005572791,UNComtrade,217.4658675,5.382041907179293
THA,HKG,2019,11714406336.652,11714406336.652,1,0,1,,0.5242,total,THA-HKG,THA_2019,HKG_2019,-0.645881988092831,UNComtrade,221.71129,5.40137603999863
THA,HKG,2020,11291739875.72,11291739875.72,1,0,1,,0.5272,total,THA-HKG,THA_2020,HKG_2020,-0.6401752957938396,UNComtrade,225.81493,5.419715769990285
THA,HKG,2021,11590975919.008,11590975919.008,1,0,1,,0.5759,total,THA-HKG,THA_2021,HKG_2021,-0.5518212444695104,UNComtrade,238.9591625,5.476292669131039
THA,HKG,2022,10083532194.604,10083532194.604,1,0,1,,0.5854,total,THA-HKG,THA_2022,HKG_2022,-0.5354599047243516,UNComtrade,252.074275,5.529723786147007
THA,HKG,2023,11097128878.27,11097128878.27,1,0,1,,0.5898,total,THA-HKG,THA_2023,HKG_2023,-0.5279717826009612,UNComtrade,264.7608375,5.5788269184879
THA,HKG,2024,10847383913.576,10847383913.576,1,0,1,,0.6129,total,THA-HKG,THA_2024,HKG_2024,-0.489553488490451,UNComtrade,263.6409275,5.574588054233254
THA,IDN,2010,7346572358.0,7346572358.0,1,0,1,,0.4312,total,THA-IDN,THA_2010,IDN_2010,-0.8411832593873496,UNComtrade,200.1647875,5.29914096479787
THA,IDN,2011,10078023723.0,10078023723.0,1,0,1,,0.4137,total,THA-IDN,THA_2011,IDN_2011,-0.8826142055147712,UNComtrade,201.1163225,5.303883459571342
THA,IDN,2012,11209461188.0,11209461188.0,1,0,1,,0.4124,total,THA-IDN,THA_2012,IDN_2012,-0.8857615268393322,UNComtrade,194.7945225,5.271945272229938
THA,IDN,2013,10872574765.0,10872574765.0,1,0,1,,0.4122,total,THA-IDN,THA_2013,IDN_2013,-0.8862466105257784,UNComtrade,203.12117,5.313802697521622
THA,IDN,2014,9510286623.0,9510286623.0,1,0,1,,0.397,total,THA-IDN,THA_2014,IDN_2014,-0.9238189982949466,UNComtrade,195.81633,5.277177128048734
THA,IDN,2015,7827165346.53,7827165346.53,1,0,1,,0.4041,total,THA-IDN,THA_2015,IDN_2015,-0.906092906897709,UNComtrade,207.8234925,5.336689125691818
THA,IDN,2016,8176630658.38,8176630658.38,1,0,1,,0.3948,total,THA-IDN,THA_2016,IDN_2016,-0.9293759714228106,UNComtrade,215.6388075,5.373604820518094
THA,IDN,2017,8843543504.37,8843543504.37,1,0,1,,0.3926,total,THA-IDN,THA_2017,IDN_2017,-0.9349639971397764,UNComtrade,210.1484475,5.347814173843537
THA,IDN,2018,10068776542.57,10068776542.57,1,0,1,,0.4473,total,THA-IDN,THA_2018,IDN_2018,-0.8045257685433347,UNComtrade,217.4658675,5.382041907179293
THA,IDN,2019,9105176843.717,9105176843.717,1,0,1,,0.4514,total,THA-IDN,THA_2019,IDN_2019,-0.7954014145987017,UNComtrade,221.71129,5.40137603999863
THA,IDN,2020,7628121488.286,7628121488.286,1,0,1,,0.4764,total,THA-IDN,THA_2020,IDN_2020,-0.7414974415009921,UNComtrade,225.81493,5.419715769990285
THA,IDN,2021,8918210032.385,8918210032.385,1,0,1,,0.3862,total,THA-IDN,THA_2021,IDN_2021,-0.951399908987723,UNComtrade,238.9591625,5.476292669131039
THA,IDN,2022,10339863186.364,10339863186.364,1,0,1,,0.3774,total,THA-IDN,THA_2022,IDN_2022,-0.9744496460476872,UNComtrade,252.074275,5.529723786147007
THA,IDN,2023,10092102341.27,10092102341.27,1,0,1,,0.488,total,THA-IDN,THA_2023,IDN_2023,-0.7174398731289899,UNComtrade,264.7608375,5.5788269184879
THA,IDN,2024,9491190458.474,9491190458.474,1,0,1,,0.4085,total,THA-IDN,THA_2024,IDN_2024,-0.8952633646820796,UNComtrade,263.6409275,5.574588054233254
THA,IND,2010,4393575640.0,4393575640.0,1,0,1,,0.4663,total,THA-IND,THA_2010,IND_2010,-0.7629260751678619,UNComtrade,200.1647875,5.29914096479787
THA,IND,2011,5181437924.0,5181437924.0,1,0,1,,0.4473,total,THA-IND,THA_2011,IND_2011,-0.8045257685433347,UNComtrade,201.1163225,5.303883459571342
THA,IND,2012,5481360589.0,5481360589.0,1,0,1,,0.4567,total,THA-IND,THA_2012,IND_2012,-0.7837285587911837,UNComtrade,194.7945225,5.271945272229938
THA,IND,2013,5182285562.0,5182285562.0,1,0,1,,0.4618,total,THA-IND,THA_2013,IND_2013,-0.7726233820617421,UNComtrade,203.12117,5.313802697521622
THA,IND,2014,5614841359.0,5614841359.0,1,0,1,,0.4652,total,THA-IND,THA_2014,IND_2014,-0.7652878583376277,UNComtrade,195.81633,5.277177128048734
THA,IND,2015,5294166409.67,5294166409.67,1,0,1,,0.4769,total,THA-IND,THA_2015,IND_2015,-0.7404484536779584,UNComtrade,207.8234925,5.336689125691818
THA,IND,2016,5155150422.16,5155150422.16,1,0,1,,0.5017,total,THA-IND,THA_2016,IND_2016,-0.6897529474919297,UNComtrade,215.6388075,5.373604820518094
THA,IND,2017,6477298596.31,6477298596.31,1,0,1,,0.4944,total,THA-IND,THA_2017,IND_2017,-0.704410372838656,UNComtrade,210.1484475,5.347814173843537
THA,IND,2018,7600314140.02,7600314140.02,1,0,1,,0.4784,total,THA-IND,THA_2018,IND_2018,-0.737308076345715,UNComtrade,217.4658675,5.382041907179293
THA,IND,2019,7340308375.206,7340308375.206,1,0,1,,0.4974,total,THA-IND,THA_2019,IND_2019,-0.6983607476128327,UNComtrade,221.71129,5.40137603999863
THA,IND,2020,5504059639.172,5504059639.172,1,0,1,,0.4914,total,THA-IND,THA_2020,IND_2020,-0.7104968188950583,UNComtrade,225.81493,5.419715769990285
THA,IND,2021,8588728816.385,8588728816.385,1,0,1,,0.4992,total,THA-IND,THA_2021,IND_2021,-0.6947484619269192,UNComtrade,238.9591625,5.476292669131039
THA,IND,2022,10532905697.026,10532905697.026,1,0,1,,0.5011,total,THA-IND,THA_2022,IND_2022,-0.6909495970164581,UNComtrade,252.074275,5.529723786147007
THA,IND,2023,10115912636.842,10115912636.842,1,0,1,,0.5054,total,THA-IND,THA_2023,IND_2023,-0.6824050840280432,UNComtrade,264.7608375,5.5788269184879
THA,IND,2024,11760809939.328,11760809939.328,1,0,1,,0.543,total,THA-IND,THA_2024,IND_2024,-0.6106459590482015,UNComtrade,263.6409275,5.574588054233254
THA,ITA,2010,1708205927.0,1708205927.0,1,0,1,,0.4776,total,THA-ITA,THA_2010,ITA_2010,-0.7389817169037447,UNComtrade,200.1647875,5.29914096479787
THA,ITA,2011,1865632018.0,1865632018.0,1,0,1,,0.4514,total,THA-ITA,THA_2011,ITA_2011,-0.7954014145987017,UNComtrade,201.1163225,5.303883459571342
THA,ITA,2012,1420417277.0,1420417277.0,1,0,1,,0.4392,total,THA-ITA,THA_2012,ITA_2012,-0.8228003887868163,UNComtrade,194.7945225,5.271945272229938
THA,ITA,2013,1446641489.0,1446641489.0,1,0,1,,0.4486,total,THA-ITA,THA_2013,ITA_2013,-0.8016236568960291,UNComtrade,203.12117,5.313802697521622
THA,ITA,2014,1514139540.0,1514139540.0,1,0,1,,0.463,total,THA-ITA,THA_2014,ITA_2014,-0.770028224895903,UNComtrade,195.81633,5.277177128048734
THA,ITA,2015,1329989296.84,1329989296.84,1,0,1,,0.4676,total,THA-ITA,THA_2015,ITA_2015,-0.7601420493842237,UNComtrade,207.8234925,5.336689125691818
THA,ITA,2016,1549205742.94,1549205742.94,1,0,1,,0.4832,total,THA-ITA,THA_2016,ITA_2016,-0.7273246323615318,UNComtrade,215.6388075,5.373604820518094
THA,ITA,2017,1650216242.6,1650216242.6,1,0,1,,0.479,total,THA-ITA,THA_2017,ITA_2017,-0.7360546815712219,UNComtrade,210.1484475,5.347814173843537
THA,ITA,2018,1689643701.96,1689643701.96,1,0,1,,0.4841,total,THA-ITA,THA_2018,ITA_2018,-0.7254637820364884,UNComtrade,217.4658675,5.382041907179293
THA,ITA,2019,1757731952.084,1757731952.084,1,0,1,,0.5026,total,THA-ITA,THA_2019,ITA_2019,-0.6879606538726452,UNComtrade,221.71129,5.40137603999863
THA,ITA,2020,1427659421.323,1427659421.323,1,0,1,,0.4944,total,THA-ITA,THA_2020,ITA_2020,-0.704410372838656,UNComtrade,225.81493,5.419715769990285
THA,ITA,2021,1850617194.656,1850617194.656,1,0,1,,0.4584,total,THA-ITA,THA_2021,ITA_2021,-0.7800131135816073,UNComtrade,238.9591625,5.476292669131039
THA,ITA,2022,2047578185.034,2047578185.034,1,0,1,,0.4955,total,THA-ITA,THA_2022,ITA_2022,-0.7021879252120944,UNComtrade,252.074275,5.529723786147007
THA,ITA,2023,2098183696.734,2098183696.734,1,0,1,,0.4894,total,THA-ITA,THA_2023,ITA_2023,-0.7145751279735658,UNComtrade,264.7608375,5.5788269184879
THA,ITA,2024,2156253327.29,2156253327.29,1,0,1,,0.577,total,THA-ITA,THA_2024,ITA_2024,-0.5499130124740376,UNComtrade,263.6409275,5.574588054233254
THA,JPN,2010,20415711476.0,20415711476.0,1,0,1,,0.4875,total,THA-JPN,THA_2010,JPN_2010,-0.7184649885442352,UNComtrade,200.1647875,5.29914096479787
THA,JPN,2011,24070267314.0,24070267314.0,1,0,1,,0.4683,total,THA-JPN,THA_2011,JPN_2011,-0.758646162792641,UNComtrade,201.1163225,5.303883459571342
THA,JPN,2012,23495120421.0,23495120421.0,1,0,1,,0.4609,total,THA-JPN,THA_2012,JPN_2012,-0.7745741792556745,UNComtrade,194.7945225,5.271945272229938
THA,JPN,2013,22235591503.0,22235591503.0,1,0,1,,0.4742,total,THA-JPN,THA_2013,JPN_2013,-0.7461261053508319,UNComtrade,203.12117,5.313802697521622
THA,JPN,2014,21820597224.0,21820597224.0,1,0,1,,0.4827,total,THA-JPN,THA_2014,JPN_2014,-0.7283599363156898,UNComtrade,195.81633,5.277177128048734
THA,JPN,2015,20054877985.59,20054877985.59,1,0,1,,0.4956,total,THA-JPN,THA_2015,JPN_2015,-0.7019861292271496,UNComtrade,207.8234925,5.336689125691818
THA,JPN,2016,20481063239.12,20481063239.12,1,0,1,,0.5028,total,THA-JPN,THA_2016,JPN_2016,-0.6875628022660446,UNComtrade,215.6388075,5.373604820518094
THA,JPN,2017,22066512778.92,22066512778.92,1,0,1,,0.5009,total,THA-JPN,THA_2017,JPN_2017,-0.6913487986185659,UNComtrade,210.1484475,5.347814173843537
THA,JPN,2018,24941840231.44,24941840231.44,1,0,1,,0.4882,total,THA-JPN,THA_2018,JPN_2018,-0.7170301210232773,UNComtrade,217.4658675,5.382041907179293
THA,JPN,2019,24523588619.056,24523588619.056,1,0,1,,0.5082,total,THA-JPN,THA_2019,JPN_2019,-0.6768802080960734,UNComtrade,221.71129,5.40137603999863
THA,JPN,2020,22808266194.621,22808266194.621,1,0,1,,0.5143,total,THA-JPN,THA_2020,JPN_2020,-0.6649485262012665,UNComtrade,225.81493,5.419715769990285
THA,JPN,2021,24994787584.048,24994787584.048,1,0,1,,0.5593,total,THA-JPN,THA_2021,JPN_2021,-0.5810692771545948,UNComtrade,238.9591625,5.476292669131039
THA,JPN,2022,24656389100.617,24656389100.617,1,0,1,,0.5035,total,THA-JPN,THA_2022,JPN_2022,-0.6861715668235202,UNComtrade,252.074275,5.529723786147007
THA,JPN,2023,24594124228.99,24594124228.99,1,0,1,,0.5189,total,THA-JPN,THA_2023,JPN_2023,-0.6560440926084431,UNComtrade,264.7608375,5.5788269184879
THA,JPN,2024,23285901767.343,23285901767.343,1,0,1,,0.5286,total,THA-JPN,THA_2024,JPN_2024,-0.6375232768119483,UNComtrade,263.6409275,5.574588054233254
THA,KHM,2010,2342094334.0,2342094334.0,1,0,1,,0.2504,total,THA-KHM,THA_2010,KHM_2010,-1.3846956397561936,UNComtrade,200.1647875,5.29914096479787
THA,KHM,2011,2905395163.0,2905395163.0,1,0,1,,0.2602,total,THA-KHM,THA_2011,KHM_2011,-1.3463047129037322,UNComtrade,201.1163225,5.303883459571342
THA,KHM,2012,3782188774.0,3782188774.0,1,0,1,,0.2579,total,THA-KHM,THA_2012,KHM_2012,-1.3551833660948378,UNComtrade,194.7945225,5.271945272229938
THA,KHM,2013,4256280222.0,4256280222.0,1,0,1,,0.2602,total,THA-KHM,THA_2013,KHM_2013,-1.3463047129037322,UNComtrade,203.12117,5.313802697521622
THA,KHM,2014,4525477168.0,4525477168.0,1,0,1,,0.2647,total,THA-KHM,THA_2014,KHM_2014,-1.3291581697490815,UNComtrade,195.81633,5.277177128048734
THA,KHM,2015,4958478633.92,4958478633.92,1,0,1,,0.275,total,THA-KHM,THA_2015,KHM_2015,-1.2909841813155656,UNComtrade,207.8234925,5.336689125691818
THA,KHM,2016,4671850209.13,4671850209.13,1,0,1,,0.292,total,THA-KHM,THA_2016,KHM_2016,-1.2310014767138553,UNComtrade,215.6388075,5.373604820518094
THA,KHM,2017,5294418927.08,5294418927.08,1,0,1,,0.2888,total,THA-KHM,THA_2017,KHM_2017,-1.2420208719634658,UNComtrade,210.1484475,5.347814173843537
THA,KHM,2018,7621027442.78,7621027442.78,1,0,1,,0.2795,total,THA-KHM,THA_2018,KHM_2018,-1.274752986386983,UNComtrade,217.4658675,5.382041907179293
THA,KHM,2019,7146030562.928,7146030562.928,1,0,1,,0.2849,total,THA-KHM,THA_2019,KHM_2019,-1.2556170374782745,UNComtrade,221.71129,5.40137603999863
THA,KHM,2020,6084023341.344,6084023341.344,1,0,1,,0.2831,total,THA-KHM,THA_2020,KHM_2020,-1.261955086864283,UNComtrade,225.81493,5.419715769990285
THA,KHM,2021,7077241714.47,7077241714.47,1,0,1,,0.2889,total,THA-KHM,THA_2021,KHM_2021,-1.2416746715099476,UNComtrade,238.9591625,5.476292669131039
THA,KHM,2022,8664488003.246,8664488003.246,1,0,1,,0.2821,total,THA-KHM,THA_2022,KHM_2022,-1.2654936609741865,UNComtrade,252.074275,5.529723786147007
THA,KHM,2023,6445149426.871,6445149426.871,1,0,1,,0.2831,total,THA-KHM,THA_2023,KHM_2023,-1.261955086864283,UNComtrade,264.7608375,5.5788269184879
THA,KHM,2024,9253599809.921,9253599809.921,1,0,1,,0.2931,total,THA-KHM,THA_2024,KHM_2024,-1.2272414312652902,UNComtrade,263.6409275,5.574588054233254
THA,KOR,2010,3609893742.0,3609893742.0,1,0,1,,0.5028,total,THA-KOR,THA_2010,KOR_2010,-0.6875628022660446,UNComtrade,200.1647875,5.29914096479787
THA,KOR,2011,4577340523.0,4577340523.0,1,0,1,,0.4818,total,THA-KOR,THA_2011,KOR_2011,-0.730226188801366,UNComtrade,201.1163225,5.303883459571342
THA,KOR,2012,4781108894.0,4781108894.0,1,0,1,,0.4735,total,THA-KOR,THA_2012,KOR_2012,-0.7476033663560042,UNComtrade,194.7945225,5.271945272229938
THA,KOR,2013,4589544704.0,4589544704.0,1,0,1,,0.485,total,THA-KOR,THA_2013,KOR_2013,-0.7236063880446539,UNComtrade,203.12117,5.313802697521622
THA,KOR,2014,4520090413.0,4520090413.0,1,0,1,,0.4953,total,THA-KOR,THA_2014,KOR_2014,-0.702591639387945,UNComtrade,195.81633,5.277177128048734
THA,KOR,2015,4103918131.48,4103918131.48,1,0,1,,0.507,total,THA-KOR,THA_2015,KOR_2015,-0.6792442753909539,UNComtrade,207.8234925,5.336689125691818
THA,KOR,2016,4074026923.4,4074026923.4,1,0,1,,0.5218,total,THA-KOR,THA_2016,KOR_2016,-0.6504709062795089,UNComtrade,215.6388075,5.373604820518094
THA,KOR,2017,4660296538.67,4660296538.67,1,0,1,,0.5129,total,THA-KOR,THA_2017,KOR_2017,-0.6676743845869142,UNComtrade,210.1484475,5.347814173843537
THA,KOR,2018,4888850923.38,4888850923.38,1,0,1,,0.5103,total,THA-KOR,THA_2018,KOR_2018,-0.6727564909122113,UNComtrade,217.4658675,5.382041907179293
THA,KOR,2019,4726815232.289,4726815232.289,1,0,1,,0.5419,total,THA-KOR,THA_2019,KOR_2019,-0.6126737964100685,UNComtrade,221.71129,5.40137603999863
THA,KOR,2020,4247972275.108,4247972275.108,1,0,1,,0.5409,total,THA-KOR,THA_2020,KOR_2020,-0.6145208601047557,UNComtrade,225.81493,5.419715769990285
THA,KOR,2021,5894459217.143,5894459217.143,1,0,1,,0.587,total,THA-KOR,THA_2021,KOR_2021,-0.5327304591540407,UNComtrade,238.9591625,5.476292669131039
THA,KOR,2022,6405272791.92,6405272791.92,1,0,1,,0.6147,total,THA-KOR,THA_2022,KOR_2022,-0.4866209350691732,UNComtrade,252.074275,5.529723786147007
THA,KOR,2023,6073058405.756,6073058405.756,1,0,1,,0.6275,total,THA-KOR,THA_2023,KOR_2023,-0.4660116079761981,UNComtrade,264.7608375,5.5788269184879
THA,KOR,2024,5956752112.013,5956752112.013,1,0,1,,0.633,total,THA-KOR,THA_2024,KOR_2024,-0.4572848568379608,UNComtrade,263.6409275,5.574588054233254
THA,LAO,2010,2135935339.0,2135935339.0,1,0,1,,,total,THA-LAO,THA_2010,LAO_2010,,UNComtrade,200.1647875,5.29914096479787
THA,LAO,2011,2789524184.0,2789524184.0,1,0,1,,,total,THA-LAO,THA_2011,LAO_2011,,UNComtrade,201.1163225,5.303883459571342
THA,LAO,2012,3609793054.0,3609793054.0,1,0,1,,,total,THA-LAO,THA_2012,LAO_2012,,UNComtrade,194.7945225,5.271945272229938
THA,LAO,2013,3758453664.0,3758453664.0,1,0,1,,,total,THA-LAO,THA_2013,LAO_2013,,UNComtrade,203.12117,5.313802697521622
THA,LAO,2014,4032553614.0,4032553614.0,1,0,1,,,total,THA-LAO,THA_2014,LAO_2014,,UNComtrade,195.81633,5.277177128048734
THA,LAO,2015,4236710484.93,4236710484.93,1,0,1,,,total,THA-LAO,THA_2015,LAO_2015,,UNComtrade,207.8234925,5.336689125691818
THA,LAO,2016,3994767672.34,3994767672.34,1,0,1,,,total,THA-LAO,THA_2016,LAO_2016,,UNComtrade,215.6388075,5.373604820518094
THA,LAO,2017,3949778824.27,3949778824.27,1,0,1,,,total,THA-LAO,THA_2017,LAO_2017,,UNComtrade,210.1484475,5.347814173843537
THA,LAO,2018,4125034871.37,4125034871.37,1,0,1,,,total,THA-LAO,THA_2018,LAO_2018,,UNComtrade,217.4658675,5.382041907179293
THA,LAO,2019,3847172273.02,3847172273.02,1,0,1,,,total,THA-LAO,THA_2019,LAO_2019,,UNComtrade,221.71129,5.40137603999863
THA,LAO,2020,3359478458.86,3359478458.86,1,0,1,,,total,THA-LAO,THA_2020,LAO_2020,,UNComtrade,225.81493,5.419715769990285
THA,LAO,2021,4000967607.128,4000967607.128,1,0,1,,,total,THA-LAO,THA_2021,LAO_2021,,UNComtrade,238.9591625,5.476292669131039
THA,LAO,2022,4538879574.602,4538879574.602,1,0,1,,,total,THA-LAO,THA_2022,LAO_2022,,UNComtrade,252.074275,5.529723786147007
THA,LAO,2023,4644103099.87,4644103099.87,1,0,1,,,total,THA-LAO,THA_2023,LAO_2023,,UNComtrade,264.7608375,5.5788269184879
THA,LAO,2024,4924852508.613,4924852508.613,1,0,1,,,total,THA-LAO,THA_2024,LAO_2024,,UNComtrade,263.6409275,5.574588054233254
THA,MMR,2010,2072955025.0,2072955025.0,1,0,1,,0.1745,total,THA-MMR,THA_2010,MMR_2010,-1.7458305373396552,UNComtrade,200.1647875,5.29914096479787
THA,MMR,2011,2845829774.0,2845829774.0,1,0,1,,0.1662,total,THA-MMR,THA_2011,MMR_2011,-1.7945633965607892,UNComtrade,201.1163225,5.303883459571342
THA,MMR,2012,3127140680.0,3127140680.0,1,0,1,,0.1871,total,THA-MMR,THA_2012,MMR_2012,-1.6761120457020933,UNComtrade,194.7945225,5.271945272229938
THA,MMR,2013,3788633160.0,3788633160.0,1,0,1,,0.202,total,THA-MMR,THA_2013,MMR_2013,-1.5994875815809322,UNComtrade,203.12117,5.313802697521622
THA,MMR,2014,4239105625.0,4239105625.0,1,0,1,,0.2008,total,THA-MMR,THA_2014,MMR_2014,-1.6054458911645628,UNComtrade,195.81633,5.277177128048734
THA,MMR,2015,4171791497.3,4171791497.3,1,0,1,,0.2197,total,THA-MMR,THA_2015,MMR_2015,-1.5154922995915725,UNComtrade,207.8234925,5.336689125691818
THA,MMR,2016,4178177360.46,4178177360.46,1,0,1,,0.3028,total,THA-MMR,THA_2016,MMR_2016,-1.1946827574188432,UNComtrade,215.6388075,5.373604820518094
THA,MMR,2017,4310751372.04,4310751372.04,1,0,1,,0.2981,total,THA-MMR,THA_2017,MMR_2017,-1.2103262782981117,UNComtrade,210.1484475,5.347814173843537
THA,MMR,2018,4618232743.51,4618232743.51,1,0,1,,0.3044,total,THA-MMR,THA_2018,MMR_2018,-1.1894126529946063,UNComtrade,217.4658675,5.382041907179293
THA,MMR,2019,4362937736.712,4362937736.712,1,0,1,,0.28,total,THA-MMR,THA_2019,MMR_2019,-1.272965675812887,UNComtrade,221.71129,5.40137603999863
THA,MMR,2020,3798759574.941,3798759574.941,1,0,1,,0.2924,total,THA-MMR,THA_2020,MMR_2020,-1.2296325511065136,UNComtrade,225.81493,5.419715769990285
THA,MMR,2021,4319702392.45,4319702392.45,1,0,1,,0.2923,total,THA-MMR,THA_2021,MMR_2021,-1.2299746068649369,UNComtrade,238.9591625,5.476292669131039
THA,MMR,2022,4700336010.208,4700336010.208,1,0,1,,0.2111,total,THA-MMR,THA_2022,MMR_2022,-1.555423324127862,UNComtrade,252.074275,5.529723786147007
THA,MMR,2023,4411458167.115,4411458167.115,1,0,1,,0.2221,total,THA-MMR,THA_2023,MMR_2023,-1.5046275480817553,UNComtrade,264.7608375,5.5788269184879
THA,MMR,2024,4182644895.503,4182644895.503,1,0,1,,0.2338,total,THA-MMR,THA_2024,MMR_2024,-1.4532892299441689,UNComtrade,263.6409275,5.574588054233254
THA,MYS,2010,10566683604.0,10566683604.0,1,0,1,,0.5097,total,THA-MYS,THA_2010,MYS_2010,-0.6739329616361409,UNComtrade,200.1647875,5.29914096479787
THA,MYS,2011,12398740116.0,12398740116.0,1,0,1,,0.4846,total,THA-MYS,THA_2011,MYS_2011,-0.7244314705997117,UNComtrade,201.1163225,5.303883459571342
THA,MYS,2012,12427648207.0,12427648207.0,1,0,1,,0.486,total,THA-MYS,THA_2012,MYS_2012,-0.7215466550816433,UNComtrade,194.7945225,5.271945272229938
THA,MYS,2013,13014892713.0,13014892713.0,1,0,1,,0.4935,total,THA-MYS,THA_2013,MYS_2013,-0.7062324201086008,UNComtrade,203.12117,5.313802697521622
THA,MYS,2014,12764450064.0,12764450064.0,1,0,1,,0.5044,total,THA-MYS,THA_2014,MYS_2014,-0.6843856748913726,UNComtrade,195.81633,5.277177128048734
THA,MYS,2015,10189111680.15,10189111680.15,1,0,1,,0.5141,total,THA-MYS,THA_2015,MYS_2015,-0.665337479920678,UNComtrade,207.8234925,5.336689125691818
THA,MYS,2016,9627281360.04,9627281360.04,1,0,1,,0.5288,total,THA-MYS,THA_2016,MYS_2016,-0.6371449904446604,UNComtrade,215.6388075,5.373604820518094
THA,MYS,2017,10343282224.99,10343282224.99,1,0,1,,0.5162,total,THA-MYS,THA_2017,MYS_2017,-0.6612609916976235,UNComtrade,210.1484475,5.347814173843537
THA,MYS,2018,11626646524.21,11626646524.21,1,0,1,,0.5147,total,THA-MYS,THA_2018,MYS_2018,-0.6641710723234281,UNComtrade,217.4658675,5.382041907179293
THA,MYS,2019,10359565081.913,10359565081.913,1,0,1,,0.5409,total,THA-MYS,THA_2019,MYS_2019,-0.6145208601047557,UNComtrade,221.71129,5.40137603999863
THA,MYS,2020,8734431508.521,8734431508.521,1,0,1,,0.5339,total,THA-MYS,THA_2020,MYS_2020,-0.6275467234759964,UNComtrade,225.81493,5.419715769990285
THA,MYS,2021,12076049588.64,12076049588.64,1,0,1,,0.5846,total,THA-MYS,THA_2021,MYS_2021,-0.5368274263049915,UNComtrade,238.9591625,5.476292669131039
THA,MYS,2022,12672147738.23,12672147738.23,1,0,1,,0.6078,total,THA-MYS,THA_2022,MYS_2022,-0.4979093984994443,UNComtrade,252.074275,5.529723786147007
THA,MYS,2023,11965144908.165,11965144908.165,1,0,1,,0.6094,total,THA-MYS,THA_2023,MYS_2023,-0.4952804124305283,UNComtrade,264.7608375,5.5788269184879
THA,MYS,2024,12323254151.494,12323254151.494,1,0,1,,0.6285,total,THA-MYS,THA_2024,MYS_2024,-0.464419250951835,UNComtrade,263.6409275,5.574588054233254
THA,NLD,2010,3643859681.0,3643859681.0,1,0,1,,0.4908,total,THA-NLD,THA_2010,NLD_2010,-0.7117185661453806,UNComtrade,200.1647875,5.29914096479787
THA,NLD,2011,4562648925.0,4562648925.0,1,0,1,,0.3979,total,THA-NLD,THA_2011,NLD_2011,-0.9215545615492542,UNComtrade,201.1163225,5.303883459571342
THA,NLD,2012,4175986120.0,4175986120.0,1,0,1,,0.3784,total,THA-NLD,THA_2012,NLD_2012,-0.9718034418044138,UNComtrade,194.7945225,5.271945272229938
THA,NLD,2013,4432195887.0,4432195887.0,1,0,1,,0.3878,total,THA-NLD,THA_2013,NLD_2013,-0.9472655361735856,UNComtrade,203.12117,5.313802697521622
THA,NLD,2014,4610521313.0,4610521313.0,1,0,1,,0.3998,total,THA-NLD,THA_2014,NLD_2014,-0.9167908569158374,UNComtrade,195.81633,5.277177128048734
THA,NLD,2015,4270977646.85,4270977646.85,1,0,1,,0.397,total,THA-NLD,THA_2015,NLD_2015,-0.9238189982949466,UNComtrade,207.8234925,5.336689125691818
THA,NLD,2016,4224993773.9,4224993773.9,1,0,1,,0.4146,total,THA-NLD,THA_2016,NLD_2016,-0.8804410789804578,UNComtrade,215.6388075,5.373604820518094
THA,NLD,2017,4766730758.32,4766730758.32,1,0,1,,0.4124,total,THA-NLD,THA_2017,NLD_2017,-0.8857615268393322,UNComtrade,210.1484475,5.347814173843537
THA,NLD,2018,5205341725.34,5205341725.34,1,0,1,,0.4894,total,THA-NLD,THA_2018,NLD_2018,-0.7145751279735658,UNComtrade,217.4658675,5.382041907179293
THA,NLD,2019,4734331925.644,4734331925.644,1,0,1,,0.5071,total,THA-NLD,THA_2019,NLD_2019,-0.6790470561811637,UNComtrade,221.71129,5.40137603999863
THA,NLD,2020,4322008548.291,4322008548.291,1,0,1,,0.5034,total,THA-NLD,THA_2020,NLD_2020,-0.6863701962809217,UNComtrade,225.81493,5.419715769990285
THA,NLD,2021,5332611894.384,5332611894.384,1,0,1,,0.5404,total,THA-NLD,THA_2021,NLD_2021,-0.6154456728960933,UNComtrade,238.9591625,5.476292669131039
THA,NLD,2022,5717425631.262,5717425631.262,1,0,1,,0.5717,total,THA-NLD,THA_2022,NLD_2022,-0.5591409007122115,UNComtrade,252.074275,5.529723786147007
THA,NLD,2023,5842645908.944,5842645908.944,1,0,1,,0.5654,total,THA-NLD,THA_2023,NLD_2023,-0.570221833722647,UNComtrade,264.7608375,5.5788269184879
THA,NLD,2024,6427065250.189,6427065250.189,1,0,1,,0.5828,total,THA-NLD,THA_2024,NLD_2024,-0.5399112046610873,UNComtrade,263.6409275,5.574588054233254
THA,PHL,2010,4886139321.0,4886139321.0,1,0,1,,0.3332,total,THA-PHL,THA_2010,PHL_2010,-1.0990123686894495,UNComtrade,200.1647875,5.29914096479787
THA,PHL,2011,4640865879.0,4640865879.0,1,0,1,,0.3493,total,THA-PHL,THA_2011,PHL_2011,-1.0518241271693507,UNComtrade,201.1163225,5.303883459571342
THA,PHL,2012,4861618167.0,4861618167.0,1,0,1,,0.3363,total,THA-PHL,THA_2012,PHL_2012,-1.0897516602359132,UNComtrade,194.7945225,5.271945272229938
THA,PHL,2013,5042021832.0,5042021832.0,1,0,1,,0.3518,total,THA-PHL,THA_2013,PHL_2013,-1.044692446678679,UNComtrade,203.12117,5.313802697521622
THA,PHL,2014,5868067924.0,5868067924.0,1,0,1,,0.3635,total,THA-PHL,THA_2014,PHL_2014,-1.011975982008563,UNComtrade,195.81633,5.277177128048734
THA,PHL,2015,5991650747.0,5991650747.0,1,0,1,,0.3435,total,THA-PHL,THA_2015,PHL_2015,-1.068568167319733,UNComtrade,207.8234925,5.336689125691818
THA,PHL,2016,6396339906.02,6396339906.02,1,0,1,,0.3711,total,THA-PHL,THA_2016,PHL_2016,-0.9912837109155852,UNComtrade,215.6388075,5.373604820518094
THA,PHL,2017,6946397706.92,6946397706.92,1,0,1,,0.3704,total,THA-PHL,THA_2017,PHL_2017,-0.9931717762101128,UNComtrade,210.1484475,5.347814173843537
THA,PHL,2018,7897665329.39,7897665329.39,1,0,1,,0.3859,total,THA-PHL,THA_2018,PHL_2018,-0.952177010438564,UNComtrade,217.4658675,5.382041907179293
THA,PHL,2019,6916590678.69,6916590678.69,1,0,1,,0.3881,total,THA-PHL,THA_2019,PHL_2019,-0.9464922406072764,UNComtrade,221.71129,5.40137603999863
THA,PHL,2020,5055996302.899,5055996302.899,1,0,1,,0.3539,total,THA-PHL,THA_2020,PHL_2020,-1.0387408916307197,UNComtrade,225.81493,5.419715769990285
THA,PHL,2021,7075461845.547,7075461845.547,1,0,1,,0.3392,total,THA-PHL,THA_2021,PHL_2021,-1.081165375064389,UNComtrade,238.9591625,5.476292669131039
THA,PHL,2022,7440898930.395,7440898930.395,1,0,1,,0.3402,total,THA-PHL,THA_2022,PHL_2022,-1.0782215990203756,UNComtrade,252.074275,5.529723786147007
THA,PHL,2023,7982177726.168,7982177726.168,1,0,1,,0.376,total,THA-PHL,THA_2023,PHL_2023,-0.9781661355922424,UNComtrade,264.7608375,5.5788269184879
THA,PHL,2024,7780796167.882,7780796167.882,1,0,1,,0.3904,total,THA-PHL,THA_2024,PHL_2024,-0.9405834244431996,UNComtrade,263.6409275,5.574588054233254
THA,SGP,2010,9009455317.0,9009455317.0,1,0,1,,0.5177,total,THA-SGP,THA_2010,SGP_2010,-0.6583593550742813,UNComtrade,200.1647875,5.29914096479787
THA,SGP,2011,11450085836.0,11450085836.0,1,0,1,,0.4894,total,THA-SGP,THA_2011,SGP_2011,-0.7145751279735658,UNComtrade,201.1163225,5.303883459571342
THA,SGP,2012,10835965438.0,10835965438.0,1,0,1,,0.485,total,THA-SGP,THA_2012,SGP_2012,-0.7236063880446539,UNComtrade,194.7945225,5.271945272229938
THA,SGP,2013,11236345019.0,11236345019.0,1,0,1,,0.4952,total,THA-SGP,THA_2013,SGP_2013,-0.7027935576117508,UNComtrade,203.12117,5.313802697521622
THA,SGP,2014,10454678824.0,10454678824.0,1,0,1,,0.5061,total,THA-SGP,THA_2014,SGP_2014,-0.6810210007621047,UNComtrade,195.81633,5.277177128048734
THA,SGP,2015,8756042628.63,8756042628.63,1,0,1,,0.5154,total,THA-SGP,THA_2015,SGP_2015,-0.6628119807638724,UNComtrade,207.8234925,5.336689125691818
THA,SGP,2016,8226463326.6,8226463326.6,1,0,1,,0.5332,total,THA-SGP,THA_2016,SGP_2016,-0.6288586906775835,UNComtrade,215.6388075,5.373604820518094
THA,SGP,2017,8288431405.41,8288431405.41,1,0,1,,0.5266,total,THA-SGP,THA_2017,SGP_2017,-0.6413140319199281,UNComtrade,210.1484475,5.347814173843537
THA,SGP,2018,9416334156.08,9416334156.08,1,0,1,,0.5257,total,THA-SGP,THA_2018,SGP_2018,-0.6430245711567348,UNComtrade,217.4658675,5.382041907179293
THA,SGP,2019,8872681579.763,8872681579.763,1,0,1,,0.5542,total,THA-SGP,THA_2019,SGP_2019,-0.5902296465532589,UNComtrade,221.71129,5.40137603999863
THA,SGP,2020,9512291857.432,9512291857.432,1,0,1,,0.5446,total,THA-SGP,THA_2020,SGP_2020,-0.6077036987424779,UNComtrade,225.81493,5.419715769990285
THA,SGP,2021,9059038833.774,9059038833.774,1,0,1,,0.5966,total,THA-SGP,THA_2021,SGP_2021,-0.5165084069014889,UNComtrade,238.9591625,5.476292669131039
THA,SGP,2022,10279791283.027,10279791283.027,1,0,1,,0.6185,total,THA-SGP,THA_2022,SGP_2022,-0.4804580871495943,UNComtrade,252.074275,5.529723786147007
THA,SGP,2023,10240028034.305,10240028034.305,1,0,1,,0.6211,total,THA-SGP,THA_2023,SGP_2023,-0.4762631794168798,UNComtrade,264.7608375,5.5788269184879
THA,SGP,2024,10365227724.399,10365227724.399,1,0,1,,0.6354,total,THA-SGP,THA_2024,SGP_2024,-0.4535005571467213,UNComtrade,263.6409275,5.574588054233254
THA,TWN,2010,3230726066.0,3230726066.0,1,0,1,,0.5028,total,THA-TWN,THA_2010,TWN_2010,-0.6875628022660446,UNComtrade,200.1647875,5.29914096479787
THA,TWN,2011,3871388788.0,3871388788.0,1,0,1,,0.4757,total,THA-TWN,THA_2011,TWN_2011,-0.7429678755439012,UNComtrade,201.1163225,5.303883459571342
THA,TWN,2012,3420116628.0,3420116628.0,1,0,1,,0.4718,total,THA-TWN,THA_2012,TWN_2012,-0.7512001120085624,UNComtrade,194.7945225,5.271945272229938
THA,TWN,2013,3371018846.0,3371018846.0,1,0,1,,0.4805,total,THA-TWN,THA_2013,TWN_2013,-0.7329280505717899,UNComtrade,203.12117,5.313802697521622
THA,TWN,2014,4012842760.0,4012842760.0,1,0,1,,0.4864,total,THA-TWN,THA_2014,TWN_2014,-0.7207239483301798,UNComtrade,195.81633,5.277177128048734
THA,TWN,2015,3532676757.44,3532676757.44,1,0,1,,0.4975,total,THA-TWN,THA_2015,TWN_2015,-0.6981597223834896,UNComtrade,207.8234925,5.336689125691818
THA,TWN,2016,3374169949.34,3374169949.34,1,0,1,,0.5033,total,THA-TWN,THA_2016,TWN_2016,-0.6865688651998229,UNComtrade,215.6388075,5.373604820518094
THA,TWN,2017,4014282869.42,4014282869.42,1,0,1,,0.5002,total,THA-TWN,THA_2017,TWN_2017,-0.6927472605386185,UNComtrade,210.1484475,5.347814173843537
THA,TWN,2018,3961894809.93,3961894809.93,1,0,1,,0.4951,total,THA-TWN,THA_2018,TWN_2018,-0.7029955166147597,UNComtrade,217.4658675,5.382041907179293
THA,TWN,2019,4014297398.092,4014297398.092,1,0,1,,0.527,total,THA-TWN,THA_2019,TWN_2019,-0.6405547304407747,UNComtrade,221.71129,5.40137603999863
THA,TWN,2020,3796080279.712,3796080279.712,1,0,1,,0.5291,total,THA-TWN,THA_2020,TWN_2020,-0.636577829072051,UNComtrade,225.81493,5.419715769990285
THA,TWN,2021,4672512407.525,4672512407.525,1,0,1,,0.5835,total,THA-TWN,THA_2021,TWN_2021,-0.5387108272555263,UNComtrade,238.9591625,5.476292669131039
THA,TWN,2022,4718860731.097,4718860731.097,1,0,1,,0.6047,total,THA-TWN,THA_2022,TWN_2022,-0.5030228117029698,UNComtrade,252.074275,5.529723786147007
THA,TWN,2023,4813951151.028,4813951151.028,1,0,1,,0.6029,total,THA-TWN,THA_2023,TWN_2023,-0.5060039334867772,UNComtrade,264.7608375,5.5788269184879
THA,TWN,2024,4758873009.768,4758873009.768,1,0,1,,0.6152,total,THA-TWN,THA_2024,TWN_2024,-0.4858078607907029,UNComtrade,263.6409275,5.574588054233254
THA,USA,2010,20230501291.0,20230501291.0,1,0,1,,0.505,total,THA-USA,THA_2010,USA_2010,-0.6831968497067772,UNComtrade,200.1647875,5.29914096479787
THA,USA,2011,21893128184.0,21893128184.0,1,0,1,,0.4803,total,THA-USA,THA_2011,USA_2011,-0.7333443703113584,UNComtrade,201.1163225,5.303883459571342
THA,USA,2012,22816643177.0,22816643177.0,1,0,1,,0.4723,total,THA-USA,THA_2012,USA_2012,-0.7501409020800657,UNComtrade,194.7945225,5.271945272229938
THA,USA,2013,23017138212.0,23017138212.0,1,0,1,,0.4756,total,THA-USA,THA_2013,USA_2013,-0.7431781141655103,UNComtrade,203.12117,5.313802697521622
THA,USA,2014,23967866559.0,23967866559.0,1,0,1,,0.5017,total,THA-USA,THA_2014,USA_2014,-0.6897529474919297,UNComtrade,195.81633,5.277177128048734
THA,USA,2015,24092851710.61,24092851710.61,1,0,1,,0.4985,total,THA-USA,THA_2015,USA_2015,-0.696151689580244,UNComtrade,207.8234925,5.336689125691818
THA,USA,2016,24561053357.66,24561053357.66,1,0,1,,0.5095,total,THA-USA,THA_2016,USA_2016,-0.6743254263193577,UNComtrade,215.6388075,5.373604820518094
THA,USA,2017,26634081365.99,26634081365.99,1,0,1,,0.4945,total,THA-USA,THA_2017,USA_2017,-0.7042081279193703,UNComtrade,210.1484475,5.347814173843537
THA,USA,2018,28122691567.55,28122691567.55,1,0,1,,0.5021,total,THA-USA,THA_2018,USA_2018,-0.6889559759414773,UNComtrade,217.4658675,5.382041907179293
THA,USA,2019,31424217061.939,31424217061.939,1,0,1,,0.5191,total,THA-USA,THA_2019,USA_2019,-0.6556587361489536,UNComtrade,221.71129,5.40137603999863
THA,USA,2020,34466062064.823,34466062064.823,1,0,1,,0.5178,total,THA-USA,THA_2020,USA_2020,-0.6581662116646997,UNComtrade,225.81493,5.419715769990285
THA,USA,2021,42024484127.719,42024484127.719,1,0,1,,0.556,total,THA-USA,THA_2021,USA_2021,-0.5869869847315546,UNComtrade,238.9591625,5.476292669131039
THA,USA,2022,47642137632.351,47642137632.351,1,0,1,,0.5738,total,THA-USA,THA_2022,USA_2022,-0.5554743754348727,UNComtrade,252.074275,5.529723786147007
THA,USA,2023,48475414120.932,48475414120.932,1,0,1,,0.5305,total,THA-USA,THA_2023,USA_2023,-0.6339353209280992,UNComtrade,264.7608375,5.5788269184879
THA,USA,2024,55080484495.44,55080484495.44,1,0,1,,0.5493,total,THA-USA,THA_2024,USA_2024,-0.5991105386335623,UNComtrade,263.6409275,5.574588054233254
THA,VNM,2010,5845454102.0,5845454102.0,1,0,1,,0.4271,total,THA-VNM,THA_2010,VNM_2010,-0.8507371011347162,UNComtrade,200.1647875,5.29914096479787
THA,VNM,2011,7059187341.0,7059187341.0,1,0,1,,0.4481,total,THA-VNM,THA_2011,VNM_2011,-0.8027388571900397,UNComtrade,201.1163225,5.303883459571342
THA,VNM,2012,6687798712.0,6687798712.0,1,0,1,,0.4321,total,THA-VNM,THA_2012,VNM_2012,-0.8390982360442496,UNComtrade,194.7945225,5.271945272229938
THA,VNM,2013,7182184544.0,7182184544.0,1,0,1,,0.4464,total,THA-VNM,THA_2013,VNM_2013,-0.8065398679150358,UNComtrade,203.12117,5.313802697521622
THA,VNM,2014,7888498185.0,7888498185.0,1,0,1,,0.4385,total,THA-VNM,THA_2014,VNM_2014,-0.8243954671698993,UNComtrade,195.81633,5.277177128048734
THA,VNM,2015,8906274883.45,8906274883.45,1,0,1,,0.4586,total,THA-VNM,THA_2015,VNM_2015,-0.779576908558333,UNComtrade,207.8234925,5.336689125691818
THA,VNM,2016,9427230121.51,9427230121.51,1,0,1,,0.4811,total,THA-VNM,THA_2016,VNM_2016,-0.731680130276729,UNComtrade,215.6388075,5.373604820518094
THA,VNM,2017,11585536438.43,11585536438.43,1,0,1,,0.4707,total,THA-VNM,THA_2017,VNM_2017,-0.7535343305750405,UNComtrade,210.1484475,5.347814173843537
THA,VNM,2018,12958151627.36,12958151627.36,1,0,1,,0.4701,total,THA-VNM,THA_2018,VNM_2018,-0.7548098409520522,UNComtrade,217.4658675,5.382041907179293
THA,VNM,2019,12114922327.024,12114922327.024,1,0,1,,0.4947,total,THA-VNM,THA_2019,VNM_2019,-0.7038037607484742,UNComtrade,221.71129,5.40137603999863
THA,VNM,2020,11167112187.163,11167112187.163,1,0,1,,0.4941,total,THA-VNM,THA_2020,VNM_2020,-0.7050173531304328,UNComtrade,225.81493,5.419715769990285
THA,VNM,2021,12539758934.554,12539758934.554,1,0,1,,0.5462,total,THA-VNM,THA_2021,VNM_2021,-0.6047700699425324,UNComtrade,238.9591625,5.476292669131039
THA,VNM,2022,13257957082.568,13257957082.568,1,0,1,,0.5591,total,THA-VNM,THA_2022,VNM_2022,-0.5814269309495373,UNComtrade,252.074275,5.529723786147007
THA,VNM,2023,11217485530.873,11217485530.873,1,0,1,,0.5713,total,THA-VNM,THA_2023,VNM_2023,-0.5598408132517202,UNComtrade,264.7608375,5.5788269184879
THA,VNM,2024,11782498526.761,11782498526.761,1,0,1,,0.5956,total,THA-VNM,THA_2024,VNM_2024,-0.5181859781722831,UNComtrade,263.6409275,5.574588054233254
VNM,ARE,2010,508284689.0,508284689.0,1,0,1,,0.434,total,VNM-ARE,VNM_2010,ARE_2010,-0.8347107448817322,UNComtrade,210.217665,5.348143493922238
VNM,ARE,2011,921974816.0,921974816.0,1,0,1,,0.4996,total,VNM-ARE,VNM_2011,ARE_2011,-0.6939475007307144,UNComtrade,242.391935,5.490555982189507
VNM,ARE,2012,2078323115.0,2078323115.0,1,0,1,,0.4885,total,VNM-ARE,VNM_2012,ARE_2012,-0.7164158074992997,UNComtrade,217.8999425,5.384035978068025
VNM,ARE,2013,4138413190.0,4138413190.0,1,0,1,,0.4648,total,VNM-ARE,VNM_2013,ARE_2013,-0.7661480734444356,UNComtrade,214.92289,5.370279312634162
VNM,ARE,2014,4626998924.0,4626998924.0,1,0,1,,0.3832,total,VNM-ARE,VNM_2014,ARE_2014,-0.9591982328854316,UNComtrade,215.43195,5.3726450824134835
VNM,ARE,2015,5690916060.0,5690916060.0,1,0,1,,0.385,total,VNM-ARE,VNM_2015,ARE_2015,-0.9545119446943529,UNComtrade,250.984195,5.525389969021718
VNM,ARE,2016,4999552550.55,4999552550.55,1,0,1,,0.5228,total,VNM-ARE,VNM_2016,ARE_2016,-0.6485562972320701,UNComtrade,280.8052925,5.637661519908509
VNM,ARE,2017,5026907572.5,5026907572.5,1,0,1,,0.5004,total,VNM-ARE,VNM_2017,ARE_2017,-0.6923475003893811,UNComtrade,285.5574275,5.65444315597903
VNM,ARE,2018,5225283374.16,5225283374.16,1,0,1,,0.5025,total,VNM-ARE,VNM_2018,ARE_2018,-0.6881596390489063,UNComtrade,307.7880675,5.729411453596787
VNM,ARE,2019,4785303281.67,4785303281.67,1,0,1,,0.5199,total,VNM-ARE,VNM_2019,ARE_2019,-0.6541187935924669,UNComtrade,314.1361975,5.749826641865915
VNM,ARE,2020,3916799528.971,3916799528.971,1,0,1,,0.49,total,VNM-ARE,VNM_2020,ARE_2020,-0.7133498878774648,UNComtrade,330.0726525,5.799312789319979
VNM,ARE,2021,4692459910.856,4692459910.856,1,0,1,,0.559,total,VNM-ARE,VNM_2021,ARE_2021,-0.5816058058270378,UNComtrade,350.73449,5.860029498475279
VNM,ARE,2022,3847499898.114,3847499898.114,1,0,1,,0.5443,total,VNM-ARE,VNM_2022,ARE_2022,-0.6082547135419827,UNComtrade,382.5086475,5.946751260854175
VNM,ARE,2023,4008707387.332,4008707387.332,1,0,1,,0.5713,total,VNM-ARE,VNM_2023,ARE_2023,-0.5598408132517202,UNComtrade,406.170605,6.006773280698111
VNM,ARE,2024,,,0,0,0,unreported_reporter_year_in_comtrade,0.6232,total,VNM-ARE,VNM_2024,ARE_2024,-0.4728877844255986,UNComtrade (Unreported),409.660625,6.015329073026767
VNM,AUS,2010,2704003540.0,2704003540.0,1,0,1,,0.3933,total,VNM-AUS,VNM_2010,AUS_2010,-0.9331825995443732,UNComtrade,210.217665,5.348143493922238
VNM,AUS,2011,2601965229.0,2601965229.0,1,0,1,,0.419,total,VNM-AUS,VNM_2011,AUS_2011,-0.8698843590599994,UNComtrade,242.391935,5.490555982189507
VNM,AUS,2012,3208732853.0,3208732853.0,1,0,1,,0.3314,total,VNM-AUS,VNM_2012,AUS_2012,-1.1044291739896746,UNComtrade,217.8999425,5.384035978068025
VNM,AUS,2013,3488123369.0,3488123369.0,1,0,1,,0.3474,total,VNM-AUS,VNM_2013,AUS_2013,-1.0572784251751326,UNComtrade,214.92289,5.370279312634162
VNM,AUS,2014,3988213779.0,3988213779.0,1,0,1,,0.3443,total,VNM-AUS,VNM_2014,AUS_2014,-1.0662419086376589,UNComtrade,215.43195,5.3726450824134835
VNM,AUS,2015,2905591718.0,2905591718.0,1,0,1,,0.4164,total,VNM-AUS,VNM_2015,AUS_2015,-0.8761089422413233,UNComtrade,250.984195,5.525389969021718
VNM,AUS,2016,2864858060.52,2864858060.52,1,0,1,,0.4357,total,VNM-AUS,VNM_2016,AUS_2016,-0.8308013458587407,UNComtrade,280.8052925,5.637661519908509
VNM,AUS,2017,3271003401.9,3271003401.9,1,0,1,,0.4317,total,VNM-AUS,VNM_2017,AUS_2017,-0.8400243764207053,UNComtrade,285.5574275,5.65444315597903
VNM,AUS,2018,3965869089.34,3965869089.34,1,0,1,,0.4175,total,VNM-AUS,VNM_2018,AUS_2018,-0.8734707346912269,UNComtrade,307.7880675,5.729411453596787
VNM,AUS,2019,3495325162.14,3495325162.14,1,0,1,,0.3526,total,VNM-AUS,VNM_2019,AUS_2019,-1.0424210090183672,UNComtrade,314.1361975,5.749826641865915
VNM,AUS,2020,3622276263.381,3622276263.381,1,0,1,,0.3443,total,VNM-AUS,VNM_2020,AUS_2020,-1.0662419086376589,UNComtrade,330.0726525,5.799312789319979
VNM,AUS,2021,4454672936.985,4454672936.985,1,0,1,,0.4227,total,VNM-AUS,VNM_2021,AUS_2021,-0.8610925714093928,UNComtrade,350.73449,5.860029498475279
VNM,AUS,2022,5516943163.684,5516943163.684,1,0,1,,0.4143,total,VNM-AUS,VNM_2022,AUS_2022,-0.8811649298987809,UNComtrade,382.5086475,5.946751260854175
VNM,AUS,2023,5267685434.995,5267685434.995,1,0,1,,0.4378,total,VNM-AUS,VNM_2023,AUS_2023,-0.8259930938933744,UNComtrade,406.170605,6.006773280698111
VNM,AUS,2024,,,0,0,0,unreported_reporter_year_in_comtrade,0.3637,total,VNM-AUS,VNM_2024,AUS_2024,-1.0114259269891936,UNComtrade (Unreported),409.660625,6.015329073026767
VNM,BRN,2010,14235235.0,14235235.0,1,0,1,,0.1847,total,VNM-BRN,VNM_2010,BRN_2010,-1.689022391776943,UNComtrade,210.217665,5.348143493922238
VNM,BRN,2011,15362291.0,15362291.0,1,0,1,,0.2607,total,VNM-BRN,VNM_2011,BRN_2011,-1.344384958042681,UNComtrade,242.391935,5.490555982189507
VNM,BRN,2012,16870870.0,16870870.0,1,0,1,,0.1804,total,VNM-BRN,VNM_2012,BRN_2012,-1.7125786713536135,UNComtrade,217.8999425,5.384035978068025
VNM,BRN,2013,17480933.0,17480933.0,1,0,1,,0.1836,total,VNM-BRN,VNM_2013,BRN_2013,-1.6949958007957469,UNComtrade,214.92289,5.370279312634162
VNM,BRN,2014,49626051.0,49626051.0,1,0,1,,0.1824,total,VNM-BRN,VNM_2014,BRN_2014,-1.701553201341906,UNComtrade,215.43195,5.3726450824134835
VNM,BRN,2015,25520811.0,25520811.0,1,0,1,,0.1926,total,VNM-BRN,VNM_2015,BRN_2015,-1.647139779618112,UNComtrade,250.984195,5.525389969021718
VNM,BRN,2016,20052296.57,20052296.57,1,0,1,,0.1974,total,VNM-BRN,VNM_2016,BRN_2016,-1.622523151982756,UNComtrade,280.8052925,5.637661519908509
VNM,BRN,2017,21525054.1,21525054.1,1,0,1,,0.1989,total,VNM-BRN,VNM_2017,BRN_2017,-1.6149530931222105,UNComtrade,285.5574275,5.65444315597903
VNM,BRN,2018,18464297.87,18464297.87,1,0,1,,0.1882,total,VNM-BRN,VNM_2018,BRN_2018,-1.6702500518308578,UNComtrade,307.7880675,5.729411453596787
VNM,BRN,2019,66627611.83,66627611.83,1,0,1,,0.2017,total,VNM-BRN,VNM_2019,BRN_2019,-1.600973834021971,UNComtrade,314.1361975,5.749826641865915
VNM,BRN,2020,16457246.192,16457246.192,1,0,1,,0.2693,total,VNM-BRN,VNM_2020,BRN_2020,-1.3119292791645838,UNComtrade,330.0726525,5.799312789319979
VNM,BRN,2021,34907874.999,34907874.999,1,0,1,,0.2597,total,VNM-BRN,VNM_2021,BRN_2021,-1.3482281603134345,UNComtrade,350.73449,5.860029498475279
VNM,BRN,2022,92260487.152,92260487.152,1,0,1,,0.2027,total,VNM-BRN,VNM_2022,BRN_2022,-1.5960282255241829,UNComtrade,382.5086475,5.946751260854175
VNM,BRN,2023,78098371.992,78098371.992,1,0,1,,0.207,total,VNM-BRN,VNM_2023,BRN_2023,-1.575036485716768,UNComtrade,406.170605,6.006773280698111
VNM,BRN,2024,,,0,0,0,unreported_reporter_year_in_comtrade,0.2126,total,VNM-BRN,VNM_2024,BRN_2024,-1.5483428130742891,UNComtrade (Unreported),409.660625,6.015329073026767
VNM,CAN,2010,802057710.0,802057710.0,1,0,1,,0.4023,total,VNM-CAN,VNM_2010,CAN_2010,-0.9105572000263944,UNComtrade,210.217665,5.348143493922238
VNM,CAN,2011,969408587.0,969408587.0,1,0,1,,0.4609,total,VNM-CAN,VNM_2011,CAN_2011,-0.7745741792556745,UNComtrade,242.391935,5.490555982189507
VNM,CAN,2012,1156512055.0,1156512055.0,1,0,1,,0.441,total,VNM-CAN,VNM_2012,CAN_2012,-0.818710403535291,UNComtrade,217.8999425,5.384035978068025
VNM,CAN,2013,1557811510.0,1557811510.0,1,0,1,,0.4481,total,VNM-CAN,VNM_2013,CAN_2013,-0.8027388571900397,UNComtrade,214.92289,5.370279312634162
VNM,CAN,2014,2077656078.0,2077656078.0,1,0,1,,0.4529,total,VNM-CAN,VNM_2014,CAN_2014,-0.7920839284199688,UNComtrade,215.43195,5.3726450824134835
VNM,CAN,2015,2407623872.0,2407623872.0,1,0,1,,0.3996,total,VNM-CAN,VNM_2015,CAN_2015,-0.9172912322077386,UNComtrade,250.984195,5.525389969021718
VNM,CAN,2016,2652547172.57,2652547172.57,1,0,1,,0.4799,total,VNM-CAN,VNM_2016,CAN_2016,-0.7341775301179372,UNComtrade,280.8052925,5.637661519908509
VNM,CAN,2017,2709237805.2,2709237805.2,1,0,1,,0.4811,total,VNM-CAN,VNM_2017,CAN_2017,-0.731680130276729,UNComtrade,285.5574275,5.65444315597903
VNM,CAN,2018,3013846048.18,3013846048.18,1,0,1,,0.4876,total,VNM-CAN,VNM_2018,CAN_2018,-0.7182598813750206,UNComtrade,307.7880675,5.729411453596787
VNM,CAN,2019,3967143949.62,3967143949.62,1,0,1,,0.4786,total,VNM-CAN,VNM_2019,CAN_2019,-0.7368901035078641,UNComtrade,314.1361975,5.749826641865915
VNM,CAN,2020,4358867171.278,4358867171.278,1,0,1,,0.4794,total,VNM-CAN,VNM_2020,CAN_2020,-0.735219956981853,UNComtrade,330.0726525,5.799312789319979
VNM,CAN,2021,5268409113.276,5268409113.276,1,0,1,,0.4744,total,VNM-CAN,VNM_2021,CAN_2021,-0.7457044312986214,UNComtrade,350.73449,5.860029498475279
VNM,CAN,2022,6327583823.324,6327583823.324,1,0,1,,0.483,total,VNM-CAN,VNM_2022,CAN_2022,-0.7277386253295643,UNComtrade,382.5086475,5.946751260854175
VNM,CAN,2023,5614652284.399,5614652284.399,1,0,1,,0.4853,total,VNM-CAN,VNM_2023,CAN_2023,-0.7229880225709665,UNComtrade,406.170605,6.006773280698111
VNM,CAN,2024,,,0,0,0,unreported_reporter_year_in_comtrade,0.4915,total,VNM-CAN,VNM_2024,CAN_2024,-0.7102933393949158,UNComtrade (Unreported),409.660625,6.015329073026767
VNM,CHN,2010,7742949838.0,7742949838.0,1,0,1,,0.4562,total,VNM-CHN,VNM_2010,CHN_2010,-0.7848239691318494,UNComtrade,210.217665,5.348143493922238
VNM,CHN,2011,11613323632.0,11613323632.0,1,0,1,,0.5358,total,VNM-CHN,VNM_2011,CHN_2011,-0.6239943218716286,UNComtrade,242.391935,5.490555982189507
VNM,CHN,2012,12835975642.0,12835975642.0,1,0,1,,0.5208,total,VNM-CHN,VNM_2012,CHN_2012,-0.6523891880877775,UNComtrade,217.8999425,5.384035978068025
VNM,CHN,2013,13177694493.0,13177694493.0,1,0,1,,0.5142,total,VNM-CHN,VNM_2013,CHN_2013,-0.665142984150348,UNComtrade,214.92289,5.370279312634162
VNM,CHN,2014,14928317706.0,14928317706.0,1,0,1,,0.5036,total,VNM-CHN,VNM_2014,CHN_2014,-0.6859729768119448,UNComtrade,215.43195,5.3726450824134835
VNM,CHN,2015,16567685858.0,16567685858.0,1,0,1,,0.5272,total,VNM-CHN,VNM_2015,CHN_2015,-0.6401752957938396,UNComtrade,250.984195,5.525389969021718
VNM,CHN,2016,21950444543.67,21950444543.67,1,0,1,,0.602,total,VNM-CHN,VNM_2016,CHN_2016,-0.507497833673316,UNComtrade,280.8052925,5.637661519908509
VNM,CHN,2017,35394308576.4,35394308576.4,1,0,1,,0.5821,total,VNM-CHN,VNM_2017,CHN_2017,-0.5411130247044473,UNComtrade,285.5574275,5.65444315597903
VNM,CHN,2018,41366458747.8,41366458747.8,1,0,1,,0.594,total,VNM-CHN,VNM_2018,CHN_2018,-0.5208759596194922,UNComtrade,307.7880675,5.729411453596787
VNM,CHN,2019,41434238020.9,41434238020.9,1,0,1,,0.6075,total,VNM-CHN,VNM_2019,CHN_2019,-0.4984031037674334,UNComtrade,314.1361975,5.749826641865915
VNM,CHN,2020,48879761897.459,48879761897.459,1,0,1,,0.5751,total,VNM-CHN,VNM_2020,CHN_2020,-0.5532113402624287,UNComtrade,330.0726525,5.799312789319979
VNM,CHN,2021,55922822933.724,55922822933.724,1,0,1,,0.6494,total,VNM-CHN,VNM_2021,CHN_2021,-0.4317064193133915,UNComtrade,350.73449,5.860029498475279
VNM,CHN,2022,57677796761.902,57677796761.902,1,0,1,,0.637,total,VNM-CHN,VNM_2022,CHN_2022,-0.4509856234099736,UNComtrade,382.5086475,5.946751260854175
VNM,CHN,2023,60574277766.053,60574277766.053,1,0,1,,0.641,total,VNM-CHN,VNM_2023,CHN_2023,-0.444725822061467,UNComtrade,406.170605,6.006773280698111
VNM,CHN,2024,,,0,0,0,unreported_reporter_year_in_comtrade,0.6776,total,VNM-CHN,VNM_2024,CHN_2024,-0.3891981356442924,UNComtrade (Unreported),409.660625,6.015329073026767
VNM,DEU,2010,2372735596.0,2372735596.0,1,0,1,,0.4251,total,VNM-DEU,VNM_2010,DEU_2010,-0.8554308436173926,UNComtrade,210.217665,5.348143493922238
VNM,DEU,2011,3366900508.0,3366900508.0,1,0,1,,0.4857,total,VNM-DEU,VNM_2011,DEU_2011,-0.7221641296304379,UNComtrade,242.391935,5.490555982189507
VNM,DEU,2012,4094940259.0,4094940259.0,1,0,1,,0.474,total,VNM-DEU,VNM_2012,DEU_2012,-0.7465479572870606,UNComtrade,217.8999425,5.384035978068025
VNM,DEU,2013,4736995934.0,4736995934.0,1,0,1,,0.4717,total,VNM-DEU,VNM_2013,DEU_2013,-0.751412088691921,UNComtrade,214.92289,5.370279312634162
VNM,DEU,2014,5174944225.0,5174944225.0,1,0,1,,0.4601,total,VNM-DEU,VNM_2014,DEU_2014,-0.7763114218207141,UNComtrade,215.43195,5.3726450824134835
VNM,DEU,2015,5707416104.0,5707416104.0,1,0,1,,0.4682,total,VNM-DEU,VNM_2015,DEU_2015,-0.7588597239253266,UNComtrade,250.984195,5.525389969021718
VNM,DEU,2016,5960516080.96,5960516080.96,1,0,1,,0.5382,total,VNM-DEU,VNM_2016,DEU_2016,-0.6195250406893316,UNComtrade,280.8052925,5.637661519908509
VNM,DEU,2017,6353565104.5,6353565104.5,1,0,1,,0.5217,total,VNM-DEU,VNM_2017,DEU_2017,-0.6506625689537899,UNComtrade,285.5574275,5.65444315597903
VNM,DEU,2018,6873195900.01,6873195900.01,1,0,1,,0.5173,total,VNM-DEU,VNM_2018,DEU_2018,-0.6591323019726677,UNComtrade,307.7880675,5.729411453596787
VNM,DEU,2019,6560243273.36,6560243273.36,1,0,1,,0.5307,total,VNM-DEU,VNM_2019,DEU_2019,-0.6335583891482879,UNComtrade,314.1361975,5.749826641865915
VNM,DEU,2020,6638896625.526,6638896625.526,1,0,1,,0.4968,total,VNM-DEU,VNM_2020,DEU_2020,-0.6995677483628681,UNComtrade,330.0726525,5.799312789319979
VNM,DEU,2021,7287757827.738,7287757827.738,1,0,1,,0.5629,total,VNM-DEU,VNM_2021,DEU_2021,-0.5746532865121562,UNComtrade,350.73449,5.860029498475279
VNM,DEU,2022,8968702866.644,8968702866.644,1,0,1,,0.5475,total,VNM-DEU,VNM_2022,DEU_2022,-0.6023928172914812,UNComtrade,382.5086475,5.946751260854175
VNM,DEU,2023,7395705135.615,7395705135.615,1,0,1,,0.5465,total,VNM-DEU,VNM_2023,DEU_2023,-0.6042209713655439,UNComtrade,406.170605,6.006773280698111
VNM,DEU,2024,,,0,0,0,unreported_reporter_year_in_comtrade,0.5873,total,VNM-DEU,VNM_2024,DEU_2024,-0.5322195164536632,UNComtrade (Unreported),409.660625,6.015329073026767
VNM,FRA,2010,0.0,,0,1,1,,0.3656,total,VNM-FRA,VNM_2010,FRA_2010,-1.006215439402142,UNComtrade (Confirmed Zero),210.217665,5.348143493922238
VNM,FRA,2011,0.0,,0,1,1,,0.4909,total,VNM-FRA,VNM_2011,FRA_2011,-0.7115148379181302,UNComtrade (Confirmed Zero),242.391935,5.490555982189507
VNM,FRA,2012,0.0,,0,1,1,,0.4755,total,VNM-FRA,VNM_2012,FRA_2012,-0.7433883969966921,UNComtrade (Confirmed Zero),217.8999425,5.384035978068025
VNM,FRA,2013,0.0,,0,1,1,,0.4699,total,VNM-FRA,VNM_2013,FRA_2013,-0.7552353728733671,UNComtrade (Confirmed Zero),214.92289,5.370279312634162
VNM,FRA,2014,0.0,,0,1,1,,0.4583,total,VNM-FRA,VNM_2014,FRA_2014,-0.7802312874670587,UNComtrade (Confirmed Zero),215.43195,5.3726450824134835
VNM,FRA,2015,0.0,,0,1,1,,0.4737,total,VNM-FRA,VNM_2015,FRA_2015,-0.747181069052431,UNComtrade (Confirmed Zero),250.984195,5.525389969021718
VNM,FRA,2016,0.0,,0,1,1,,0.5354,total,VNM-FRA,VNM_2016,FRA_2016,-0.624741147895885,UNComtrade (Confirmed Zero),280.8052925,5.637661519908509
VNM,FRA,2017,0.0,,0,1,1,,0.5211,total,VNM-FRA,VNM_2017,FRA_2017,-0.6518133170669681,UNComtrade (Confirmed Zero),285.5574275,5.65444315597903
VNM,FRA,2018,0.0,,0,1,1,,0.5164,total,VNM-FRA,VNM_2018,FRA_2018,-0.6608736200096497,UNComtrade (Confirmed Zero),307.7880675,5.729411453596787
VNM,FRA,2019,0.0,,0,1,1,,0.535,total,VNM-FRA,VNM_2019,FRA_2019,-0.6254885320861304,UNComtrade (Confirmed Zero),314.1361975,5.749826641865915
VNM,FRA,2020,0.0,,0,1,1,,0.5012,total,VNM-FRA,VNM_2020,FRA_2020,-0.6907500559602239,UNComtrade (Confirmed Zero),330.0726525,5.799312789319979
VNM,FRA,2021,0.0,,0,1,1,,0.5032,total,VNM-FRA,VNM_2021,FRA_2021,-0.6867675735959063,UNComtrade (Confirmed Zero),350.73449,5.860029498475279
VNM,FRA,2022,0.0,,0,1,1,,0.4835,total,VNM-FRA,VNM_2022,FRA_2022,-0.726703964088788,UNComtrade (Confirmed Zero),382.5086475,5.946751260854175
VNM,FRA,2023,0.0,,0,1,1,,0.4835,total,VNM-FRA,VNM_2023,FRA_2023,-0.726703964088788,UNComtrade (Confirmed Zero),406.170605,6.006773280698111
VNM,FRA,2024,,,0,0,0,unreported_reporter_year_in_comtrade,0.5272,total,VNM-FRA,VNM_2024,FRA_2024,-0.6401752957938396,UNComtrade (Unreported),409.660625,6.015329073026767
VNM,GBR,2010,1681884445.0,1681884445.0,1,0,1,,0.3738,total,VNM-GBR,VNM_2010,GBR_2010,-0.9840343839606746,UNComtrade,210.217665,5.348143493922238
VNM,GBR,2011,2398191123.0,2398191123.0,1,0,1,,0.4975,total,VNM-GBR,VNM_2011,GBR_2011,-0.6981597223834896,UNComtrade,242.391935,5.490555982189507
VNM,GBR,2012,3033600590.0,3033600590.0,1,0,1,,0.4792,total,VNM-GBR,VNM_2012,GBR_2012,-0.7356372321808974,UNComtrade,217.8999425,5.384035978068025
VNM,GBR,2013,3696265186.0,3696265186.0,1,0,1,,0.4718,total,VNM-GBR,VNM_2013,GBR_2013,-0.7512001120085624,UNComtrade,214.92289,5.370279312634162
VNM,GBR,2014,3647172364.0,3647172364.0,1,0,1,,0.4606,total,VNM-GBR,VNM_2014,GBR_2014,-0.7752252915955522,UNComtrade,215.43195,5.3726450824134835
VNM,GBR,2015,4645219798.0,4645219798.0,1,0,1,,0.4727,total,VNM-GBR,VNM_2015,GBR_2015,-0.7492943411829464,UNComtrade,250.984195,5.525389969021718
VNM,GBR,2016,4898076612.06,4898076612.06,1,0,1,,0.5423,total,VNM-GBR,VNM_2016,GBR_2016,-0.6119359251351221,UNComtrade,280.8052925,5.637661519908509
VNM,GBR,2017,5415115561.8,5415115561.8,1,0,1,,0.5253,total,VNM-GBR,VNM_2017,GBR_2017,-0.6437857510222212,UNComtrade,285.5574275,5.65444315597903
VNM,GBR,2018,5779270899.85,5779270899.85,1,0,1,,0.524,total,VNM-GBR,VNM_2018,GBR_2018,-0.6462635946610948,UNComtrade,307.7880675,5.729411453596787
VNM,GBR,2019,5760277924.11,5760277924.11,1,0,1,,0.5398,total,VNM-GBR,VNM_2019,GBR_2019,-0.6165565783982329,UNComtrade,314.1361975,5.749826641865915
VNM,GBR,2020,4951457261.287,4951457261.287,1,0,1,,0.5062,total,VNM-GBR,VNM_2020,GBR_2020,-0.6808234308711134,UNComtrade,330.0726525,5.799312789319979
VNM,GBR,2021,5765718023.85,5765718023.85,1,0,1,,0.5735,total,VNM-GBR,VNM_2021,GBR_2021,-0.5559973424127117,UNComtrade,350.73449,5.860029498475279
VNM,GBR,2022,6063074230.668,6063074230.668,1,0,1,,0.5528,total,VNM-GBR,VNM_2022,GBR_2022,-0.592759006528677,UNComtrade,382.5086475,5.946751260854175
VNM,GBR,2023,6341117740.113,6341117740.113,1,0,1,,0.5579,total,VNM-GBR,VNM_2023,GBR_2023,-0.5835755441306545,UNComtrade,406.170605,6.006773280698111
VNM,GBR,2024,,,0,0,0,unreported_reporter_year_in_comtrade,0.5993,total,VNM-GBR,VNM_2024,GBR_2024,-0.5119929715179974,UNComtrade (Unreported),409.660625,6.015329073026767
VNM,HKG,2010,1464177811.0,1464177811.0,1,0,1,,0.4566,total,VNM-HKG,VNM_2010,HKG_2010,-0.7839475448864419,UNComtrade,210.217665,5.348143493922238
VNM,HKG,2011,2205716065.0,2205716065.0,1,0,1,,0.5296,total,VNM-HKG,VNM_2011,HKG_2011,-0.6356332743593387,UNComtrade,242.391935,5.490555982189507
VNM,HKG,2012,3705368841.0,3705368841.0,1,0,1,,0.5174,total,VNM-HKG,VNM_2012,HKG_2012,-0.6589390092302083,UNComtrade,217.8999425,5.384035978068025
VNM,HKG,2013,4113496891.0,4113496891.0,1,0,1,,0.5061,total,VNM-HKG,VNM_2013,HKG_2013,-0.6810210007621047,UNComtrade,214.92289,5.370279312634162
VNM,HKG,2014,5264730980.0,5264730980.0,1,0,1,,0.4987,total,VNM-HKG,VNM_2014,HKG_2014,-0.6957505664300603,UNComtrade,215.43195,5.3726450824134835
VNM,HKG,2015,6959274105.0,6959274105.0,1,0,1,,0.519,total,VNM-HKG,VNM_2015,HKG_2015,-0.6558513958162484,UNComtrade,250.984195,5.525389969021718
VNM,HKG,2016,6088076565.76,6088076565.76,1,0,1,,0.5773,total,VNM-HKG,VNM_2016,HKG_2016,-0.5493932169152491,UNComtrade,280.8052925,5.637661519908509
VNM,HKG,2017,7574306658.7,7574306658.7,1,0,1,,0.5597,total,VNM-HKG,VNM_2017,HKG_2017,-0.5803543530848232,UNComtrade,285.5574275,5.65444315597903
VNM,HKG,2018,7957597076.76,7957597076.76,1,0,1,,0.5654,total,VNM-HKG,VNM_2018,HKG_2018,-0.570221833722647,UNComtrade,307.7880675,5.729411453596787
VNM,HKG,2019,7161561214.98,7161561214.98,1,0,1,,0.5674,total,VNM-HKG,VNM_2019,HKG_2019,-0.5666907566073861,UNComtrade,314.1361975,5.749826641865915
VNM,HKG,2020,10435730603.246,10435730603.246,1,0,1,,0.5565,total,VNM-HKG,VNM_2020,HKG_2020,-0.5860881082665376,UNComtrade,330.0726525,5.799312789319979
VNM,HKG,2021,11985199865.611,11985199865.611,1,0,1,,0.6307,total,VNM-HKG,VNM_2021,HKG_2021,-0.4609249653125314,UNComtrade,350.73449,5.860029498475279
VNM,HKG,2022,10935961533.852,10935961533.852,1,0,1,,0.6128,total,VNM-HKG,VNM_2022,HKG_2022,-0.4897166605557554,UNComtrade,382.5086475,5.946751260854175
VNM,HKG,2023,9600023506.744,9600023506.744,1,0,1,,0.6086,total,VNM-HKG,VNM_2023,HKG_2023,-0.4965940415192663,UNComtrade,406.170605,6.006773280698111
VNM,HKG,2024,,,0,0,0,unreported_reporter_year_in_comtrade,0.6487,total,VNM-HKG,VNM_2024,HKG_2024,-0.4327849187631272,UNComtrade (Unreported),409.660625,6.015329073026767
VNM,IDN,2010,1433419494.0,1433419494.0,1,0,1,,0.4113,total,VNM-IDN,VNM_2010,IDN_2010,-0.8884324037457586,UNComtrade,210.217665,5.348143493922238
VNM,IDN,2011,2358900369.0,2358900369.0,1,0,1,,0.4363,total,VNM-IDN,VNM_2011,IDN_2011,-0.829425198852573,UNComtrade,242.391935,5.490555982189507
VNM,IDN,2012,2357706297.0,2357706297.0,1,0,1,,0.4057,total,VNM-IDN,VNM_2012,IDN_2012,-0.9021413087697356,UNComtrade,217.8999425,5.384035978068025
VNM,IDN,2013,2502204302.0,2502204302.0,1,0,1,,0.4043,total,VNM-IDN,VNM_2013,IDN_2013,-0.905598102335412,UNComtrade,214.92289,5.370279312634162
VNM,IDN,2014,2890397310.0,2890397310.0,1,0,1,,0.3953,total,VNM-IDN,VNM_2014,IDN_2014,-0.9281103086794972,UNComtrade,215.43195,5.3726450824134835
VNM,IDN,2015,2847607206.0,2847607206.0,1,0,1,,0.3996,total,VNM-IDN,VNM_2015,IDN_2015,-0.9172912322077386,UNComtrade,250.984195,5.525389969021718
VNM,IDN,2016,2617850586.73,2617850586.73,1,0,1,,0.3916,total,VNM-IDN,VNM_2016,IDN_2016,-0.9375143683257816,UNComtrade,280.8052925,5.637661519908509
VNM,IDN,2017,2858867978.3,2858867978.3,1,0,1,,0.385,total,VNM-IDN,VNM_2017,IDN_2017,-0.9545119446943529,UNComtrade,285.5574275,5.65444315597903
VNM,IDN,2018,3533690964.23,3533690964.23,1,0,1,,0.4483,total,VNM-IDN,VNM_2018,IDN_2018,-0.8022926278207433,UNComtrade,307.7880675,5.729411453596787
VNM,IDN,2019,3369982785.5,3369982785.5,1,0,1,,0.4432,total,VNM-IDN,VNM_2019,IDN_2019,-0.813734143549063,UNComtrade,314.1361975,5.749826641865915
VNM,IDN,2020,2823619833.663,2823619833.663,1,0,1,,0.4647,total,VNM-IDN,VNM_2020,IDN_2020,-0.7663632428912044,UNComtrade,330.0726525,5.799312789319979
VNM,IDN,2021,3915595963.634,3915595963.634,1,0,1,,0.3812,total,VNM-IDN,VNM_2021,IDN_2021,-0.96443110720209,UNComtrade,350.73449,5.860029498475279
VNM,IDN,2022,4529215640.185,4529215640.185,1,0,1,,0.3724,total,VNM-IDN,VNM_2022,IDN_2022,-0.987786733579225,UNComtrade,382.5086475,5.946751260854175
VNM,IDN,2023,5076377075.384,5076377075.384,1,0,1,,0.4976,total,VNM-IDN,VNM_2023,IDN_2023,-0.6979587375571674,UNComtrade,406.170605,6.006773280698111
VNM,IDN,2024,,,0,0,0,unreported_reporter_year_in_comtrade,0.4129,total,VNM-IDN,VNM_2024,IDN_2024,-0.8845498460900926,UNComtrade (Unreported),409.660625,6.015329073026767
VNM,IND,2010,991629599.0,991629599.0,1,0,1,,0.4366,total,VNM-IND,VNM_2010,IND_2010,-0.8287378348662936,UNComtrade,210.217665,5.348143493922238
VNM,IND,2011,1553921231.0,1553921231.0,1,0,1,,0.4825,total,VNM-IND,VNM_2011,IND_2011,-0.7287743582030964,UNComtrade,242.391935,5.490555982189507
VNM,IND,2012,1782177796.0,1782177796.0,1,0,1,,0.4031,total,VNM-IND,VNM_2012,IND_2012,-0.908570608859017,UNComtrade,217.8999425,5.384035978068025
VNM,IND,2013,2354695378.0,2354695378.0,1,0,1,,0.4114,total,VNM-IND,VNM_2013,IND_2013,-0.8881893017632803,UNComtrade,214.92289,5.370279312634162
VNM,IND,2014,2510734109.0,2510734109.0,1,0,1,,0.4065,total,VNM-IND,VNM_2014,IND_2014,-0.9001713499942718,UNComtrade,215.43195,5.3726450824134835
VNM,IND,2015,2469722108.0,2469722108.0,1,0,1,,0.4144,total,VNM-IND,VNM_2015,IND_2015,-0.8809235880368638,UNComtrade,250.984195,5.525389969021718
VNM,IND,2016,2687193236.06,2687193236.06,1,0,1,,0.4513,total,VNM-IND,VNM_2016,IND_2016,-0.7956229721491815,UNComtrade,280.8052925,5.637661519908509
VNM,IND,2017,3756251064.6,3756251064.6,1,0,1,,0.5177,total,VNM-IND,VNM_2017,IND_2017,-0.6583593550742813,UNComtrade,285.5574275,5.65444315597903
VNM,IND,2018,6543813993.33,6543813993.33,1,0,1,,0.5174,total,VNM-IND,VNM_2018,IND_2018,-0.6589390092302083,UNComtrade,307.7880675,5.729411453596787
VNM,IND,2019,6675949031.78,6675949031.78,1,0,1,,0.502,total,VNM-IND,VNM_2019,IND_2019,-0.6891551592904078,UNComtrade,314.1361975,5.749826641865915
VNM,IND,2020,5234076826.714,5234076826.714,1,0,1,,0.488,total,VNM-IND,VNM_2020,IND_2020,-0.7174398731289899,UNComtrade,330.0726525,5.799312789319979
VNM,IND,2021,6258022022.278,6258022022.278,1,0,1,,0.4988,total,VNM-IND,VNM_2021,IND_2021,-0.6955500651762556,UNComtrade,350.73449,5.860029498475279
VNM,IND,2022,7960864319.492,7960864319.492,1,0,1,,0.5098,total,VNM-IND,VNM_2022,IND_2022,-0.673736787040122,UNComtrade,382.5086475,5.946751260854175
VNM,IND,2023,8497250441.671,8497250441.671,1,0,1,,0.5263,total,VNM-IND,VNM_2023,IND_2023,-0.6418838866224038,UNComtrade,406.170605,6.006773280698111
VNM,IND,2024,,,0,0,0,unreported_reporter_year_in_comtrade,0.5591,total,VNM-IND,VNM_2024,IND_2024,-0.5814269309495373,UNComtrade (Unreported),409.660625,6.015329073026767
VNM,ITA,2010,980141338.0,980141338.0,1,0,1,,0.4236,total,VNM-ITA,VNM_2010,ITA_2010,-0.8589656652548857,UNComtrade,210.217665,5.348143493922238
VNM,ITA,2011,1534325967.0,1534325967.0,1,0,1,,0.4864,total,VNM-ITA,VNM_2011,ITA_2011,-0.7207239483301798,UNComtrade,242.391935,5.490555982189507
VNM,ITA,2012,1876555639.0,1876555639.0,1,0,1,,0.4759,total,VNM-ITA,VNM_2012,ITA_2012,-0.7425475308550723,UNComtrade,217.8999425,5.384035978068025
VNM,ITA,2013,2290696844.0,2290696844.0,1,0,1,,0.4723,total,VNM-ITA,VNM_2013,ITA_2013,-0.7501409020800657,UNComtrade,214.92289,5.370279312634162
VNM,ITA,2014,2740093506.0,2740093506.0,1,0,1,,0.4572,total,VNM-ITA,VNM_2014,ITA_2014,-0.7826343470614815,UNComtrade,215.43195,5.3726450824134835
VNM,ITA,2015,2847802642.0,2847802642.0,1,0,1,,0.4741,total,VNM-ITA,VNM_2015,ITA_2015,-0.7463370090740643,UNComtrade,250.984195,5.525389969021718
VNM,ITA,2016,3264814560.8,3264814560.8,1,0,1,,0.5402,total,VNM-ITA,VNM_2016,ITA_2016,-0.6158158376236218,UNComtrade,280.8052925,5.637661519908509
VNM,ITA,2017,2734907503.2,2734907503.2,1,0,1,,0.5249,total,VNM-ITA,VNM_2017,ITA_2017,-0.6445475107238829,UNComtrade,285.5574275,5.65444315597903
VNM,ITA,2018,2890292659.76,2890292659.76,1,0,1,,0.5241,total,VNM-ITA,VNM_2018,ITA_2018,-0.6460727731740165,UNComtrade,307.7880675,5.729411453596787
VNM,ITA,2019,3439949265.38,3439949265.38,1,0,1,,0.5363,total,VNM-ITA,VNM_2019,ITA_2019,-0.6230615729932576,UNComtrade,314.1361975,5.749826641865915
VNM,ITA,2020,3102293467.696,3102293467.696,1,0,1,,0.4996,total,VNM-ITA,VNM_2020,ITA_2020,-0.6939475007307144,UNComtrade,330.0726525,5.799312789319979
VNM,ITA,2021,3842471246.045,3842471246.045,1,0,1,,0.4943,total,VNM-ITA,VNM_2021,ITA_2021,-0.7046126586692234,UNComtrade,350.73449,5.860029498475279
VNM,ITA,2022,4411333215.631,4411333215.631,1,0,1,,0.5474,total,VNM-ITA,VNM_2022,ITA_2022,-0.6025754823755584,UNComtrade,382.5086475,5.946751260854175
VNM,ITA,2023,4472791931.542,4472791931.542,1,0,1,,0.5539,total,VNM-ITA,VNM_2023,ITA_2023,-0.5907711139430789,UNComtrade,406.170605,6.006773280698111
VNM,ITA,2024,,,0,0,0,unreported_reporter_year_in_comtrade,0.5963,total,VNM-ITA,VNM_2024,ITA_2024,-0.5170113828530768,UNComtrade (Unreported),409.660625,6.015329073026767
VNM,JPN,2010,7727659574.0,7727659574.0,1,0,1,,0.4414,total,VNM-JPN,VNM_2010,JPN_2010,-0.817803785159501,UNComtrade,210.217665,5.348143493922238
VNM,JPN,2011,11091713170.0,11091713170.0,1,0,1,,0.5095,total,VNM-JPN,VNM_2011,JPN_2011,-0.6743254263193577,UNComtrade,242.391935,5.490555982189507
VNM,JPN,2012,13064523504.0,13064523504.0,1,0,1,,0.5003,total,VNM-JPN,VNM_2012,JPN_2012,-0.6925473604879777,UNComtrade,217.8999425,5.384035978068025
VNM,JPN,2013,13544244953.0,13544244953.0,1,0,1,,0.4907,total,VNM-JPN,VNM_2013,JPN_2013,-0.7119223358862793,UNComtrade,214.92289,5.370279312634162
VNM,JPN,2014,14674922642.0,14674922642.0,1,0,1,,0.4827,total,VNM-JPN,VNM_2014,JPN_2014,-0.7283599363156898,UNComtrade,215.43195,5.3726450824134835
VNM,JPN,2015,14100341294.0,14100341294.0,1,0,1,,0.5084,total,VNM-JPN,VNM_2015,JPN_2015,-0.6764867396668381,UNComtrade,250.984195,5.525389969021718
VNM,JPN,2016,14671488768.19,14671488768.19,1,0,1,,0.5688,total,VNM-JPN,VNM_2016,JPN_2016,-0.564226400493106,UNComtrade,280.8052925,5.637661519908509
VNM,JPN,2017,16792127679.6,16792127679.6,1,0,1,,0.5585,total,VNM-JPN,VNM_2017,JPN_2017,-0.5825006604728816,UNComtrade,285.5574275,5.65444315597903
VNM,JPN,2018,18833674920.12,18833674920.12,1,0,1,,0.5536,total,VNM-JPN,VNM_2018,JPN_2018,-0.5913128746786773,UNComtrade,307.7880675,5.729411453596787
VNM,JPN,2019,20426601608.17,20426601608.17,1,0,1,,0.5516,total,VNM-JPN,VNM_2019,JPN_2019,-0.5949321330629903,UNComtrade,314.1361975,5.749826641865915
VNM,JPN,2020,19269479104.168,19269479104.168,1,0,1,,0.5401,total,VNM-JPN,VNM_2020,JPN_2020,-0.6160009713832916,UNComtrade,330.0726525,5.799312789319979
VNM,JPN,2021,20117891770.782,20117891770.782,1,0,1,,0.6068,total,VNM-JPN,VNM_2021,JPN_2021,-0.4995560315077598,UNComtrade,350.73449,5.860029498475279
VNM,JPN,2022,24228393826.868,24228393826.868,1,0,1,,0.5228,total,VNM-JPN,VNM_2022,JPN_2022,-0.6485562972320701,UNComtrade,382.5086475,5.946751260854175
VNM,JPN,2023,23313711801.392,23313711801.392,1,0,1,,0.5279,total,VNM-JPN,VNM_2023,JPN_2023,-0.6388484071525664,UNComtrade,406.170605,6.006773280698111
VNM,JPN,2024,,,0,0,0,unreported_reporter_year_in_comtrade,0.555,total,VNM-JPN,VNM_2024,JPN_2024,-0.5887871652357024,UNComtrade (Unreported),409.660625,6.015329073026767
VNM,KHM,2010,1563822100.0,1563822100.0,1,0,1,,0.2467,total,VNM-KHM,VNM_2010,KHM_2010,-1.399582255446826,UNComtrade,210.217665,5.348143493922238
VNM,KHM,2011,2519028736.0,2519028736.0,1,0,1,,0.2627,total,VNM-KHM,VNM_2011,KHM_2011,-1.336742582290643,UNComtrade,242.391935,5.490555982189507
VNM,KHM,2012,2929946418.0,2929946418.0,1,0,1,,0.257,total,VNM-KHM,VNM_2012,KHM_2012,-1.3586791940869172,UNComtrade,217.8999425,5.384035978068025
VNM,KHM,2013,2933996771.0,2933996771.0,1,0,1,,0.2611,total,VNM-KHM,VNM_2013,KHM_2013,-1.342851803277054,UNComtrade,214.92289,5.370279312634162
VNM,KHM,2014,2685436831.0,2685436831.0,1,0,1,,0.2628,total,VNM-KHM,VNM_2014,KHM_2014,-1.3363619923716816,UNComtrade,215.43195,5.3726450824134835
VNM,KHM,2015,2395221415.0,2395221415.0,1,0,1,,0.2782,total,VNM-KHM,VNM_2015,KHM_2015,-1.2794149994927946,UNComtrade,250.984195,5.525389969021718
VNM,KHM,2016,2199398046.64,2199398046.64,1,0,1,,0.2924,total,VNM-KHM,VNM_2016,KHM_2016,-1.2296325511065136,UNComtrade,280.8052925,5.637661519908509
VNM,KHM,2017,2762308779.7,2762308779.7,1,0,1,,0.2873,total,VNM-KHM,VNM_2017,KHM_2017,-1.247228312996893,UNComtrade,285.5574275,5.65444315597903
VNM,KHM,2018,3791860146.46,3791860146.46,1,0,1,,0.2787,total,VNM-KHM,VNM_2018,KHM_2018,-1.2776193444942343,UNComtrade,307.7880675,5.729411453596787
VNM,KHM,2019,4311011850.46,4311011850.46,1,0,1,,0.2845,total,VNM-KHM,VNM_2019,KHM_2019,-1.2570220254157516,UNComtrade,314.1361975,5.749826641865915
VNM,KHM,2020,4221095951.678,4221095951.678,1,0,1,,0.2816,total,VNM-KHM,VNM_2020,KHM_2020,-1.2672676546982498,UNComtrade,330.0726525,5.799312789319979
VNM,KHM,2021,4830371480.59,4830371480.59,1,0,1,,0.2879,total,VNM-KHM,VNM_2021,KHM_2021,-1.2451420813640068,UNComtrade,350.73449,5.860029498475279
VNM,KHM,2022,5745170991.813,5745170991.813,1,0,1,,0.2826,total,VNM-KHM,VNM_2022,KHM_2022,-1.2637228087317098,UNComtrade,382.5086475,5.946751260854175
VNM,KHM,2023,4748323252.401,4748323252.401,1,0,1,,0.2875,total,VNM-KHM,VNM_2023,KHM_2023,-1.246532418744732,UNComtrade,406.170605,6.006773280698111
VNM,KHM,2024,,,0,0,0,unreported_reporter_year_in_comtrade,0.2978,total,VNM-KHM,VNM_2024,KHM_2024,-1.2113331587322285,UNComtrade (Unreported),409.660625,6.015329073026767
VNM,KOR,2010,3092225453.0,3092225453.0,1,0,1,,0.4452,total,VNM-KOR,VNM_2010,KOR_2010,-0.8092316595807473,UNComtrade,210.217665,5.348143493922238
VNM,KOR,2011,4866729300.0,4866729300.0,1,0,1,,0.5209,total,VNM-KOR,VNM_2011,KOR_2011,-0.6521971942309911,UNComtrade,242.391935,5.490555982189507
VNM,KOR,2012,5580892981.0,5580892981.0,1,0,1,,0.5107,total,VNM-KOR,VNM_2012,KOR_2012,-0.6719729453285388,UNComtrade,217.8999425,5.384035978068025
VNM,KOR,2013,6682944914.0,6682944914.0,1,0,1,,0.5037,total,VNM-KOR,VNM_2013,KOR_2013,-0.6857744262305322,UNComtrade,214.92289,5.370279312634162
VNM,KOR,2014,7167478728.0,7167478728.0,1,0,1,,0.4947,total,VNM-KOR,VNM_2014,KOR_2014,-0.7038037607484742,UNComtrade,215.43195,5.3726450824134835
VNM,KOR,2015,8915383866.0,8915383866.0,1,0,1,,0.5198,total,VNM-KOR,VNM_2015,KOR_2015,-0.654311156774747,UNComtrade,250.984195,5.525389969021718
VNM,KOR,2016,11406058033.79,11406058033.79,1,0,1,,0.5937,total,VNM-KOR,VNM_2016,KOR_2016,-0.5213811377055073,UNComtrade,280.8052925,5.637661519908509
VNM,KOR,2017,14807156028.1,14807156028.1,1,0,1,,0.572,total,VNM-KOR,VNM_2017,KOR_2017,-0.5586162876023393,UNComtrade,285.5574275,5.65444315597903
VNM,KOR,2018,18240594872.28,18240594872.28,1,0,1,,0.5867,total,VNM-KOR,VNM_2018,KOR_2018,-0.5332416630503228,UNComtrade,307.7880675,5.729411453596787
VNM,KOR,2019,19729245459.74,19729245459.74,1,0,1,,0.5963,total,VNM-KOR,VNM_2019,KOR_2019,-0.5170113828530768,UNComtrade,314.1361975,5.749826641865915
VNM,KOR,2020,19125191194.829,19125191194.829,1,0,1,,0.5677,total,VNM-KOR,VNM_2020,KOR_2020,-0.5661621688054566,UNComtrade,330.0726525,5.799312789319979
VNM,KOR,2021,21934463617.35,21934463617.35,1,0,1,,0.6339,total,VNM-KOR,VNM_2021,KOR_2021,-0.4558640656920163,UNComtrade,350.73449,5.860029498475279
VNM,KOR,2022,24264612067.991,24264612067.991,1,0,1,,0.6219,total,VNM-KOR,VNM_2022,KOR_2022,-0.4749759708722934,UNComtrade,382.5086475,5.946751260854175
VNM,KOR,2023,23447750677.936,23447750677.936,1,0,1,,0.6317,total,VNM-KOR,VNM_2023,KOR_2023,-0.4593406810774822,UNComtrade,406.170605,6.006773280698111
VNM,KOR,2024,,,0,0,0,unreported_reporter_year_in_comtrade,0.6694,total,VNM-KOR,VNM_2024,KOR_2024,-0.4013734902049108,UNComtrade (Unreported),409.660625,6.015329073026767
VNM,LAO,2010,199986848.0,199986848.0,1,0,1,,,total,VNM-LAO,VNM_2010,LAO_2010,,UNComtrade,210.217665,5.348143493922238
VNM,LAO,2011,286570912.0,286570912.0,1,0,1,,,total,VNM-LAO,VNM_2011,LAO_2011,,UNComtrade,242.391935,5.490555982189507
VNM,LAO,2012,432583949.0,432583949.0,1,0,1,,,total,VNM-LAO,VNM_2012,LAO_2012,,UNComtrade,217.8999425,5.384035978068025
VNM,LAO,2013,423186684.0,423186684.0,1,0,1,,,total,VNM-LAO,VNM_2013,LAO_2013,,UNComtrade,214.92289,5.370279312634162
VNM,LAO,2014,484030928.0,484030928.0,1,0,1,,,total,VNM-LAO,VNM_2014,LAO_2014,,UNComtrade,215.43195,5.3726450824134835
VNM,LAO,2015,523310656.0,523310656.0,1,0,1,,,total,VNM-LAO,VNM_2015,LAO_2015,,UNComtrade,250.984195,5.525389969021718
VNM,LAO,2016,477757435.17,477757435.17,1,0,1,,,total,VNM-LAO,VNM_2016,LAO_2016,,UNComtrade,280.8052925,5.637661519908509
VNM,LAO,2017,518346360.2,518346360.2,1,0,1,,,total,VNM-LAO,VNM_2017,LAO_2017,,UNComtrade,285.5574275,5.65444315597903
VNM,LAO,2018,595202779.06,595202779.06,1,0,1,,,total,VNM-LAO,VNM_2018,LAO_2018,,UNComtrade,307.7880675,5.729411453596787
VNM,LAO,2019,702545475.31,702545475.31,1,0,1,,,total,VNM-LAO,VNM_2019,LAO_2019,,UNComtrade,314.1361975,5.749826641865915
VNM,LAO,2020,569114514.1,569114514.1,1,0,1,,,total,VNM-LAO,VNM_2020,LAO_2020,,UNComtrade,330.0726525,5.799312789319979
VNM,LAO,2021,594828430.474,594828430.474,1,0,1,,,total,VNM-LAO,VNM_2021,LAO_2021,,UNComtrade,350.73449,5.860029498475279
VNM,LAO,2022,656302675.094,656302675.094,1,0,1,,,total,VNM-LAO,VNM_2022,LAO_2022,,UNComtrade,382.5086475,5.946751260854175
VNM,LAO,2023,531622835.15,531622835.15,1,0,1,,,total,VNM-LAO,VNM_2023,LAO_2023,,UNComtrade,406.170605,6.006773280698111
VNM,LAO,2024,,,0,0,0,unreported_reporter_year_in_comtrade,,total,VNM-LAO,VNM_2024,LAO_2024,,UNComtrade (Unreported),409.660625,6.015329073026767
VNM,MMR,2010,49520721.0,49520721.0,1,0,1,,0.1719,total,VNM-MMR,VNM_2010,MMR_2010,-1.7608423665933337,UNComtrade,210.217665,5.348143493922238
VNM,MMR,2011,82457761.0,82457761.0,1,0,1,,0.1677,total,VNM-MMR,VNM_2011,MMR_2011,-1.785578610152974,UNComtrade,242.391935,5.490555982189507
VNM,MMR,2012,117812721.0,117812721.0,1,0,1,,0.1845,total,VNM-MMR,VNM_2012,MMR_2012,-1.6901058155015551,UNComtrade,217.8999425,5.384035978068025
VNM,MMR,2013,229746918.0,229746918.0,1,0,1,,0.2008,total,VNM-MMR,VNM_2013,MMR_2013,-1.6054458911645628,UNComtrade,214.92289,5.370279312634162
VNM,MMR,2014,344982811.0,344982811.0,1,0,1,,0.1977,total,VNM-MMR,VNM_2014,MMR_2014,-1.621004548805566,UNComtrade,215.43195,5.3726450824134835
VNM,MMR,2015,375723829.0,375723829.0,1,0,1,,0.284,total,VNM-MMR,VNM_2015,MMR_2015,-1.258781040820931,UNComtrade,250.984195,5.525389969021718
VNM,MMR,2016,461627012.94,461627012.94,1,0,1,,0.3014,total,VNM-MMR,VNM_2016,MMR_2016,-1.199316992789742,UNComtrade,280.8052925,5.637661519908509
VNM,MMR,2017,701397284.7,701397284.7,1,0,1,,0.2985,total,VNM-MMR,VNM_2017,MMR_2017,-1.2089853461494804,UNComtrade,285.5574275,5.65444315597903
VNM,MMR,2018,702069961.24,702069961.24,1,0,1,,0.3034,total,VNM-MMR,VNM_2018,MMR_2018,-1.1927032120677052,UNComtrade,307.7880675,5.729411453596787
VNM,MMR,2019,721494364.61,721494364.61,1,0,1,,0.2777,total,VNM-MMR,VNM_2019,MMR_2019,-1.2812138846693832,UNComtrade,314.1361975,5.749826641865915
VNM,MMR,2020,633261187.183,633261187.183,1,0,1,,0.2927,total,VNM-MMR,VNM_2020,MMR_2020,-1.2286070852842967,UNComtrade,330.0726525,5.799312789319979
VNM,MMR,2021,408279794.177,408279794.177,1,0,1,,0.2932,total,VNM-MMR,VNM_2021,MMR_2021,-1.2269003089696406,UNComtrade,350.73449,5.860029498475279
VNM,MMR,2022,532672269.387,532672269.387,1,0,1,,0.2763,total,VNM-MMR,VNM_2022,MMR_2022,-1.2862680470527663,UNComtrade,382.5086475,5.946751260854175
VNM,MMR,2023,437947810.758,437947810.758,1,0,1,,0.2912,total,VNM-MMR,VNM_2023,MMR_2023,-1.2337449626596062,UNComtrade,406.170605,6.006773280698111
VNM,MMR,2024,,,0,0,0,unreported_reporter_year_in_comtrade,0.3016,total,VNM-MMR,VNM_2024,MMR_2024,-1.198653642848336,UNComtrade (Unreported),409.660625,6.015329073026767
VNM,MYS,2010,2093117901.0,2093117901.0,1,0,1,,0.4501,total,VNM-MYS,VNM_2010,MYS_2010,-0.79828549868325,UNComtrade,210.217665,5.348143493922238
VNM,MYS,2011,2770807985.0,2770807985.0,1,0,1,,0.527,total,VNM-MYS,VNM_2011,MYS_2011,-0.6405547304407747,UNComtrade,242.391935,5.490555982189507
VNM,MYS,2012,4500284114.0,4500284114.0,1,0,1,,0.5213,total,VNM-MYS,VNM_2012,MYS_2012,-0.6514295872080769,UNComtrade,217.8999425,5.384035978068025
VNM,MYS,2013,4984467878.0,4984467878.0,1,0,1,,0.516,total,VNM-MYS,VNM_2013,MYS_2013,-0.6616485135005743,UNComtrade,214.92289,5.370279312634162
VNM,MYS,2014,3926398319.0,3926398319.0,1,0,1,,0.5017,total,VNM-MYS,VNM_2014,MYS_2014,-0.6897529474919297,UNComtrade,215.43195,5.3726450824134835
VNM,MYS,2015,3577076596.0,3577076596.0,1,0,1,,0.5211,total,VNM-MYS,VNM_2015,MYS_2015,-0.6518133170669681,UNComtrade,250.984195,5.525389969021718
VNM,MYS,2016,3341986324.58,3341986324.58,1,0,1,,0.5931,total,VNM-MYS,VNM_2016,MYS_2016,-0.5223922601374562,UNComtrade,280.8052925,5.637661519908509
VNM,MYS,2017,4204340138.9,4204340138.9,1,0,1,,0.5643,total,VNM-MYS,VNM_2017,MYS_2017,-0.5721692540070427,UNComtrade,285.5574275,5.65444315597903
VNM,MYS,2018,4064629590.09,4064629590.09,1,0,1,,0.5729,total,VNM-MYS,VNM_2018,MYS_2018,-0.557044097567605,UNComtrade,307.7880675,5.729411453596787
VNM,MYS,2019,3789343112.22,3789343112.22,1,0,1,,0.5865,total,VNM-MYS,VNM_2019,MYS_2019,-0.5335826108886068,UNComtrade,314.1361975,5.749826641865915
VNM,MYS,2020,3387832900.997,3387832900.997,1,0,1,,0.5541,total,VNM-MYS,VNM_2020,MYS_2020,-0.590410103108833,UNComtrade,330.0726525,5.799312789319979
VNM,MYS,2021,4383038018.637,4383038018.637,1,0,1,,0.6213,total,VNM-MYS,VNM_2021,MYS_2021,-0.4759412219124889,UNComtrade,350.73449,5.860029498475279
VNM,MYS,2022,5578933669.786,5578933669.786,1,0,1,,0.5967,total,VNM-MYS,VNM_2022,MYS_2022,-0.5163408044541008,UNComtrade,382.5086475,5.946751260854175
VNM,MYS,2023,4862760371.185,4862760371.185,1,0,1,,0.609,total,VNM-MYS,VNM_2023,MYS_2023,-0.49593701127224,UNComtrade,406.170605,6.006773280698111
VNM,MYS,2024,,,0,0,0,unreported_reporter_year_in_comtrade,0.6473,total,VNM-MYS,VNM_2024,MYS_2024,-0.4349454134306725,UNComtrade (Unreported),409.660625,6.015329073026767
VNM,NLD,2010,1688311695.0,1688311695.0,1,0,1,,0.3674,total,VNM-NLD,VNM_2010,NLD_2010,-1.0013041062011117,UNComtrade,210.217665,5.348143493922238
VNM,NLD,2011,2147980219.0,2147980219.0,1,0,1,,0.4928,total,VNM-NLD,VNM_2011,NLD_2011,-0.707651866762827,UNComtrade,242.391935,5.490555982189507
VNM,NLD,2012,2476218372.0,2476218372.0,1,0,1,,0.4741,total,VNM-NLD,VNM_2012,NLD_2012,-0.7463370090740643,UNComtrade,217.8999425,5.384035978068025
VNM,NLD,2013,2936240559.0,2936240559.0,1,0,1,,0.4687,total,VNM-NLD,VNM_2013,NLD_2013,-0.7577923740534765,UNComtrade,214.92289,5.370279312634162
VNM,NLD,2014,3762224849.0,3762224849.0,1,0,1,,0.4549,total,VNM-NLD,VNM_2014,NLD_2014,-0.7876776644061786,UNComtrade,215.43195,5.3726450824134835
VNM,NLD,2015,4759559991.0,4759559991.0,1,0,1,,0.4628,total,VNM-NLD,VNM_2015,NLD_2015,-0.7704602836626155,UNComtrade,250.984195,5.525389969021718
VNM,NLD,2016,6011626551.51,6011626551.51,1,0,1,,0.5326,total,VNM-NLD,VNM_2016,NLD_2016,-0.6299846056023053,UNComtrade,280.8052925,5.637661519908509
VNM,NLD,2017,7098906923.5,7098906923.5,1,0,1,,0.5174,total,VNM-NLD,VNM_2017,NLD_2017,-0.6589390092302083,UNComtrade,285.5574275,5.65444315597903
VNM,NLD,2018,7085098926.14,7085098926.14,1,0,1,,0.5218,total,VNM-NLD,VNM_2018,NLD_2018,-0.6504709062795089,UNComtrade,307.7880675,5.729411453596787
VNM,NLD,2019,6882619868.81,6882619868.81,1,0,1,,0.5385,total,VNM-NLD,VNM_2019,NLD_2019,-0.6189677823856938,UNComtrade,314.1361975,5.749826641865915
VNM,NLD,2020,6995473585.37,6995473585.37,1,0,1,,0.5046,total,VNM-NLD,VNM_2020,NLD_2020,-0.6839892427751796,UNComtrade,330.0726525,5.799312789319979
VNM,NLD,2021,7682035681.841,7682035681.841,1,0,1,,0.5723,total,VNM-NLD,VNM_2021,NLD_2021,-0.5580919495670804,UNComtrade,350.73449,5.860029498475279
VNM,NLD,2022,10431962619.323,10431962619.323,1,0,1,,0.5569,total,VNM-NLD,VNM_2022,NLD_2022,-0.5853695883865142,UNComtrade,382.5086475,5.946751260854175
VNM,NLD,2023,10238667781.955,10238667781.955,1,0,1,,0.5619,total,VNM-NLD,VNM_2023,NLD_2023,-0.5764313808639846,UNComtrade,406.170605,6.006773280698111
VNM,NLD,2024,,,0,0,0,unreported_reporter_year_in_comtrade,0.5989,total,VNM-NLD,VNM_2024,NLD_2024,-0.5126606397117204,UNComtrade (Unreported),409.660625,6.015329073026767
VNM,PHL,2010,1706401286.0,1706401286.0,1,0,1,,0.3263,total,VNM-PHL,VNM_2010,PHL_2010,-1.1199380753828625,UNComtrade,210.217665,5.348143493922238
VNM,PHL,2011,1535312982.0,1535312982.0,1,0,1,,0.3496,total,VNM-PHL,VNM_2011,PHL_2011,-1.0509656352007566,UNComtrade,242.391935,5.490555982189507
VNM,PHL,2012,1871461816.0,1871461816.0,1,0,1,,0.3273,total,VNM-PHL,VNM_2012,PHL_2012,-1.1168780974750023,UNComtrade,217.8999425,5.384035978068025
VNM,PHL,2013,1732313379.0,1732313379.0,1,0,1,,0.3439,total,VNM-PHL,VNM_2013,PHL_2013,-1.0674043615439166,UNComtrade,214.92289,5.370279312634162
VNM,PHL,2014,2310333489.0,2310333489.0,1,0,1,,0.347,total,VNM-PHL,VNM_2014,PHL_2014,-1.058430499035278,UNComtrade,215.43195,5.3726450824134835
VNM,PHL,2015,2016400548.0,2016400548.0,1,0,1,,0.3391,total,VNM-PHL,VNM_2015,PHL_2015,-1.081460229850544,UNComtrade,250.984195,5.525389969021718
VNM,PHL,2016,2219874628.81,2219874628.81,1,0,1,,0.3642,total,VNM-PHL,VNM_2016,PHL_2016,-1.0100521116886294,UNComtrade,280.8052925,5.637661519908509
VNM,PHL,2017,2833417324.1,2833417324.1,1,0,1,,0.3588,total,VNM-PHL,VNM_2017,PHL_2017,-1.024990148797496,UNComtrade,285.5574275,5.65444315597903
VNM,PHL,2018,3464941934.0,3464941934.0,1,0,1,,0.377,total,VNM-PHL,VNM_2018,PHL_2018,-0.9755100915341264,UNComtrade,307.7880675,5.729411453596787
VNM,PHL,2019,3734029201.0,3734029201.0,1,0,1,,0.3761,total,VNM-PHL,VNM_2019,PHL_2019,-0.9779002135058464,UNComtrade,314.1361975,5.749826641865915
VNM,PHL,2020,3563388565.995,3563388565.995,1,0,1,,0.3539,total,VNM-PHL,VNM_2020,PHL_2020,-1.0387408916307197,UNComtrade,330.0726525,5.799312789319979
VNM,PHL,2021,4579179310.783,4579179310.783,1,0,1,,0.3362,total,VNM-PHL,VNM_2021,PHL_2021,-1.090049058007622,UNComtrade,350.73449,5.860029498475279
VNM,PHL,2022,5107836341.156,5107836341.156,1,0,1,,0.3408,total,VNM-PHL,VNM_2022,PHL_2022,-1.0764594840269763,UNComtrade,382.5086475,5.946751260854175
VNM,PHL,2023,5148559399.359,5148559399.359,1,0,1,,0.379,total,VNM-PHL,VNM_2023,PHL_2023,-0.9702190738997108,UNComtrade,406.170605,6.006773280698111
VNM,PHL,2024,,,0,0,0,unreported_reporter_year_in_comtrade,0.3884,total,VNM-PHL,VNM_2024,PHL_2024,-0.9457195425649672,UNComtrade (Unreported),409.660625,6.015329073026767
VNM,SGP,2010,2121313598.0,2121313598.0,1,0,1,,0.4556,total,VNM-SGP,VNM_2010,SGP_2010,-0.7861400474091099,UNComtrade,210.217665,5.348143493922238
VNM,SGP,2011,2149252194.0,2149252194.0,1,0,1,,0.5284,total,VNM-SGP,VNM_2011,SGP_2011,-0.6379017063339668,UNComtrade,242.391935,5.490555982189507
VNM,SGP,2012,2367682539.0,2367682539.0,1,0,1,,0.5203,total,VNM-SGP,VNM_2012,SGP_2012,-0.6533497106858792,UNComtrade,217.8999425,5.384035978068025
VNM,SGP,2013,2691473638.0,2691473638.0,1,0,1,,0.5139,total,VNM-SGP,VNM_2013,SGP_2013,-0.6657265849839531,UNComtrade,214.92289,5.370279312634162
VNM,SGP,2014,2942039930.0,2942039930.0,1,0,1,,0.4997,total,VNM-SGP,VNM_2014,SGP_2014,-0.6937473606319777,UNComtrade,215.43195,5.3726450824134835
VNM,SGP,2015,3256607245.0,3256607245.0,1,0,1,,0.5225,total,VNM-SGP,VNM_2015,SGP_2015,-0.649130295143171,UNComtrade,250.984195,5.525389969021718
VNM,SGP,2016,2419889198.94,2419889198.94,1,0,1,,0.5956,total,VNM-SGP,VNM_2016,SGP_2016,-0.5181859781722831,UNComtrade,280.8052925,5.637661519908509
VNM,SGP,2017,2979172320.1,2979172320.1,1,0,1,,0.5708,total,VNM-SGP,VNM_2017,SGP_2017,-0.5607163933794558,UNComtrade,285.5574275,5.65444315597903
VNM,SGP,2018,3195876740.12,3195876740.12,1,0,1,,0.58,total,VNM-SGP,VNM_2018,SGP_2018,-0.5447271754416722,UNComtrade,307.7880675,5.729411453596787
VNM,SGP,2019,3174304977.65,3174304977.65,1,0,1,,0.5941,total,VNM-SGP,VNM_2019,SGP_2019,-0.5207076236204413,UNComtrade,314.1361975,5.749826641865915
VNM,SGP,2020,3009332682.107,3009332682.107,1,0,1,,0.5608,total,VNM-SGP,VNM_2020,SGP_2020,-0.5783909432617568,UNComtrade,330.0726525,5.799312789319979
VNM,SGP,2021,3967504129.502,3967504129.502,1,0,1,,0.6292,total,VNM-SGP,VNM_2021,SGP_2021,-0.4633061077980143,UNComtrade,350.73449,5.860029498475279
VNM,SGP,2022,4307666513.434,4307666513.434,1,0,1,,0.6018,total,VNM-SGP,VNM_2022,SGP_2022,-0.5078301147861922,UNComtrade,382.5086475,5.946751260854175
VNM,SGP,2023,4288268287.241,4288268287.241,1,0,1,,0.6154,total,VNM-SGP,VNM_2023,SGP_2023,-0.4854828160941957,UNComtrade,406.170605,6.006773280698111
VNM,SGP,2024,,,0,0,0,unreported_reporter_year_in_comtrade,0.6547,total,VNM-SGP,VNM_2024,SGP_2024,-0.4235781635350914,UNComtrade (Unreported),409.660625,6.015329073026767
VNM,THA,2010,1182842286.0,1182842286.0,1,0,1,,0.4271,total,VNM-THA,VNM_2010,THA_2010,-0.8507371011347162,UNComtrade,210.217665,5.348143493922238
VNM,THA,2011,1938258935.0,1938258935.0,1,0,1,,0.4481,total,VNM-THA,VNM_2011,THA_2011,-0.8027388571900397,UNComtrade,242.391935,5.490555982189507
VNM,THA,2012,2832178265.0,2832178265.0,1,0,1,,0.4321,total,VNM-THA,VNM_2012,THA_2012,-0.8390982360442496,UNComtrade,217.8999425,5.384035978068025
VNM,THA,2013,3069558995.0,3069558995.0,1,0,1,,0.4464,total,VNM-THA,VNM_2013,THA_2013,-0.8065398679150358,UNComtrade,214.92289,5.370279312634162
VNM,THA,2014,3473523370.0,3473523370.0,1,0,1,,0.4385,total,VNM-THA,VNM_2014,THA_2014,-0.8243954671698993,UNComtrade,215.43195,5.3726450824134835
VNM,THA,2015,3177665958.0,3177665958.0,1,0,1,,0.4586,total,VNM-THA,VNM_2015,THA_2015,-0.779576908558333,UNComtrade,250.984195,5.525389969021718
VNM,THA,2016,3690731565.78,3690731565.78,1,0,1,,0.4811,total,VNM-THA,VNM_2016,THA_2016,-0.731680130276729,UNComtrade,280.8052925,5.637661519908509
VNM,THA,2017,4800868768.4,4800868768.4,1,0,1,,0.4707,total,VNM-THA,VNM_2017,THA_2017,-0.7535343305750405,UNComtrade,285.5574275,5.65444315597903
VNM,THA,2018,5267503718.61,5267503718.61,1,0,1,,0.4701,total,VNM-THA,VNM_2018,THA_2018,-0.7548098409520522,UNComtrade,307.7880675,5.729411453596787
VNM,THA,2019,5050229682.32,5050229682.32,1,0,1,,0.4947,total,VNM-THA,VNM_2019,THA_2019,-0.7038037607484742,UNComtrade,314.1361975,5.749826641865915
VNM,THA,2020,4904499747.392,4904499747.392,1,0,1,,0.4941,total,VNM-THA,VNM_2020,THA_2020,-0.7050173531304328,UNComtrade,330.0726525,5.799312789319979
VNM,THA,2021,6066102393.709,6066102393.709,1,0,1,,0.5462,total,VNM-THA,VNM_2021,THA_2021,-0.6047700699425324,UNComtrade,350.73449,5.860029498475279
VNM,THA,2022,7349684827.218,7349684827.218,1,0,1,,0.5591,total,VNM-THA,VNM_2022,THA_2022,-0.5814269309495373,UNComtrade,382.5086475,5.946751260854175
VNM,THA,2023,6930981926.476,6930981926.476,1,0,1,,0.5713,total,VNM-THA,VNM_2023,THA_2023,-0.5598408132517202,UNComtrade,406.170605,6.006773280698111
VNM,THA,2024,,,0,0,0,unreported_reporter_year_in_comtrade,0.5956,total,VNM-THA,VNM_2024,THA_2024,-0.5181859781722831,UNComtrade (Unreported),409.660625,6.015329073026767
VNM,TWN,2010,1442841904.0,1442841904.0,1,0,1,,0.4474,total,VNM-TWN,VNM_2010,TWN_2010,-0.8043022299261078,UNComtrade,210.217665,5.348143493922238
VNM,TWN,2011,1843297754.0,1843297754.0,1,0,1,,0.505,total,VNM-TWN,VNM_2011,TWN_2011,-0.6831968497067772,UNComtrade,242.391935,5.490555982189507
VNM,TWN,2012,2081512511.0,2081512511.0,1,0,1,,0.4795,total,VNM-TWN,VNM_2012,TWN_2012,-0.7350113846586441,UNComtrade,217.8999425,5.384035978068025
VNM,TWN,2013,2223615506.0,2223615506.0,1,0,1,,0.4894,total,VNM-TWN,VNM_2013,TWN_2013,-0.7145751279735658,UNComtrade,214.92289,5.370279312634162
VNM,TWN,2014,2306504448.0,2306504448.0,1,0,1,,0.4825,total,VNM-TWN,VNM_2014,TWN_2014,-0.7287743582030964,UNComtrade,215.43195,5.3726450824134835
VNM,TWN,2015,2076425109.0,2076425109.0,1,0,1,,0.5028,total,VNM-TWN,VNM_2015,TWN_2015,-0.6875628022660446,UNComtrade,250.984195,5.525389969021718
VNM,TWN,2016,2272039956.85,2272039956.85,1,0,1,,0.5573,total,VNM-TWN,VNM_2016,TWN_2016,-0.5846515844066463,UNComtrade,280.8052925,5.637661519908509
VNM,TWN,2017,2568268599.5,2568268599.5,1,0,1,,0.5477,total,VNM-TWN,VNM_2017,TWN_2017,-0.6020275871924615,UNComtrade,285.5574275,5.65444315597903
VNM,TWN,2018,3151439849.9,3151439849.9,1,0,1,,0.5626,total,VNM-TWN,VNM_2018,TWN_2018,-0.5751863829263806,UNComtrade,307.7880675,5.729411453596787
VNM,TWN,2019,4404371054.12,4404371054.12,1,0,1,,0.5796,total,VNM-TWN,VNM_2019,TWN_2019,-0.5454170685356098,UNComtrade,314.1361975,5.749826641865915
VNM,TWN,2020,4319555205.59,4319555205.59,1,0,1,,0.5503,total,VNM-TWN,VNM_2020,TWN_2020,-0.5972916949164239,UNComtrade,330.0726525,5.799312789319979
VNM,TWN,2021,4585684176.566,4585684176.566,1,0,1,,0.6191,total,VNM-TWN,VNM_2021,TWN_2021,-0.4794884684569506,UNComtrade,350.73449,5.860029498475279
VNM,TWN,2022,5105833419.178,5105833419.178,1,0,1,,0.5916,total,VNM-TWN,VNM_2022,TWN_2022,-0.5249245481454923,UNComtrade,382.5086475,5.946751260854175
VNM,TWN,2023,4709339168.779,4709339168.779,1,0,1,,0.5963,total,VNM-TWN,VNM_2023,TWN_2023,-0.5170113828530768,UNComtrade,406.170605,6.006773280698111
VNM,TWN,2024,,,0,0,0,unreported_reporter_year_in_comtrade,0.634,total,VNM-TWN,VNM_2024,TWN_2024,-0.4557063245449111,UNComtrade (Unreported),409.660625,6.015329073026767
VNM,USA,2010,14250850102.0,14250850102.0,1,0,1,,0.4444,total,VNM-USA,VNM_2010,USA_2010,-0.8110302212166621,UNComtrade,210.217665,5.348143493922238
VNM,USA,2011,16970422000.0,16970422000.0,1,0,1,,0.5048,total,VNM-USA,VNM_2011,USA_2011,-0.6835929677551336,UNComtrade,242.391935,5.490555982189507
VNM,USA,2012,19680928506.0,19680928506.0,1,0,1,,0.481,total,VNM-USA,VNM_2012,USA_2012,-0.731888008876376,UNComtrade,217.8999425,5.384035978068025
VNM,USA,2013,23869948676.0,23869948676.0,1,0,1,,0.492,total,VNM-USA,VNM_2013,USA_2013,-0.709276562489829,UNComtrade,214.92289,5.370279312634162
VNM,USA,2014,28649808856.0,28649808856.0,1,0,1,,0.4893,total,VNM-USA,VNM_2014,USA_2014,-0.7147794806870591,UNComtrade,215.43195,5.3726450824134835
VNM,USA,2015,33475028550.0,33475028550.0,1,0,1,,0.5012,total,VNM-USA,VNM_2015,USA_2015,-0.6907500559602239,UNComtrade,250.984195,5.525389969021718
VNM,USA,2016,38473176751.16,38473176751.16,1,0,1,,0.5629,total,VNM-USA,VNM_2016,USA_2016,-0.5746532865121562,UNComtrade,280.8052925,5.637661519908509
VNM,USA,2017,41549714669.6,41549714669.6,1,0,1,,0.538,total,VNM-USA,VNM_2017,USA_2017,-0.6198967188203526,UNComtrade,285.5574275,5.65444315597903
VNM,USA,2018,47580105780.65,47580105780.65,1,0,1,,0.5363,total,VNM-USA,VNM_2018,USA_2018,-0.6230615729932576,UNComtrade,307.7880675,5.729411453596787
VNM,USA,2019,61403966393.11,61403966393.11,1,0,1,,0.558,total,VNM-USA,VNM_2019,USA_2019,-0.583396316600826,UNComtrade,314.1361975,5.749826641865915
VNM,USA,2020,77072438528.127,77072438528.127,1,0,1,,0.5186,total,VNM-USA,VNM_2020,USA_2020,-0.6566224058775731,UNComtrade,330.0726525,5.799312789319979
VNM,USA,2021,96327539432.846,96327539432.846,1,0,1,,0.5895,total,VNM-USA,VNM_2021,USA_2021,-0.5284805590047114,UNComtrade,350.73449,5.860029498475279
VNM,USA,2022,109459565524.155,109459565524.155,1,0,1,,0.5809,total,VNM-USA,VNM_2022,USA_2022,-0.5431766539836503,UNComtrade,382.5086475,5.946751260854175
VNM,USA,2023,97071533042.637,97071533042.637,1,0,1,,0.5492,total,VNM-USA,VNM_2023,USA_2023,-0.599292605088321,UNComtrade,406.170605,6.006773280698111
VNM,USA,2024,,,0,0,0,unreported_reporter_year_in_comtrade,0.571,total,VNM-USA,VNM_2024,USA_2024,-0.5603660693261269,UNComtrade (Unreported),409.660625,6.015329073026767
