exporter_iso3,importer_iso3,year,trade_usd,source_flag
BRN,ARE,2010,687071.349,UNComtrade
BRN,ARE,2011,1783672.578,UNComtrade
BRN,ARE,2012,956131.0,UNComtrade
BRN,ARE,2013,966153.0,UNComtrade
BRN,ARE,2014,1890935.0,UNComtrade
BRN,ARE,2015,735952.0,UNComtrade
BRN,ARE,2016,12269148.0,UNComtrade
BRN,ARE,2017,3976613.958,UNComtrade
BRN,ARE,2018,4496356.026,UNComtrade
BRN,ARE,2019,19912697.95,UNComtrade
BRN,ARE,2020,838137.86,UNComtrade
BRN,ARE,2021,24897657.88,UNComtrade
BRN,ARE,2022,824375.462,UNComtrade
BRN,ARE,2023,3265956.316,UNComtrade
BRN,ARE,2024,2178547.363,UNComtrade
BRN,AUS,2010,919875539.512,UNComtrade
BRN,AUS,2011,1236027782.888,UNComtrade
BRN,AUS,2012,968684908.0,UNComtrade
BRN,AUS,2013,837517744.0,UNComtrade
BRN,AUS,2014,795494255.0,UNComtrade
BRN,AUS,2015,221848108.0,UNComtrade
BRN,AUS,2016,231745249.0,UNComtrade
BRN,AUS,2017,152305010.617,UNComtrade
BRN,AUS,2018,578379703.184,UNComtrade
BRN,AUS,2019,715736232.48,UNComtrade
BRN,AUS,2020,332081041.78,UNComtrade
BRN,AUS,2021,1379143953.33,UNComtrade
BRN,AUS,2022,2932198016.889,UNComtrade
BRN,AUS,2023,2429017736.528,UNComtrade
BRN,AUS,2024,2226358419.451,UNComtrade
BRN,CAN,2010,619098.016,UNComtrade
BRN,CAN,2011,3129845.724,UNComtrade
BRN,CAN,2012,944626.0,UNComtrade
BRN,CAN,2013,2189896.0,UNComtrade
BRN,CAN,2014,243832053.0,UNComtrade
BRN,CAN,2015,657060.0,UNComtrade
BRN,CAN,2016,483169.0,UNComtrade
BRN,CAN,2017,873969.225,UNComtrade
BRN,CAN,2018,1501212.474,UNComtrade
BRN,CAN,2019,360036.23,UNComtrade
BRN,CAN,2020,2034361.75,UNComtrade
BRN,CAN,2021,555529.21,UNComtrade
BRN,CAN,2022,3718455.159,UNComtrade
BRN,CAN,2023,1890031.754,UNComtrade
BRN,CAN,2024,2342610.957,UNComtrade
BRN,CHN,2010,586861885.317,UNComtrade
BRN,CHN,2011,529231032.628,UNComtrade
BRN,CHN,2012,348948919.0,UNComtrade
BRN,CHN,2013,156245908.0,UNComtrade
BRN,CHN,2014,95382869.0,UNComtrade
BRN,CHN,2015,96465766.0,UNComtrade
BRN,CHN,2016,227447779.0,UNComtrade
BRN,CHN,2017,269112683.5,UNComtrade
BRN,CHN,2018,237264816.302,UNComtrade
BRN,CHN,2019,429095783.98,UNComtrade
BRN,CHN,2020,1168825690.55,UNComtrade
BRN,CHN,2021,2222938073.17,UNComtrade
BRN,CHN,2022,2214079250.99,UNComtrade
BRN,CHN,2023,1876594268.177,UNComtrade
BRN,CHN,2024,2048373487.144,UNComtrade
BRN,DEU,2010,4255617.306,UNComtrade
BRN,DEU,2011,8849820.675,UNComtrade
BRN,DEU,2012,14819264.0,UNComtrade
BRN,DEU,2013,2565892.0,UNComtrade
BRN,DEU,2014,4243829.0,UNComtrade
BRN,DEU,2015,5691368.0,UNComtrade
BRN,DEU,2016,3240699.0,UNComtrade
BRN,DEU,2017,3298965.312,UNComtrade
BRN,DEU,2018,2648822.892,UNComtrade
BRN,DEU,2019,2386524.12,UNComtrade
BRN,DEU,2020,644433.28,UNComtrade
BRN,DEU,2021,727249.87,UNComtrade
BRN,DEU,2022,3678668.521,UNComtrade
BRN,DEU,2023,2012469.909,UNComtrade
BRN,DEU,2024,4408028.531,UNComtrade
BRN,GBR,2010,10363004.196,UNComtrade
BRN,GBR,2011,11286956.729,UNComtrade
BRN,GBR,2012,10087080.0,UNComtrade
BRN,GBR,2013,10088737.0,UNComtrade
BRN,GBR,2014,6887183.0,UNComtrade
BRN,GBR,2015,10308720.0,UNComtrade
BRN,GBR,2016,31406427.0,UNComtrade
BRN,GBR,2017,11338829.18,UNComtrade
BRN,GBR,2018,16617026.682,UNComtrade
BRN,GBR,2019,18624541.11,UNComtrade
BRN,GBR,2020,4164490.87,UNComtrade
BRN,GBR,2021,12412738.96,UNComtrade
BRN,GBR,2022,23403094.63,UNComtrade
BRN,GBR,2023,22393752.639,UNComtrade
BRN,GBR,2024,2779248.537,UNComtrade
BRN,HKG,2010,19608478.718,UNComtrade
BRN,HKG,2011,17044693.567,UNComtrade
BRN,HKG,2012,4513937.0,UNComtrade
BRN,HKG,2013,4206789.0,UNComtrade
BRN,HKG,2014,6264538.0,UNComtrade
BRN,HKG,2015,7411149.0,UNComtrade
BRN,HKG,2016,3413387.0,UNComtrade
BRN,HKG,2017,7449458.576,UNComtrade
BRN,HKG,2018,9983060.899,UNComtrade
BRN,HKG,2019,25850938.31,UNComtrade
BRN,HKG,2020,2029001.9,UNComtrade
BRN,HKG,2021,101767636.57,UNComtrade
BRN,HKG,2022,13412970.541,UNComtrade
BRN,HKG,2023,40757699.278,UNComtrade
BRN,HKG,2024,1212483.009,UNComtrade
BRN,IDN,2010,632162597.095,UNComtrade
BRN,IDN,2011,849448087.558,UNComtrade
BRN,IDN,2012,459874275.0,UNComtrade
BRN,IDN,2013,538917280.0,UNComtrade
BRN,IDN,2014,637063490.0,UNComtrade
BRN,IDN,2015,102635440.0,UNComtrade
BRN,IDN,2016,84832729.0,UNComtrade
BRN,IDN,2017,36636644.352,UNComtrade
BRN,IDN,2018,43876108.631,UNComtrade
BRN,IDN,2019,38537555.66,UNComtrade
BRN,IDN,2020,71901217.67,UNComtrade
BRN,IDN,2021,187931213.85,UNComtrade
BRN,IDN,2022,674584534.164,UNComtrade
BRN,IDN,2023,330903436.527,UNComtrade
BRN,IDN,2024,375211625.506,UNComtrade
BRN,IND,2010,496065717.608,UNComtrade
BRN,IND,2011,1006354532.686,UNComtrade
BRN,IND,2012,1157799438.0,UNComtrade
BRN,IND,2013,864086048.0,UNComtrade
BRN,IND,2014,957138369.0,UNComtrade
BRN,IND,2015,575321154.0,UNComtrade
BRN,IND,2016,455898063.0,UNComtrade
BRN,IND,2017,544901107.107,UNComtrade
BRN,IND,2018,491955269.325,UNComtrade
BRN,IND,2019,602447574.8,UNComtrade
BRN,IND,2020,347753067.04,UNComtrade
BRN,IND,2021,440543374.25,UNComtrade
BRN,IND,2022,298853934.141,UNComtrade
BRN,IND,2023,174310964.995,UNComtrade
BRN,IND,2024,256782495.327,UNComtrade
BRN,ITA,2010,232122.335,UNComtrade
BRN,ITA,2011,249947.322,UNComtrade
BRN,ITA,2012,456830.0,UNComtrade
BRN,ITA,2013,149159.0,UNComtrade
BRN,ITA,2014,280570758.0,UNComtrade
BRN,ITA,2015,97633.0,UNComtrade
BRN,ITA,2016,255399.0,UNComtrade
BRN,ITA,2017,1479031.681,UNComtrade
BRN,ITA,2018,1542587.68,UNComtrade
BRN,ITA,2019,383820.28,UNComtrade
BRN,ITA,2020,1030019.24,UNComtrade
BRN,ITA,2021,1256985.85,UNComtrade
BRN,ITA,2022,2893468.669,UNComtrade
BRN,ITA,2023,1274658.324,UNComtrade
BRN,ITA,2024,2397946.258,UNComtrade
BRN,JPN,2010,3871952327.709,UNComtrade
BRN,JPN,2011,5403506024.973,UNComtrade
BRN,JPN,2012,5737858907.0,UNComtrade
BRN,JPN,2013,4553392802.0,UNComtrade
BRN,JPN,2014,3910751887.0,UNComtrade
BRN,JPN,2015,2308974356.0,UNComtrade
BRN,JPN,2016,1691682727.0,UNComtrade
BRN,JPN,2017,1630299600.106,UNComtrade
BRN,JPN,2018,2282379465.12,UNComtrade
BRN,JPN,2019,2206885872.4,UNComtrade
BRN,JPN,2020,1691579333.02,UNComtrade
BRN,JPN,2021,2248730609.5,UNComtrade
BRN,JPN,2022,2472368382.937,UNComtrade
BRN,JPN,2023,1562749390.687,UNComtrade
BRN,JPN,2024,1528532371.63,UNComtrade
BRN,KHM,2010,60848.502,UNComtrade
BRN,KHM,2011,42642.057,UNComtrade
BRN,KHM,2012,7702.0,UNComtrade
BRN,KHM,2013,1040.0,UNComtrade
BRN,KHM,2014,39217.0,UNComtrade
BRN,KHM,2015,6568.0,UNComtrade
BRN,KHM,2016,175609.0,UNComtrade
BRN,KHM,2017,350924.224,UNComtrade
BRN,KHM,2018,21616.619,UNComtrade
BRN,KHM,2019,7328.09,UNComtrade
BRN,KHM,2020,18165.15,UNComtrade
BRN,KHM,2021,36367.84,UNComtrade
BRN,KHM,2022,17717738.052,UNComtrade
BRN,KHM,2023,12041228.881,UNComtrade
BRN,KHM,2024,27038126.816,UNComtrade
BRN,KOR,2010,1486459787.803,UNComtrade
BRN,KOR,2011,1990838832.754,UNComtrade
BRN,KOR,2012,2046767256.0,UNComtrade
BRN,KOR,2013,1867075297.0,UNComtrade
BRN,KOR,2014,1152075731.0,UNComtrade
BRN,KOR,2015,993010909.0,UNComtrade
BRN,KOR,2016,695320709.0,UNComtrade
BRN,KOR,2017,789360593.224,UNComtrade
BRN,KOR,2018,614808173.075,UNComtrade
BRN,KOR,2019,338118165.01,UNComtrade
BRN,KOR,2020,142164478.8,UNComtrade
BRN,KOR,2021,66422860.0,UNComtrade
BRN,KOR,2022,250785247.531,UNComtrade
BRN,KOR,2023,301279937.659,UNComtrade
BRN,KOR,2024,365072211.622,UNComtrade
BRN,LAO,2010,8919.272,UNComtrade
BRN,LAO,2011,94022.396,UNComtrade
BRN,LAO,2012,561.0,UNComtrade
BRN,LAO,2013,240.0,UNComtrade
BRN,LAO,2014,22825.0,UNComtrade
BRN,LAO,2015,14707.0,UNComtrade
BRN,LAO,2016,41690.0,UNComtrade
BRN,LAO,2017,5626.019,UNComtrade
BRN,LAO,2018,20299.804,UNComtrade
BRN,LAO,2019,1530.34,UNComtrade
BRN,LAO,2020,36.22,UNComtrade
BRN,LAO,2022,191.739,UNComtrade
BRN,LAO,2023,39.462,UNComtrade
BRN,MMR,2010,39845.245,UNComtrade
BRN,MMR,2011,39348.506,UNComtrade
BRN,MMR,2012,27054.0,UNComtrade
BRN,MMR,2013,35557.0,UNComtrade
BRN,MMR,2014,59292.0,UNComtrade
BRN,MMR,2015,27622.0,UNComtrade
BRN,MMR,2016,141654.0,UNComtrade
BRN,MMR,2017,54286.908,UNComtrade
BRN,MMR,2018,139073.55,UNComtrade
BRN,MMR,2019,18959.95,UNComtrade
BRN,MMR,2020,240.05,UNComtrade
BRN,MMR,2021,101810.82,UNComtrade
BRN,MMR,2022,54475385.095,UNComtrade
BRN,MMR,2023,4306663.892,UNComtrade
BRN,MMR,2024,7219953.577,UNComtrade
BRN,MYS,2010,132379200.191,UNComtrade
BRN,MYS,2011,368861693.585,UNComtrade
BRN,MYS,2012,89207800.0,UNComtrade
BRN,MYS,2013,444537424.0,UNComtrade
BRN,MYS,2014,370408274.0,UNComtrade
BRN,MYS,2015,293642113.0,UNComtrade
BRN,MYS,2016,277900703.0,UNComtrade
BRN,MYS,2017,625636237.129,UNComtrade
BRN,MYS,2018,499837109.678,UNComtrade
BRN,MYS,2019,611525035.32,UNComtrade
BRN,MYS,2020,509231301.01,UNComtrade
BRN,MYS,2021,550120627.42,UNComtrade
BRN,MYS,2022,1440538291.778,UNComtrade
BRN,MYS,2023,768113970.399,UNComtrade
BRN,MYS,2024,802579424.083,UNComtrade
BRN,NLD,2010,2728143.706,UNComtrade
BRN,NLD,2011,4645450.174,UNComtrade
BRN,NLD,2012,2683423.0,UNComtrade
BRN,NLD,2013,2673264.0,UNComtrade
BRN,NLD,2014,5966700.0,UNComtrade
BRN,NLD,2015,4300625.0,UNComtrade
BRN,NLD,2016,383506.0,UNComtrade
BRN,NLD,2017,96545.343,UNComtrade
BRN,NLD,2019,73.74,UNComtrade
BRN,NLD,2022,2716203.529,UNComtrade
BRN,PHL,2010,6108740.255,UNComtrade
BRN,PHL,2011,9075701.469,UNComtrade
BRN,PHL,2012,60579391.0,UNComtrade
BRN,PHL,2013,82662235.0,UNComtrade
BRN,PHL,2014,76382212.0,UNComtrade
BRN,PHL,2015,24831066.0,UNComtrade
BRN,PHL,2016,24868041.0,UNComtrade
BRN,PHL,2017,43249799.189,UNComtrade
BRN,PHL,2018,36542482.042,UNComtrade
BRN,PHL,2019,119006449.94,UNComtrade
BRN,PHL,2020,145569142.59,UNComtrade
BRN,PHL,2021,552822795.06,UNComtrade
BRN,PHL,2022,426912668.477,UNComtrade
BRN,PHL,2023,258240424.015,UNComtrade
BRN,PHL,2024,310878547.741,UNComtrade
BRN,SGP,2010,251184498.833,UNComtrade
BRN,SGP,2011,218686969.165,UNComtrade
BRN,SGP,2012,233200173.0,UNComtrade
BRN,SGP,2013,501121163.0,UNComtrade
BRN,SGP,2014,342557648.0,UNComtrade
BRN,SGP,2015,222165576.0,UNComtrade
BRN,SGP,2016,324530551.0,UNComtrade
BRN,SGP,2017,425537509.943,UNComtrade
BRN,SGP,2018,556908262.202,UNComtrade
BRN,SGP,2019,966886291.51,UNComtrade
BRN,SGP,2020,1408189776.38,UNComtrade
BRN,SGP,2021,2368336188.66,UNComtrade
BRN,SGP,2022,1928360832.729,UNComtrade
BRN,SGP,2023,1918655824.698,UNComtrade
BRN,SGP,2024,1463898287.808,UNComtrade
BRN,THA,2010,78128452.3,UNComtrade
BRN,THA,2011,96121051.365,UNComtrade
BRN,THA,2012,473029204.0,UNComtrade
BRN,THA,2013,481223323.0,UNComtrade
BRN,THA,2014,547588584.0,UNComtrade
BRN,THA,2015,548605836.0,UNComtrade
BRN,THA,2016,436213819.0,UNComtrade
BRN,THA,2017,611505485.243,UNComtrade
BRN,THA,2018,689784424.54,UNComtrade
BRN,THA,2019,552123940.78,UNComtrade
BRN,THA,2020,293695158.51,UNComtrade
BRN,THA,2021,517942647.03,UNComtrade
BRN,THA,2022,465899091.572,UNComtrade
BRN,THA,2023,549082787.595,UNComtrade
BRN,THA,2024,602297354.467,UNComtrade
BRN,TWN,2010,4466472.475,UNComtrade
BRN,TWN,2011,33654041.681,UNComtrade
BRN,TWN,2012,32060440.0,UNComtrade
BRN,TWN,2013,8274288.0,UNComtrade
BRN,TWN,2014,580075311.0,UNComtrade
BRN,TWN,2015,436508543.0,UNComtrade
BRN,TWN,2016,134558576.0,UNComtrade
BRN,TWN,2017,205733690.538,UNComtrade
BRN,TWN,2018,395156880.565,UNComtrade
BRN,TWN,2019,135622414.48,UNComtrade
BRN,TWN,2020,88505042.36,UNComtrade
BRN,TWN,2021,121547652.45,UNComtrade
BRN,TWN,2022,21721633.113,UNComtrade
BRN,TWN,2023,189694378.29,UNComtrade
BRN,TWN,2024,241101109.964,UNComtrade
BRN,USA,2010,14218645.136,UNComtrade
BRN,USA,2011,12525570.24,UNComtrade
BRN,USA,2012,95109169.0,UNComtrade
BRN,USA,2013,9079552.0,UNComtrade
BRN,USA,2014,19760290.0,UNComtrade
BRN,USA,2015,52710894.0,UNComtrade
BRN,USA,2016,9867486.0,UNComtrade
BRN,USA,2017,28690024.887,UNComtrade
BRN,USA,2018,58267229.206,UNComtrade
BRN,USA,2019,36756418.38,UNComtrade
BRN,USA,2020,76113757.03,UNComtrade
BRN,USA,2021,8564356.77,UNComtrade
BRN,USA,2022,128596541.362,UNComtrade
BRN,USA,2023,99088620.919,UNComtrade
BRN,USA,2024,178600926.56,UNComtrade
BRN,VNM,2010,6606122.889,UNComtrade
BRN,VNM,2011,187889225.599,UNComtrade
BRN,VNM,2012,592325875.0,UNComtrade
BRN,VNM,2013,602303668.0,UNComtrade
BRN,VNM,2014,101973620.0,UNComtrade
BRN,VNM,2015,47153344.0,UNComtrade
BRN,VNM,2016,63883137.0,UNComtrade
BRN,VNM,2017,44205710.041,UNComtrade
BRN,VNM,2018,24402853.168,UNComtrade
BRN,VNM,2019,198742894.5,UNComtrade
BRN,VNM,2020,227041065.66,UNComtrade
BRN,VNM,2021,198627545.23,UNComtrade
BRN,VNM,2022,580278082.648,UNComtrade
BRN,VNM,2023,174186148.709,UNComtrade
BRN,VNM,2024,486853511.949,UNComtrade
IDN,ARE,2010,1475344153.0,UNComtrade
IDN,ARE,2011,1734502265.0,UNComtrade
IDN,ARE,2012,1619000949.0,UNComtrade
IDN,ARE,2013,1589066711.0,UNComtrade
IDN,ARE,2014,2503133955.0,UNComtrade
IDN,ARE,2015,1926403037.0,UNComtrade
IDN,ARE,2016,1612105635.0,UNComtrade
IDN,ARE,2017,1626363331.89,UNComtrade
IDN,ARE,2018,1460698872.119,UNComtrade
IDN,ARE,2019,1471228495.233,UNComtrade
IDN,ARE,2020,1243961864.778,UNComtrade
IDN,ARE,2021,1894285929.315,UNComtrade
IDN,ARE,2022,2297101262.794,UNComtrade
IDN,ARE,2023,2648715165.099,UNComtrade
IDN,ARE,2024,3065473511.622,UNComtrade
IDN,AUS,2010,4244396928.0,UNComtrade
IDN,AUS,2011,5582530032.0,UNComtrade
IDN,AUS,2012,4905413057.0,UNComtrade
IDN,AUS,2013,4370481872.0,UNComtrade
IDN,AUS,2014,4962452276.0,UNComtrade
IDN,AUS,2015,3702296010.0,UNComtrade
IDN,AUS,2016,3199006498.0,UNComtrade
IDN,AUS,2017,2524361564.76,UNComtrade
IDN,AUS,2018,2800076332.7,UNComtrade
IDN,AUS,2019,2328625110.319,UNComtrade
IDN,AUS,2020,2505717328.925,UNComtrade
IDN,AUS,2021,3223544859.687,UNComtrade
IDN,AUS,2022,3466415847.684,UNComtrade
IDN,AUS,2023,3176774968.281,UNComtrade
IDN,AUS,2024,4966793611.698,UNComtrade
IDN,BRN,2010,60963938.0,UNComtrade
IDN,BRN,2011,81689361.0,UNComtrade
IDN,BRN,2012,81755280.0,UNComtrade
IDN,BRN,2013,122695879.0,UNComtrade
IDN,BRN,2014,100296035.0,UNComtrade
IDN,BRN,2015,91229766.0,UNComtrade
IDN,BRN,2016,88667291.0,UNComtrade
IDN,BRN,2017,64506597.68,UNComtrade
IDN,BRN,2018,61180995.09,UNComtrade
IDN,BRN,2019,103153604.249,UNComtrade
IDN,BRN,2020,128962066.481,UNComtrade
IDN,BRN,2021,211441837.616,UNComtrade
IDN,BRN,2022,240141890.448,UNComtrade
IDN,BRN,2023,197189790.794,UNComtrade
IDN,BRN,2024,227795002.79,UNComtrade
IDN,CAN,2010,731910614.0,UNComtrade
IDN,CAN,2011,960285105.0,UNComtrade
IDN,CAN,2012,792445948.0,UNComtrade
IDN,CAN,2013,782347313.0,UNComtrade
IDN,CAN,2014,755021284.0,UNComtrade
IDN,CAN,2015,722344686.0,UNComtrade
IDN,CAN,2016,732572062.0,UNComtrade
IDN,CAN,2017,821233142.56,UNComtrade
IDN,CAN,2018,914292359.51,UNComtrade
IDN,CAN,2019,858205989.193,UNComtrade
IDN,CAN,2020,789116393.333,UNComtrade
IDN,CAN,2021,1063340426.186,UNComtrade
IDN,CAN,2022,1276005485.67,UNComtrade
IDN,CAN,2023,1300168638.018,UNComtrade
IDN,CAN,2024,1442772085.895,UNComtrade
IDN,CHN,2010,15692611103.0,UNComtrade
IDN,CHN,2011,22941004929.0,UNComtrade
IDN,CHN,2012,21659502652.0,UNComtrade
IDN,CHN,2013,22601487232.0,UNComtrade
IDN,CHN,2014,17605944452.0,UNComtrade
IDN,CHN,2015,15046433812.0,UNComtrade
IDN,CHN,2016,16785585024.0,UNComtrade
IDN,CHN,2017,23083091150.622,UNComtrade
IDN,CHN,2018,27126932390.48,UNComtrade
IDN,CHN,2019,27961887116.415,UNComtrade
IDN,CHN,2020,31781825988.649,UNComtrade
IDN,CHN,2021,53772515330.998,UNComtrade
IDN,CHN,2022,65929733632.416,UNComtrade
IDN,CHN,2023,65036643202.563,UNComtrade
IDN,CHN,2024,62739517134.223,UNComtrade
IDN,DEU,2010,2984670615.0,UNComtrade
IDN,DEU,2011,3304651447.0,UNComtrade
IDN,DEU,2012,3074970612.0,UNComtrade
IDN,DEU,2013,2883422566.0,UNComtrade
IDN,DEU,2014,2821568436.0,UNComtrade
IDN,DEU,2015,2664156585.0,UNComtrade
IDN,DEU,2016,2638679905.0,UNComtrade
IDN,DEU,2017,2668210139.33,UNComtrade
IDN,DEU,2018,2709811628.08,UNComtrade
IDN,DEU,2019,2405755142.773,UNComtrade
IDN,DEU,2020,2456304736.931,UNComtrade
IDN,DEU,2021,2914802438.397,UNComtrade
IDN,DEU,2022,3206052815.314,UNComtrade
IDN,DEU,2023,2523283400.917,UNComtrade
IDN,DEU,2024,2394059054.474,UNComtrade
IDN,GBR,2010,1693163843.0,UNComtrade
IDN,GBR,2011,1719718086.0,UNComtrade
IDN,GBR,2012,1696755218.0,UNComtrade
IDN,GBR,2013,1634804625.0,UNComtrade
IDN,GBR,2014,1658606643.0,UNComtrade
IDN,GBR,2015,1527088076.0,UNComtrade
IDN,GBR,2016,1590356852.0,UNComtrade
IDN,GBR,2017,1406068851.99,UNComtrade
IDN,GBR,2018,1466108305.63,UNComtrade
IDN,GBR,2019,1351496170.241,UNComtrade
IDN,GBR,2020,1283435539.193,UNComtrade
IDN,GBR,2021,1477050269.522,UNComtrade
IDN,GBR,2022,1658968685.401,UNComtrade
IDN,GBR,2023,1526743129.789,UNComtrade
IDN,GBR,2024,1805020427.909,UNComtrade
IDN,HKG,2010,2501411436.0,UNComtrade
IDN,HKG,2011,3215405187.0,UNComtrade
IDN,HKG,2012,2633860902.0,UNComtrade
IDN,HKG,2013,2693254437.0,UNComtrade
IDN,HKG,2014,2777563658.0,UNComtrade
IDN,HKG,2015,2067293111.0,UNComtrade
IDN,HKG,2016,2144834094.0,UNComtrade
IDN,HKG,2017,2405808253.1,UNComtrade
IDN,HKG,2018,2559214908.8,UNComtrade
IDN,HKG,2019,2501673205.539,UNComtrade
IDN,HKG,2020,2034852168.599,UNComtrade
IDN,HKG,2021,2063458938.961,UNComtrade
IDN,HKG,2022,2960009975.935,UNComtrade
IDN,HKG,2023,2651473706.184,UNComtrade
IDN,HKG,2024,2622638034.351,UNComtrade
IDN,IND,2010,9915038943.0,UNComtrade
IDN,IND,2011,13335706464.0,UNComtrade
IDN,IND,2012,12496314269.0,UNComtrade
IDN,IND,2013,13031302738.0,UNComtrade
IDN,IND,2014,12248959579.0,UNComtrade
IDN,IND,2015,11731001096.0,UNComtrade
IDN,IND,2016,10093804356.0,UNComtrade
IDN,IND,2017,14084131442.73,UNComtrade
IDN,IND,2018,13725675907.51,UNComtrade
IDN,IND,2019,11823490561.471,UNComtrade
IDN,IND,2020,10394496578.475,UNComtrade
IDN,IND,2021,13342065494.556,UNComtrade
IDN,IND,2022,23394236073.361,UNComtrade
IDN,IND,2023,20297081442.812,UNComtrade
IDN,IND,2024,20380929676.075,UNComtrade
IDN,ITA,2010,2369981370.0,UNComtrade
IDN,ITA,2011,3168307186.0,UNComtrade
IDN,ITA,2012,2277010430.0,UNComtrade
IDN,ITA,2013,2128608268.0,UNComtrade
IDN,ITA,2014,2286858978.0,UNComtrade
IDN,ITA,2015,1872932508.0,UNComtrade
IDN,ITA,2016,1572117669.0,UNComtrade
IDN,ITA,2017,1932613382.67,UNComtrade
IDN,ITA,2018,1921126834.93,UNComtrade
IDN,ITA,2019,1749309098.909,UNComtrade
IDN,ITA,2020,1746240448.705,UNComtrade
IDN,ITA,2021,2805743350.701,UNComtrade
IDN,ITA,2022,3127964133.471,UNComtrade
IDN,ITA,2023,2098323761.893,UNComtrade
IDN,ITA,2024,2251657928.002,UNComtrade
IDN,JPN,2010,25781813648.0,UNComtrade
IDN,JPN,2011,33714696141.0,UNComtrade
IDN,JPN,2012,30135106982.0,UNComtrade
IDN,JPN,2013,27086258710.0,UNComtrade
IDN,JPN,2014,23127088759.0,UNComtrade
IDN,JPN,2015,18020877343.0,UNComtrade
IDN,JPN,2016,16101544919.0,UNComtrade
IDN,JPN,2017,17798800690.927,UNComtrade
IDN,JPN,2018,19479891977.84,UNComtrade
IDN,JPN,2019,16003261514.644,UNComtrade
IDN,JPN,2020,13664728614.264,UNComtrade
IDN,JPN,2021,17872706084.288,UNComtrade
IDN,JPN,2022,24853082289.3,UNComtrade
IDN,JPN,2023,20787683641.363,UNComtrade
IDN,JPN,2024,20715076707.312,UNComtrade
IDN,KHM,2010,217738372.0,UNComtrade
IDN,KHM,2011,259500981.0,UNComtrade
IDN,KHM,2012,292191266.0,UNComtrade
IDN,KHM,2013,312461056.0,UNComtrade
IDN,KHM,2014,415816818.0,UNComtrade
IDN,KHM,2015,429715881.0,UNComtrade
IDN,KHM,2016,425420521.0,UNComtrade
IDN,KHM,2017,513912147.48,UNComtrade
IDN,KHM,2018,525377997.83,UNComtrade
IDN,KHM,2019,618521123.737,UNComtrade
IDN,KHM,2020,541303941.334,UNComtrade
IDN,KHM,2021,531168239.333,UNComtrade
IDN,KHM,2022,725648854.249,UNComtrade
IDN,KHM,2023,856078480.061,UNComtrade
IDN,KHM,2024,833293188.596,UNComtrade
IDN,KOR,2010,12574640785.0,UNComtrade
IDN,KOR,2011,16388800523.0,UNComtrade
IDN,KOR,2012,15049860022.0,UNComtrade
IDN,KOR,2013,11422476224.0,UNComtrade
IDN,KOR,2014,10606478322.0,UNComtrade
IDN,KOR,2015,7664446245.0,UNComtrade
IDN,KOR,2016,7007623660.0,UNComtrade
IDN,KOR,2017,8200326740.69,UNComtrade
IDN,KOR,2018,9532500318.631,UNComtrade
IDN,KOR,2019,7234408618.654,UNComtrade
IDN,KOR,2020,6507557506.664,UNComtrade
IDN,KOR,2021,8981895167.967,UNComtrade
IDN,KOR,2022,12808822457.007,UNComtrade
IDN,KOR,2023,10304777158.567,UNComtrade
IDN,KOR,2024,10773835588.006,UNComtrade
IDN,LAO,2010,5504451.0,UNComtrade
IDN,LAO,2011,8607224.0,UNComtrade
IDN,LAO,2012,23782973.0,UNComtrade
IDN,LAO,2013,5846339.0,UNComtrade
IDN,LAO,2014,4545247.0,UNComtrade
IDN,LAO,2015,7745233.0,UNComtrade
IDN,LAO,2016,5873921.0,UNComtrade
IDN,LAO,2017,4212451.13,UNComtrade
IDN,LAO,2018,7300435.34,UNComtrade
IDN,LAO,2019,6836966.415,UNComtrade
IDN,LAO,2020,5095718.697,UNComtrade
IDN,LAO,2021,7577157.402,UNComtrade
IDN,LAO,2022,26620733.828,UNComtrade
IDN,LAO,2023,16701057.839,UNComtrade
IDN,LAO,2024,15044602.06,UNComtrade
IDN,MMR,2010,284172034.0,UNComtrade
IDN,MMR,2011,359471446.0,UNComtrade
IDN,MMR,2012,401589521.0,UNComtrade
IDN,MMR,2013,556374775.0,UNComtrade
IDN,MMR,2014,566906935.0,UNComtrade
IDN,MMR,2015,615670386.0,UNComtrade
IDN,MMR,2016,615683509.0,UNComtrade
IDN,MMR,2017,827456501.88,UNComtrade
IDN,MMR,2018,897490178.11,UNComtrade
IDN,MMR,2019,875626154.409,UNComtrade
IDN,MMR,2020,1031871858.311,UNComtrade
IDN,MMR,2021,1122118094.343,UNComtrade
IDN,MMR,2022,964563055.087,UNComtrade
IDN,MMR,2023,796618534.944,UNComtrade
IDN,MMR,2024,620091959.03,UNComtrade
IDN,MYS,2010,9362332453.0,UNComtrade
IDN,MYS,2011,10995846600.0,UNComtrade
IDN,MYS,2012,11280284955.0,UNComtrade
IDN,MYS,2013,10666609471.0,UNComtrade
IDN,MYS,2014,9731540673.0,UNComtrade
IDN,MYS,2015,7630889322.0,UNComtrade
IDN,MYS,2016,7112008233.0,UNComtrade
IDN,MYS,2017,8441139738.743,UNComtrade
IDN,MYS,2018,9436721342.06,UNComtrade
IDN,MYS,2019,8801814960.754,UNComtrade
IDN,MYS,2020,8098764365.498,UNComtrade
IDN,MYS,2021,12064654148.741,UNComtrade
IDN,MYS,2022,15672643534.839,UNComtrade
IDN,MYS,2023,12804353912.847,UNComtrade
IDN,MYS,2024,12548138587.958,UNComtrade
IDN,NLD,2010,3722455122.0,UNComtrade
IDN,NLD,2011,5132476545.0,UNComtrade
IDN,NLD,2012,4664300841.0,UNComtrade
IDN,NLD,2013,4105967064.0,UNComtrade
IDN,NLD,2014,3984581541.0,UNComtrade
IDN,NLD,2015,3442165722.0,UNComtrade
IDN,NLD,2016,3254915907.0,UNComtrade
IDN,NLD,2017,4037848090.07,UNComtrade
IDN,NLD,2018,3898165823.12,UNComtrade
IDN,NLD,2019,3204950953.149,UNComtrade
IDN,NLD,2020,3113698955.169,UNComtrade
IDN,NLD,2021,4630738728.976,UNComtrade
IDN,NLD,2022,5377785167.27,UNComtrade
IDN,NLD,2023,3869457869.827,UNComtrade
IDN,NLD,2024,4749664454.948,UNComtrade
IDN,PHL,2010,3180743422.0,UNComtrade
IDN,PHL,2011,3699026653.0,UNComtrade
IDN,PHL,2012,3707633360.0,UNComtrade
IDN,PHL,2013,3816962607.0,UNComtrade
IDN,PHL,2014,3887831709.0,UNComtrade
IDN,PHL,2015,3921676834.0,UNComtrade
IDN,PHL,2016,5270872707.0,UNComtrade
IDN,PHL,2017,6629644542.2,UNComtrade
IDN,PHL,2018,6825460221.0,UNComtrade
IDN,PHL,2019,6770111447.358,UNComtrade
IDN,PHL,2020,5900740889.658,UNComtrade
IDN,PHL,2021,8604306204.401,UNComtrade
IDN,PHL,2022,12905120294.721,UNComtrade
IDN,PHL,2023,11040135399.934,UNComtrade
IDN,PHL,2024,10748429359.47,UNComtrade
IDN,SGP,2010,13723265578.0,UNComtrade
IDN,SGP,2011,18443890221.0,UNComtrade
IDN,SGP,2012,17135025448.0,UNComtrade
IDN,SGP,2013,16686238643.0,UNComtrade
IDN,SGP,2014,16752339986.0,UNComtrade
IDN,SGP,2015,12632634348.0,UNComtrade
IDN,SGP,2016,11246431902.0,UNComtrade
IDN,SGP,2017,12724896712.04,UNComtrade
IDN,SGP,2018,12991592685.313,UNComtrade
IDN,SGP,2019,12916729676.486,UNComtrade
IDN,SGP,2020,10661853767.744,UNComtrade
IDN,SGP,2021,11635803654.916,UNComtrade
IDN,SGP,2022,14349506230.768,UNComtrade
IDN,SGP,2023,12607603597.107,UNComtrade
IDN,SGP,2024,12204376812.117,UNComtrade
IDN,THA,2010,4566569291.0,UNComtrade
IDN,THA,2011,5896686933.0,UNComtrade
IDN,THA,2012,6635141100.0,UNComtrade
IDN,THA,2013,6061869962.0,UNComtrade
IDN,THA,2014,5784719711.0,UNComtrade
IDN,THA,2015,5507253044.0,UNComtrade
IDN,THA,2016,5392399348.0,UNComtrade
IDN,THA,2017,6473725884.4,UNComtrade
IDN,THA,2018,6818948854.56,UNComtrade
IDN,THA,2019,6218393407.74,UNComtrade
IDN,THA,2020,5110298771.651,UNComtrade
IDN,THA,2021,7088026702.216,UNComtrade
IDN,THA,2022,8196786699.711,UNComtrade
IDN,THA,2023,7222872396.393,UNComtrade
IDN,THA,2024,7507640780.088,UNComtrade
IDN,TWN,2010,4837567877.0,UNComtrade
IDN,TWN,2011,6584867497.0,UNComtrade
IDN,TWN,2012,6242527731.0,UNComtrade
IDN,TWN,2013,5862445946.0,UNComtrade
IDN,TWN,2014,6425103349.0,UNComtrade
IDN,TWN,2015,5043821948.0,UNComtrade
IDN,TWN,2016,3652643604.0,UNComtrade
IDN,TWN,2017,4229174060.81,UNComtrade
IDN,TWN,2018,4700894113.73,UNComtrade
IDN,TWN,2019,4034831887.283,UNComtrade
IDN,TWN,2020,4097427285.08,UNComtrade
IDN,TWN,2021,6960165191.39,UNComtrade
IDN,TWN,2022,8678173856.105,UNComtrade
IDN,TWN,2023,6703905321.572,UNComtrade
IDN,TWN,2024,6686535054.124,UNComtrade
IDN,USA,2010,14301875648.0,UNComtrade
IDN,USA,2011,16497615839.0,UNComtrade
IDN,USA,2012,14910181324.0,UNComtrade
IDN,USA,2013,15741131921.0,UNComtrade
IDN,USA,2014,16560075701.0,UNComtrade
IDN,USA,2015,16268488416.0,UNComtrade
IDN,USA,2016,16171284269.0,UNComtrade
IDN,USA,2017,17817789648.6,UNComtrade
IDN,USA,2018,18471771365.59,UNComtrade
IDN,USA,2019,17873579568.954,UNComtrade
IDN,USA,2020,18668906208.885,UNComtrade
IDN,USA,2021,25839052758.718,UNComtrade
IDN,USA,2022,28235188499.988,UNComtrade
IDN,USA,2023,23309897735.789,UNComtrade
IDN,USA,2024,26593055006.245,UNComtrade
IDN,VNM,2010,1946220540.0,UNComtrade
IDN,VNM,2011,2354191428.0,UNComtrade
IDN,VNM,2012,2273693205.0,UNComtrade
IDN,VNM,2013,2400879753.0,UNComtrade
IDN,VNM,2014,2451196725.0,UNComtrade
IDN,VNM,2015,2740178896.0,UNComtrade
IDN,VNM,2016,3045496445.0,UNComtrade
IDN,VNM,2017,3586906701.232,UNComtrade
IDN,VNM,2018,4583936588.33,UNComtrade
IDN,VNM,2019,5153358373.063,UNComtrade
IDN,VNM,2020,4941357771.433,UNComtrade
IDN,VNM,2021,6850066333.211,UNComtrade
IDN,VNM,2022,8273310637.773,UNComtrade
IDN,VNM,2023,7544855981.797,UNComtrade
IDN,VNM,2024,9508007601.689,UNComtrade
KHM,ARE,2010,9284231.0,UNComtrade
KHM,ARE,2011,21211014.0,UNComtrade
KHM,ARE,2012,25304698.0,UNComtrade
KHM,ARE,2013,36548516.0,UNComtrade
KHM,ARE,2014,45664305.0,UNComtrade
KHM,ARE,2015,62816195.0,UNComtrade
KHM,ARE,2016,70346737.0,UNComtrade
KHM,ARE,2017,61758337.31,UNComtrade
KHM,ARE,2018,52131891.11,UNComtrade
KHM,ARE,2019,52836586.67,UNComtrade
KHM,ARE,2020,44075146.28,UNComtrade
KHM,ARE,2021,51000003.42,UNComtrade
KHM,ARE,2022,69646324.57,UNComtrade
KHM,ARE,2023,71088554.56,UNComtrade
KHM,ARE,2024,67781751.8,UNComtrade
KHM,AUS,2010,21831377.0,UNComtrade
KHM,AUS,2011,32272471.0,UNComtrade
KHM,AUS,2012,35519185.0,UNComtrade
KHM,AUS,2013,57805676.0,UNComtrade
KHM,AUS,2014,75067511.0,UNComtrade
KHM,AUS,2015,88320834.0,UNComtrade
KHM,AUS,2016,105460157.0,UNComtrade
KHM,AUS,2017,105735910.45,UNComtrade
KHM,AUS,2018,106496500.04,UNComtrade
KHM,AUS,2019,133882468.98,UNComtrade
KHM,AUS,2020,134345933.74,UNComtrade
KHM,AUS,2021,199605489.12,UNComtrade
KHM,AUS,2022,379035187.0,UNComtrade
KHM,AUS,2023,371078270.75,UNComtrade
KHM,AUS,2024,487962753.24,UNComtrade
KHM,BRN,2010,26442.0,UNComtrade
KHM,BRN,2011,7377.0,UNComtrade
KHM,BRN,2012,12129.0,UNComtrade
KHM,BRN,2013,187373.0,UNComtrade
KHM,BRN,2014,3126552.0,UNComtrade
KHM,BRN,2015,1853505.0,UNComtrade
KHM,BRN,2016,9646153.0,UNComtrade
KHM,BRN,2017,3510239.65,UNComtrade
KHM,BRN,2018,7373043.71,UNComtrade
KHM,BRN,2019,14316752.59,UNComtrade
KHM,BRN,2020,12334140.0,UNComtrade
KHM,BRN,2021,5740472.96,UNComtrade
KHM,BRN,2022,8845200.0,UNComtrade
KHM,BRN,2023,5197046.04,UNComtrade
KHM,BRN,2024,7919454.35,UNComtrade
KHM,CAN,2010,274421034.0,UNComtrade
KHM,CAN,2011,382563687.0,UNComtrade
KHM,CAN,2012,394706556.0,UNComtrade
KHM,CAN,2013,459527712.0,UNComtrade
KHM,CAN,2014,508971816.0,UNComtrade
KHM,CAN,2015,551035209.0,UNComtrade
KHM,CAN,2016,654750048.0,UNComtrade
KHM,CAN,2017,688879583.83,UNComtrade
KHM,CAN,2018,777878112.6,UNComtrade
KHM,CAN,2019,839308744.92,UNComtrade
KHM,CAN,2020,750665677.01,UNComtrade
KHM,CAN,2021,893222846.68,UNComtrade
KHM,CAN,2022,1120592116.79,UNComtrade
KHM,CAN,2023,869552661.97,UNComtrade
KHM,CAN,2024,1109869328.73,UNComtrade
KHM,CHN,2010,65007580.0,UNComtrade
KHM,CHN,2011,154598036.0,UNComtrade
KHM,CHN,2012,178028752.0,UNComtrade
KHM,CHN,2013,266696353.0,UNComtrade
KHM,CHN,2014,356595298.0,UNComtrade
KHM,CHN,2015,405515210.0,UNComtrade
KHM,CHN,2016,609277156.0,UNComtrade
KHM,CHN,2017,753481387.07,UNComtrade
KHM,CHN,2018,858735963.64,UNComtrade
KHM,CHN,2019,1012147864.67,UNComtrade
KHM,CHN,2020,1089123545.12,UNComtrade
KHM,CHN,2021,1251950537.27,UNComtrade
KHM,CHN,2022,1240630379.43,UNComtrade
KHM,CHN,2023,1514642807.6,UNComtrade
KHM,CHN,2024,1750164702.54,UNComtrade
KHM,DEU,2010,112449590.0,UNComtrade
KHM,DEU,2011,323998454.0,UNComtrade
KHM,DEU,2012,426677647.0,UNComtrade
KHM,DEU,2013,576027306.0,UNComtrade
KHM,DEU,2014,578802319.0,UNComtrade
KHM,DEU,2015,748370618.0,UNComtrade
KHM,DEU,2016,903841649.0,UNComtrade
KHM,DEU,2017,1005286495.42,UNComtrade
KHM,DEU,2018,1098283648.91,UNComtrade
KHM,DEU,2019,1081793435.29,UNComtrade
KHM,DEU,2020,971131044.37,UNComtrade
KHM,DEU,2021,864300952.62,UNComtrade
KHM,DEU,2022,1083623657.84,UNComtrade
KHM,DEU,2023,815654463.35,UNComtrade
KHM,DEU,2024,911208306.4,UNComtrade
KHM,GBR,2010,235465538.0,UNComtrade
KHM,GBR,2011,391142136.0,UNComtrade
KHM,GBR,2012,482408896.0,UNComtrade
KHM,GBR,2013,686424173.0,UNComtrade
KHM,GBR,2014,751611595.0,UNComtrade
KHM,GBR,2015,869038820.0,UNComtrade
KHM,GBR,2016,953227889.0,UNComtrade
KHM,GBR,2017,1014103832.44,UNComtrade
KHM,GBR,2018,1015811133.22,UNComtrade
KHM,GBR,2019,979868276.95,UNComtrade
KHM,GBR,2020,830922665.64,UNComtrade
KHM,GBR,2021,713335956.79,UNComtrade
KHM,GBR,2022,886423618.85,UNComtrade
KHM,GBR,2023,796480561.39,UNComtrade
KHM,GBR,2024,958737701.36,UNComtrade
KHM,HKG,2010,1386446567.0,UNComtrade
KHM,HKG,2011,1198994536.0,UNComtrade
KHM,HKG,2012,497609639.0,UNComtrade
KHM,HKG,2013,62775597.0,UNComtrade
KHM,HKG,2014,167361260.0,UNComtrade
KHM,HKG,2015,181935973.0,UNComtrade
KHM,HKG,2016,213857348.0,UNComtrade
KHM,HKG,2017,239661853.76,UNComtrade
KHM,HKG,2018,310052156.15,UNComtrade
KHM,HKG,2019,240815048.69,UNComtrade
KHM,HKG,2020,677706990.64,UNComtrade
KHM,HKG,2021,183928393.09,UNComtrade
KHM,HKG,2022,182000098.44,UNComtrade
KHM,HKG,2023,165595795.13,UNComtrade
KHM,HKG,2024,197032118.94,UNComtrade
KHM,IDN,2010,4168342.0,UNComtrade
KHM,IDN,2011,6312182.0,UNComtrade
KHM,IDN,2012,8003821.0,UNComtrade
KHM,IDN,2013,10896734.0,UNComtrade
KHM,IDN,2014,9291752.0,UNComtrade
KHM,IDN,2015,14554661.0,UNComtrade
KHM,IDN,2016,18169137.0,UNComtrade
KHM,IDN,2017,15814442.06,UNComtrade
KHM,IDN,2018,21452115.03,UNComtrade
KHM,IDN,2019,22508777.51,UNComtrade
KHM,IDN,2020,34429024.47,UNComtrade
KHM,IDN,2021,31836610.73,UNComtrade
KHM,IDN,2022,36839483.93,UNComtrade
KHM,IDN,2023,93050691.05,UNComtrade
KHM,IDN,2024,94679077.37,UNComtrade
KHM,IND,2010,8033491.0,UNComtrade
KHM,IND,2011,12220537.0,UNComtrade
KHM,IND,2012,8678048.0,UNComtrade
KHM,IND,2013,7128157.0,UNComtrade
KHM,IND,2014,7970710.0,UNComtrade
KHM,IND,2015,9827616.0,UNComtrade
KHM,IND,2016,22566681.0,UNComtrade
KHM,IND,2017,35512585.8,UNComtrade
KHM,IND,2018,50120474.35,UNComtrade
KHM,IND,2019,64876724.48,UNComtrade
KHM,IND,2020,62237879.75,UNComtrade
KHM,IND,2021,125736579.18,UNComtrade
KHM,IND,2022,196632341.81,UNComtrade
KHM,IND,2023,293325359.03,UNComtrade
KHM,IND,2024,154322391.06,UNComtrade
KHM,ITA,2010,49935546.0,UNComtrade
KHM,ITA,2011,80537075.0,UNComtrade
KHM,ITA,2012,103032596.0,UNComtrade
KHM,ITA,2013,149627743.0,UNComtrade
KHM,ITA,2014,161675993.0,UNComtrade
KHM,ITA,2015,197412835.0,UNComtrade
KHM,ITA,2016,212267972.0,UNComtrade
KHM,ITA,2017,236414464.82,UNComtrade
KHM,ITA,2018,290454622.91,UNComtrade
KHM,ITA,2019,285153399.55,UNComtrade
KHM,ITA,2020,238653677.88,UNComtrade
KHM,ITA,2021,238339586.38,UNComtrade
KHM,ITA,2022,332434041.29,UNComtrade
KHM,ITA,2023,290158431.95,UNComtrade
KHM,ITA,2024,327574694.73,UNComtrade
KHM,JPN,2010,89556574.0,UNComtrade
KHM,JPN,2011,153379199.0,UNComtrade
KHM,JPN,2012,184209122.0,UNComtrade
KHM,JPN,2013,314062701.0,UNComtrade
KHM,JPN,2014,344883264.0,UNComtrade
KHM,JPN,2015,571552437.0,UNComtrade
KHM,JPN,2016,827187921.0,UNComtrade
KHM,JPN,2017,850181013.71,UNComtrade
KHM,JPN,2018,1076251993.47,UNComtrade
KHM,JPN,2019,1140012504.21,UNComtrade
KHM,JPN,2020,1062352034.3,UNComtrade
KHM,JPN,2021,1074091236.7,UNComtrade
KHM,JPN,2022,1173030243.62,UNComtrade
KHM,JPN,2023,1177726346.65,UNComtrade
KHM,JPN,2024,1408793114.54,UNComtrade
KHM,KOR,2010,24486331.0,UNComtrade
KHM,KOR,2011,46389635.0,UNComtrade
KHM,KOR,2012,70727955.0,UNComtrade
KHM,KOR,2013,94069053.0,UNComtrade
KHM,KOR,2014,123178974.0,UNComtrade
KHM,KOR,2015,137415028.0,UNComtrade
KHM,KOR,2016,163987688.0,UNComtrade
KHM,KOR,2017,169322470.46,UNComtrade
KHM,KOR,2018,200163441.8,UNComtrade
KHM,KOR,2019,212558747.26,UNComtrade
KHM,KOR,2020,185310928.43,UNComtrade
KHM,KOR,2021,188583184.99,UNComtrade
KHM,KOR,2022,233637840.25,UNComtrade
KHM,KOR,2023,281191066.18,UNComtrade
KHM,KOR,2024,319435368.92,UNComtrade
KHM,LAO,2010,884470.0,UNComtrade
KHM,LAO,2011,1233091.0,UNComtrade
KHM,LAO,2012,1853424.0,UNComtrade
KHM,LAO,2013,576105.0,UNComtrade
KHM,LAO,2014,109485.0,UNComtrade
KHM,LAO,2015,5453681.0,UNComtrade
KHM,LAO,2016,5701442.0,UNComtrade
KHM,LAO,2017,5780930.74,UNComtrade
KHM,LAO,2018,7370158.49,UNComtrade
KHM,LAO,2019,2463462.16,UNComtrade
KHM,LAO,2020,1367895.85,UNComtrade
KHM,LAO,2021,3145502.41,UNComtrade
KHM,LAO,2022,2607189.9,UNComtrade
KHM,LAO,2023,5699516.72,UNComtrade
KHM,LAO,2024,16820053.17,UNComtrade
KHM,MMR,2010,2134.0,UNComtrade
KHM,MMR,2011,79316.0,UNComtrade
KHM,MMR,2012,83391.0,UNComtrade
KHM,MMR,2013,627703.0,UNComtrade
KHM,MMR,2014,792149.0,UNComtrade
KHM,MMR,2015,1469580.0,UNComtrade
KHM,MMR,2016,1117671.0,UNComtrade
KHM,MMR,2017,2073575.24,UNComtrade
KHM,MMR,2018,2870332.75,UNComtrade
KHM,MMR,2019,3368373.95,UNComtrade
KHM,MMR,2020,3267544.17,UNComtrade
KHM,MMR,2021,10846014.17,UNComtrade
KHM,MMR,2022,1084373.39,UNComtrade
KHM,MMR,2023,1228544.65,UNComtrade
KHM,MMR,2024,720129.15,UNComtrade
KHM,MYS,2010,19427641.0,UNComtrade
KHM,MYS,2011,45223249.0,UNComtrade
KHM,MYS,2012,88924346.0,UNComtrade
KHM,MYS,2013,125131607.0,UNComtrade
KHM,MYS,2014,124062026.0,UNComtrade
KHM,MYS,2015,134013966.0,UNComtrade
KHM,MYS,2016,100367872.0,UNComtrade
KHM,MYS,2017,147301123.54,UNComtrade
KHM,MYS,2018,128830323.51,UNComtrade
KHM,MYS,2019,116024829.88,UNComtrade
KHM,MYS,2020,99126928.02,UNComtrade
KHM,MYS,2021,100980284.37,UNComtrade
KHM,MYS,2022,111853326.54,UNComtrade
KHM,MYS,2023,105410451.12,UNComtrade
KHM,MYS,2024,147390845.9,UNComtrade
KHM,NLD,2010,235781592.0,UNComtrade
KHM,NLD,2011,171387886.0,UNComtrade
KHM,NLD,2012,112980893.0,UNComtrade
KHM,NLD,2013,161921919.0,UNComtrade
KHM,NLD,2014,173763134.0,UNComtrade
KHM,NLD,2015,248714719.0,UNComtrade
KHM,NLD,2016,300164232.0,UNComtrade
KHM,NLD,2017,361655181.85,UNComtrade
KHM,NLD,2018,426274113.65,UNComtrade
KHM,NLD,2019,464139325.8,UNComtrade
KHM,NLD,2020,363012626.6,UNComtrade
KHM,NLD,2021,423036488.26,UNComtrade
KHM,NLD,2022,552625505.79,UNComtrade
KHM,NLD,2023,566338335.18,UNComtrade
KHM,NLD,2024,801258519.02,UNComtrade
KHM,PHL,2010,2645695.0,UNComtrade
KHM,PHL,2011,1408286.0,UNComtrade
KHM,PHL,2012,2186079.0,UNComtrade
KHM,PHL,2013,13772436.0,UNComtrade
KHM,PHL,2014,6854248.0,UNComtrade
KHM,PHL,2015,17351386.0,UNComtrade
KHM,PHL,2016,21866796.0,UNComtrade
KHM,PHL,2017,33610688.07,UNComtrade
KHM,PHL,2018,33300218.81,UNComtrade
KHM,PHL,2019,36943277.3,UNComtrade
KHM,PHL,2020,34196043.46,UNComtrade
KHM,PHL,2021,37695225.81,UNComtrade
KHM,PHL,2022,42725738.55,UNComtrade
KHM,PHL,2023,52925361.73,UNComtrade
KHM,PHL,2024,47977152.37,UNComtrade
KHM,SGP,2010,429981027.0,UNComtrade
KHM,SGP,2011,441877256.0,UNComtrade
KHM,SGP,2012,207821513.0,UNComtrade
KHM,SGP,2013,50625472.0,UNComtrade
KHM,SGP,2014,71206952.0,UNComtrade
KHM,SGP,2015,58564386.0,UNComtrade
KHM,SGP,2016,62522050.0,UNComtrade
KHM,SGP,2017,158754582.95,UNComtrade
KHM,SGP,2018,78228031.68,UNComtrade
KHM,SGP,2019,272667997.97,UNComtrade
KHM,SGP,2020,2622629288.74,UNComtrade
KHM,SGP,2021,120346323.59,UNComtrade
KHM,SGP,2022,92575192.72,UNComtrade
KHM,SGP,2023,621683620.6,UNComtrade
KHM,SGP,2024,294731098.11,UNComtrade
KHM,THA,2010,150086990.0,UNComtrade
KHM,THA,2011,190470337.0,UNComtrade
KHM,THA,2012,96361506.0,UNComtrade
KHM,THA,2013,221222808.0,UNComtrade
KHM,THA,2014,49991277.0,UNComtrade
KHM,THA,2015,346200963.0,UNComtrade
KHM,THA,2016,419153349.0,UNComtrade
KHM,THA,2017,429944128.43,UNComtrade
KHM,THA,2018,313441050.07,UNComtrade
KHM,THA,2019,507493270.83,UNComtrade
KHM,THA,2020,653488686.21,UNComtrade
KHM,THA,2021,369468794.89,UNComtrade
KHM,THA,2022,409600310.94,UNComtrade
KHM,THA,2023,544374808.85,UNComtrade
KHM,THA,2024,844900805.7,UNComtrade
KHM,TWN,2010,10884750.0,UNComtrade
KHM,TWN,2011,15488751.0,UNComtrade
KHM,TWN,2012,15427471.0,UNComtrade
KHM,TWN,2013,21440991.0,UNComtrade
KHM,TWN,2014,21685045.0,UNComtrade
KHM,TWN,2015,33253596.0,UNComtrade
KHM,TWN,2016,40905710.0,UNComtrade
KHM,TWN,2017,40026978.44,UNComtrade
KHM,TWN,2018,48575640.21,UNComtrade
KHM,TWN,2019,61989752.9,UNComtrade
KHM,TWN,2020,70394146.62,UNComtrade
KHM,TWN,2021,96314881.56,UNComtrade
KHM,TWN,2022,116066693.35,UNComtrade
KHM,TWN,2023,129731179.49,UNComtrade
KHM,TWN,2024,93019675.89,UNComtrade
KHM,USA,2010,1905612021.0,UNComtrade
KHM,USA,2011,2107192126.0,UNComtrade
KHM,USA,2012,1897687931.0,UNComtrade
KHM,USA,2013,2087970408.0,UNComtrade
KHM,USA,2014,2000173697.0,UNComtrade
KHM,USA,2015,2136784183.0,UNComtrade
KHM,USA,2016,2147050442.0,UNComtrade
KHM,USA,2017,2408330077.91,UNComtrade
KHM,USA,2018,3044350603.02,UNComtrade
KHM,USA,2019,4414284165.72,UNComtrade
KHM,USA,2020,5333169719.04,UNComtrade
KHM,USA,2021,7374350253.14,UNComtrade
KHM,USA,2022,8971371714.79,UNComtrade
KHM,USA,2023,8995880631.535,UNComtrade
KHM,USA,2024,9932118266.36,UNComtrade
KHM,VNM,2010,96145697.0,UNComtrade
KHM,VNM,2011,148824814.0,UNComtrade
KHM,VNM,2012,111656680.0,UNComtrade
KHM,VNM,2013,103745024.0,UNComtrade
KHM,VNM,2014,96801465.0,UNComtrade
KHM,VNM,2015,185645412.0,UNComtrade
KHM,VNM,2016,229059270.0,UNComtrade
KHM,VNM,2017,325830864.42,UNComtrade
KHM,VNM,2018,361815539.39,UNComtrade
KHM,VNM,2019,359195679.83,UNComtrade
KHM,VNM,2020,387436063.54,UNComtrade
KHM,VNM,2021,522759288.41,UNComtrade
KHM,VNM,2022,683626163.53,UNComtrade
KHM,VNM,2023,1347895346.947,UNComtrade
KHM,VNM,2024,3615550127.332,UNComtrade
MMR,ARE,2010,30399587.81,UNComtrade
MMR,ARE,2011,25996075.0,UNComtrade
MMR,ARE,2012,39406424.0,UNComtrade
MMR,ARE,2013,51100396.0,UNComtrade
MMR,ARE,2014,38119291.83,UNComtrade
MMR,ARE,2015,92326363.737,UNComtrade
MMR,ARE,2016,73631627.69,UNComtrade
MMR,ARE,2017,70537984.245,UNComtrade
MMR,ARE,2018,79630120.61,UNComtrade
MMR,ARE,2019,99453575.89,UNComtrade
MMR,ARE,2020,88413334.46,UNComtrade
MMR,ARE,2021,56847239.324,UNComtrade
MMR,ARE,2022,85045645.53,UNComtrade
MMR,ARE,2023,59901470.32,UNComtrade
MMR,ARE,2024,70679825.75,UNComtrade
MMR,AUS,2010,17924417.71,UNComtrade
MMR,AUS,2011,6168328.0,UNComtrade
MMR,AUS,2012,6852258.0,UNComtrade
MMR,AUS,2013,14728928.0,UNComtrade
MMR,AUS,2014,12839837.713,UNComtrade
MMR,AUS,2015,6404577.612,UNComtrade
MMR,AUS,2016,19485419.13,UNComtrade
MMR,AUS,2017,25878763.165,UNComtrade
MMR,AUS,2018,22866637.58,UNComtrade
MMR,AUS,2019,28126944.28,UNComtrade
MMR,AUS,2020,30201504.92,UNComtrade
MMR,AUS,2021,29257011.246,UNComtrade
MMR,AUS,2022,32489661.19,UNComtrade
MMR,AUS,2023,28072355.42,UNComtrade
MMR,AUS,2024,59944660.08,UNComtrade
MMR,BRN,2010,407954.59,UNComtrade
MMR,BRN,2011,384800.0,UNComtrade
MMR,BRN,2012,213895.0,UNComtrade
MMR,BRN,2013,1162504.0,UNComtrade
MMR,BRN,2014,3729943.91,UNComtrade
MMR,BRN,2015,663233.71,UNComtrade
MMR,BRN,2016,617768.51,UNComtrade
MMR,BRN,2017,198865.07,UNComtrade
MMR,BRN,2018,269085.78,UNComtrade
MMR,BRN,2019,292659.24,UNComtrade
MMR,BRN,2020,447318.4,UNComtrade
MMR,BRN,2021,345514.22,UNComtrade
MMR,BRN,2022,410258.99,UNComtrade
MMR,BRN,2023,295435.79,UNComtrade
MMR,BRN,2024,170536.91,UNComtrade
MMR,CAN,2010,10229.21,UNComtrade
MMR,CAN,2011,4027931.0,UNComtrade
MMR,CAN,2012,1782042.0,UNComtrade
MMR,CAN,2013,2682576.0,UNComtrade
MMR,CAN,2014,4074733.067,UNComtrade
MMR,CAN,2015,7624331.407,UNComtrade
MMR,CAN,2016,32475093.59,UNComtrade
MMR,CAN,2017,60572388.044,UNComtrade
MMR,CAN,2018,82587309.85,UNComtrade
MMR,CAN,2019,99302404.04,UNComtrade
MMR,CAN,2020,77769181.62,UNComtrade
MMR,CAN,2021,47445872.492,UNComtrade
MMR,CAN,2022,85510426.86,UNComtrade
MMR,CAN,2023,54039077.93,UNComtrade
MMR,CAN,2024,51809360.9,UNComtrade
MMR,CHN,2010,260305745.437,UNComtrade
MMR,CHN,2011,1515277414.0,UNComtrade
MMR,CHN,2012,1382899671.0,UNComtrade
MMR,CHN,2013,3053061802.0,UNComtrade
MMR,CHN,2014,4016638048.759,UNComtrade
MMR,CHN,2015,4511614562.88,UNComtrade
MMR,CHN,2016,4766680647.67,UNComtrade
MMR,CHN,2017,5397238887.112,UNComtrade
MMR,CHN,2018,5374919854.566,UNComtrade
MMR,CHN,2019,5753615476.367,UNComtrade
MMR,CHN,2020,5388653302.396,UNComtrade
MMR,CHN,2021,4479396309.407,UNComtrade
MMR,CHN,2022,3687329861.683,UNComtrade
MMR,CHN,2023,3428022335.131,UNComtrade
MMR,CHN,2024,3456722380.856,UNComtrade
MMR,DEU,2012,9199590.0,UNComtrade
MMR,DEU,2013,26192569.0,UNComtrade
MMR,DEU,2014,63497643.443,UNComtrade
MMR,DEU,2015,76048567.012,UNComtrade
MMR,DEU,2016,172359994.31,UNComtrade
MMR,DEU,2017,360347009.265,UNComtrade
MMR,DEU,2018,512803845.48,UNComtrade
MMR,DEU,2019,641724142.01,UNComtrade
MMR,DEU,2020,591413253.89,UNComtrade
MMR,DEU,2021,455664702.506,UNComtrade
MMR,DEU,2022,679882259.95,UNComtrade
MMR,DEU,2023,519104536.55,UNComtrade
MMR,DEU,2024,631960923.95,UNComtrade
MMR,GBR,2010,35242959.894,UNComtrade
MMR,GBR,2011,97365417.0,UNComtrade
MMR,GBR,2012,10052799.0,UNComtrade
MMR,GBR,2013,56143705.0,UNComtrade
MMR,GBR,2014,58284696.67,UNComtrade
MMR,GBR,2015,36182502.38,UNComtrade
MMR,GBR,2016,68986229.14,UNComtrade
MMR,GBR,2017,288874895.41,UNComtrade
MMR,GBR,2018,420713661.74,UNComtrade
MMR,GBR,2019,535863535.01,UNComtrade
MMR,GBR,2020,488346588.47,UNComtrade
MMR,GBR,2021,393465885.465,UNComtrade
MMR,GBR,2022,623245201.47,UNComtrade
MMR,GBR,2023,346373637.99,UNComtrade
MMR,GBR,2024,200482871.89,UNComtrade
MMR,HKG,2010,1591875394.495,UNComtrade
MMR,HKG,2011,552758374.0,UNComtrade
MMR,HKG,2012,142569022.0,UNComtrade
MMR,HKG,2013,373260054.0,UNComtrade
MMR,HKG,2014,346256369.057,UNComtrade
MMR,HKG,2015,275631490.999,UNComtrade
MMR,HKG,2016,192611260.32,UNComtrade
MMR,HKG,2017,81200144.96,UNComtrade
MMR,HKG,2018,573513553.762,UNComtrade
MMR,HKG,2019,331201232.58,UNComtrade
MMR,HKG,2020,96303473.63,UNComtrade
MMR,HKG,2021,93877226.58,UNComtrade
MMR,HKG,2022,118901861.791,UNComtrade
MMR,HKG,2023,108238577.081,UNComtrade
MMR,HKG,2024,147080191.4,UNComtrade
MMR,IDN,2010,41861801.33,UNComtrade
MMR,IDN,2011,35779588.0,UNComtrade
MMR,IDN,2012,23912395.0,UNComtrade
MMR,IDN,2013,31261182.0,UNComtrade
MMR,IDN,2014,85539025.42,UNComtrade
MMR,IDN,2015,139098498.842,UNComtrade
MMR,IDN,2016,116815195.53,UNComtrade
MMR,IDN,2017,118648262.512,UNComtrade
MMR,IDN,2018,121234081.18,UNComtrade
MMR,IDN,2019,160027611.12,UNComtrade
MMR,IDN,2020,164737590.45,UNComtrade
MMR,IDN,2021,115336701.102,UNComtrade
MMR,IDN,2022,93670163.71,UNComtrade
MMR,IDN,2023,136435531.36,UNComtrade
MMR,IDN,2024,513598215.08,UNComtrade
MMR,IND,2010,958167298.844,UNComtrade
MMR,IND,2011,929207677.0,UNComtrade
MMR,IND,2012,2763499523.0,UNComtrade
MMR,IND,2013,811530006.0,UNComtrade
MMR,IND,2014,835583248.483,UNComtrade
MMR,IND,2015,958227139.299,UNComtrade
MMR,IND,2016,1038113879.51,UNComtrade
MMR,IND,2017,708130078.775,UNComtrade
MMR,IND,2018,618391099.129,UNComtrade
MMR,IND,2019,635230715.985,UNComtrade
MMR,IND,2020,695595211.325,UNComtrade
MMR,IND,2021,858000003.285,UNComtrade
MMR,IND,2022,900070201.508,UNComtrade
MMR,IND,2023,839430998.452,UNComtrade
MMR,IND,2024,1275728434.22,UNComtrade
MMR,ITA,2010,5912484.729,UNComtrade
MMR,ITA,2011,4537479.0,UNComtrade
MMR,ITA,2012,322401007.0,UNComtrade
MMR,ITA,2013,12559980.0,UNComtrade
MMR,ITA,2014,19606668.17,UNComtrade
MMR,ITA,2015,22371715.339,UNComtrade
MMR,ITA,2016,43865397.49,UNComtrade
MMR,ITA,2017,96702159.226,UNComtrade
MMR,ITA,2018,181186250.96,UNComtrade
MMR,ITA,2019,214167489.26,UNComtrade
MMR,ITA,2020,188273364.12,UNComtrade
MMR,ITA,2021,172275252.17,UNComtrade
MMR,ITA,2022,308893323.7,UNComtrade
MMR,ITA,2023,287390217.92,UNComtrade
MMR,ITA,2024,293410081.9,UNComtrade
MMR,JPN,2010,217743727.256,UNComtrade
MMR,JPN,2011,310009029.0,UNComtrade
MMR,JPN,2012,373643242.0,UNComtrade
MMR,JPN,2013,779976011.0,UNComtrade
MMR,JPN,2014,532034719.559,UNComtrade
MMR,JPN,2015,429546383.057,UNComtrade
MMR,JPN,2016,663433716.35,UNComtrade
MMR,JPN,2017,903025915.691,UNComtrade
MMR,JPN,2018,1412151874.23,UNComtrade
MMR,JPN,2019,1435525662.91,UNComtrade
MMR,JPN,2020,1240810228.547,UNComtrade
MMR,JPN,2021,907804710.146,UNComtrade
MMR,JPN,2022,1211864882.39,UNComtrade
MMR,JPN,2023,1200128027.22,UNComtrade
MMR,JPN,2024,1073788072.17,UNComtrade
MMR,KHM,2011,43164.0,UNComtrade
MMR,KHM,2012,19140.0,UNComtrade
MMR,KHM,2013,340432.0,UNComtrade
MMR,KHM,2014,462084.55,UNComtrade
MMR,KHM,2015,1810.76,UNComtrade
MMR,KHM,2016,2549079.51,UNComtrade
MMR,KHM,2017,2592484.31,UNComtrade
MMR,KHM,2018,8037883.45,UNComtrade
MMR,KHM,2019,17070028.7,UNComtrade
MMR,KHM,2020,30600889.7,UNComtrade
MMR,KHM,2021,12242463.746,UNComtrade
MMR,KHM,2022,7940060.73,UNComtrade
MMR,KHM,2023,18018949.16,UNComtrade
MMR,KHM,2024,41362134.57,UNComtrade
MMR,KOR,2010,127124412.656,UNComtrade
MMR,KOR,2011,206988380.0,UNComtrade
MMR,KOR,2012,294807901.0,UNComtrade
MMR,KOR,2013,326891774.0,UNComtrade
MMR,KOR,2014,376723358.715,UNComtrade
MMR,KOR,2015,266081219.17,UNComtrade
MMR,KOR,2016,334815930.96,UNComtrade
MMR,KOR,2017,300656873.019,UNComtrade
MMR,KOR,2018,467725687.82,UNComtrade
MMR,KOR,2019,530638904.81,UNComtrade
MMR,KOR,2020,438012702.49,UNComtrade
MMR,KOR,2021,295925268.103,UNComtrade
MMR,KOR,2022,340135700.53,UNComtrade
MMR,KOR,2023,404393726.83,UNComtrade
MMR,KOR,2024,449384247.29,UNComtrade
MMR,LAO,2010,4452.0,UNComtrade
MMR,LAO,2011,15541.0,UNComtrade
MMR,LAO,2012,141998.0,UNComtrade
MMR,LAO,2013,400177.0,UNComtrade
MMR,LAO,2014,605549.05,UNComtrade
MMR,LAO,2015,474433.98,UNComtrade
MMR,LAO,2016,41479.7,UNComtrade
MMR,LAO,2017,82750.0,UNComtrade
MMR,LAO,2018,16673.95,UNComtrade
MMR,LAO,2019,532255.3,UNComtrade
MMR,LAO,2020,330749.99,UNComtrade
MMR,LAO,2021,330106.39,UNComtrade
MMR,LAO,2022,51095.0,UNComtrade
MMR,LAO,2023,107697.15,UNComtrade
MMR,LAO,2024,109588.34,UNComtrade
MMR,MYS,2010,433440088.006,UNComtrade
MMR,MYS,2011,190448813.0,UNComtrade
MMR,MYS,2012,427520400.0,UNComtrade
MMR,MYS,2013,243425916.0,UNComtrade
MMR,MYS,2014,255600032.139,UNComtrade
MMR,MYS,2015,162919035.927,UNComtrade
MMR,MYS,2016,144359278.72,UNComtrade
MMR,MYS,2017,187794526.44,UNComtrade
MMR,MYS,2018,241516789.88,UNComtrade
MMR,MYS,2019,198246249.31,UNComtrade
MMR,MYS,2020,195575547.59,UNComtrade
MMR,MYS,2021,303970809.845,UNComtrade
MMR,MYS,2022,298915176.1,UNComtrade
MMR,MYS,2023,171996915.44,UNComtrade
MMR,MYS,2024,237897123.34,UNComtrade
MMR,NLD,2010,5248093.985,UNComtrade
MMR,NLD,2011,5910935.0,UNComtrade
MMR,NLD,2012,3482123.0,UNComtrade
MMR,NLD,2013,20422504.0,UNComtrade
MMR,NLD,2014,22762877.92,UNComtrade
MMR,NLD,2015,51882244.858,UNComtrade
MMR,NLD,2016,55216629.06,UNComtrade
MMR,NLD,2017,163656629.705,UNComtrade
MMR,NLD,2018,370759730.64,UNComtrade
MMR,NLD,2019,481033363.01,UNComtrade
MMR,NLD,2020,431768713.42,UNComtrade
MMR,NLD,2021,379183949.255,UNComtrade
MMR,NLD,2022,543392744.17,UNComtrade
MMR,NLD,2023,300210787.46,UNComtrade
MMR,NLD,2024,219151268.47,UNComtrade
MMR,PHL,2010,20337089.003,UNComtrade
MMR,PHL,2011,35492356.0,UNComtrade
MMR,PHL,2012,22769426.0,UNComtrade
MMR,PHL,2013,12167430.0,UNComtrade
MMR,PHL,2014,8993884.12,UNComtrade
MMR,PHL,2015,11658515.407,UNComtrade
MMR,PHL,2016,39257498.32,UNComtrade
MMR,PHL,2017,19223463.73,UNComtrade
MMR,PHL,2018,66436388.1,UNComtrade
MMR,PHL,2019,124250913.42,UNComtrade
MMR,PHL,2020,111118660.62,UNComtrade
MMR,PHL,2021,202151507.189,UNComtrade
MMR,PHL,2022,198398559.59,UNComtrade
MMR,PHL,2023,125368401.25,UNComtrade
MMR,PHL,2024,262032828.9,UNComtrade
MMR,SGP,2010,457811179.66,UNComtrade
MMR,SGP,2011,396847242.0,UNComtrade
MMR,SGP,2012,356524624.0,UNComtrade
MMR,SGP,2013,657373710.0,UNComtrade
MMR,SGP,2014,549738860.696,UNComtrade
MMR,SGP,2015,566713229.225,UNComtrade
MMR,SGP,2016,890759560.95,UNComtrade
MMR,SGP,2017,735224164.989,UNComtrade
MMR,SGP,2018,492194606.7,UNComtrade
MMR,SGP,2019,337356587.42,UNComtrade
MMR,SGP,2020,696893188.52,UNComtrade
MMR,SGP,2021,213531735.384,UNComtrade
MMR,SGP,2022,200179156.5,UNComtrade
MMR,SGP,2023,158082146.22,UNComtrade
MMR,SGP,2024,126853731.67,UNComtrade
MMR,THA,2010,3179639054.185,UNComtrade
MMR,THA,2011,3216929874.0,UNComtrade
MMR,THA,2012,2394644159.0,UNComtrade
MMR,THA,2013,4598123086.0,UNComtrade
MMR,THA,2014,3746023255.75,UNComtrade
MMR,THA,2015,3346485746.292,UNComtrade
MMR,THA,2016,2241496686.44,UNComtrade
MMR,THA,2017,2698657219.957,UNComtrade
MMR,THA,2018,3065794394.107,UNComtrade
MMR,THA,2019,3256931147.623,UNComtrade
MMR,THA,2020,3008844684.256,UNComtrade
MMR,THA,2021,3492851956.712,UNComtrade
MMR,THA,2022,3847856229.416,UNComtrade
MMR,THA,2023,3580394203.725,UNComtrade
MMR,THA,2024,2903829927.186,UNComtrade
MMR,TWN,2010,32767.786,UNComtrade
MMR,TWN,2011,50925.0,UNComtrade
MMR,TWN,2012,1.0,UNComtrade
MMR,TWN,2013,756573.0,UNComtrade
MMR,TWN,2014,1321386.35,UNComtrade
MMR,TWN,2015,3685568.31,UNComtrade
MMR,TWN,2016,10497614.76,UNComtrade
MMR,TWN,2017,20952198.588,UNComtrade
MMR,TWN,2018,34259699.816,UNComtrade
MMR,TWN,2019,41820831.34,UNComtrade
MMR,TWN,2020,36582272.16,UNComtrade
MMR,TWN,2021,36573021.712,UNComtrade
MMR,TWN,2022,49672606.8,UNComtrade
MMR,TWN,2023,44341096.53,UNComtrade
MMR,TWN,2024,50156159.17,UNComtrade
MMR,USA,2010,4422223.89,UNComtrade
MMR,USA,2011,8110462.0,UNComtrade
MMR,USA,2012,12048856.0,UNComtrade
MMR,USA,2013,11135795.0,UNComtrade
MMR,USA,2014,43261347.41,UNComtrade
MMR,USA,2015,61859234.511,UNComtrade
MMR,USA,2016,150303216.83,UNComtrade
MMR,USA,2017,278012392.662,UNComtrade
MMR,USA,2018,521034606.17,UNComtrade
MMR,USA,2019,835157073.52,UNComtrade
MMR,USA,2020,868873591.062,UNComtrade
MMR,USA,2021,593081464.443,UNComtrade
MMR,USA,2022,761163076.57,UNComtrade
MMR,USA,2023,587580057.56,UNComtrade
MMR,USA,2024,473115749.67,UNComtrade
MMR,VNM,2010,60827673.661,UNComtrade
MMR,VNM,2011,85274438.0,UNComtrade
MMR,VNM,2012,73120835.0,UNComtrade
MMR,VNM,2013,77481605.0,UNComtrade
MMR,VNM,2014,97463190.868,UNComtrade
MMR,VNM,2015,61047604.599,UNComtrade
MMR,VNM,2016,75477441.53,UNComtrade
MMR,VNM,2017,129985470.001,UNComtrade
MMR,VNM,2018,225275140.85,UNComtrade
MMR,VNM,2019,230092742.64,UNComtrade
MMR,VNM,2020,177019724.24,UNComtrade
MMR,VNM,2021,224470327.679,UNComtrade
MMR,VNM,2022,240947506.63,UNComtrade
MMR,VNM,2023,149364467.45,UNComtrade
MMR,VNM,2024,238137791.85,UNComtrade
MYS,ARE,2010,3791789899.0,UNComtrade
MYS,ARE,2011,4203111494.0,UNComtrade
MYS,ARE,2012,4018264429.0,UNComtrade
MYS,ARE,2013,4016112272.0,UNComtrade
MYS,ARE,2014,3588943780.0,UNComtrade
MYS,ARE,2015,3038580255.0,UNComtrade
MYS,ARE,2016,3030975704.0,UNComtrade
MYS,ARE,2017,2798971325.181,UNComtrade
MYS,ARE,2018,2813394617.781,UNComtrade
MYS,ARE,2019,2701371275.862,UNComtrade
MYS,ARE,2020,2020203459.756,UNComtrade
MYS,ARE,2021,2555259715.898,UNComtrade
MYS,ARE,2022,3508784921.943,UNComtrade
MYS,ARE,2023,3120539496.905,UNComtrade
MYS,ARE,2024,3181595937.437,UNComtrade
MYS,AUS,2010,7467064443.0,UNComtrade
MYS,AUS,2011,8206225749.0,UNComtrade
MYS,AUS,2012,9418819264.0,UNComtrade
MYS,AUS,2013,9268214051.0,UNComtrade
MYS,AUS,2014,10076154037.0,UNComtrade
MYS,AUS,2015,7208750041.0,UNComtrade
MYS,AUS,2016,6445327279.0,UNComtrade
MYS,AUS,2017,7539698996.008,UNComtrade
MYS,AUS,2018,8311961546.634,UNComtrade
MYS,AUS,2019,6867442146.372,UNComtrade
MYS,AUS,2020,5794920462.134,UNComtrade
MYS,AUS,2021,8482353313.866,UNComtrade
MYS,AUS,2022,10927047843.736,UNComtrade
MYS,AUS,2023,10941691068.787,UNComtrade
MYS,AUS,2024,10793443730.888,UNComtrade
MYS,BRN,2010,449849988.0,UNComtrade
MYS,BRN,2011,544468937.0,UNComtrade
MYS,BRN,2012,690796651.0,UNComtrade
MYS,BRN,2013,821038307.0,UNComtrade
MYS,BRN,2014,858912944.0,UNComtrade
MYS,BRN,2015,689674097.0,UNComtrade
MYS,BRN,2016,512029444.0,UNComtrade
MYS,BRN,2017,537535125.785,UNComtrade
MYS,BRN,2018,548383423.713,UNComtrade
MYS,BRN,2019,552566785.173,UNComtrade
MYS,BRN,2020,660444995.191,UNComtrade
MYS,BRN,2021,1394108825.552,UNComtrade
MYS,BRN,2022,1737936489.323,UNComtrade
MYS,BRN,2023,1403799328.942,UNComtrade
MYS,BRN,2024,1243896068.557,UNComtrade
MYS,CAN,2010,973110531.0,UNComtrade
MYS,CAN,2011,907471705.0,UNComtrade
MYS,CAN,2012,947731598.0,UNComtrade
MYS,CAN,2013,801425980.0,UNComtrade
MYS,CAN,2014,807422426.0,UNComtrade
MYS,CAN,2015,782183214.0,UNComtrade
MYS,CAN,2016,704494446.0,UNComtrade
MYS,CAN,2017,820727148.167,UNComtrade
MYS,CAN,2018,879773149.916,UNComtrade
MYS,CAN,2019,852802693.474,UNComtrade
MYS,CAN,2020,946355522.923,UNComtrade
MYS,CAN,2021,1534255609.674,UNComtrade
MYS,CAN,2022,1109313792.537,UNComtrade
MYS,CAN,2023,915283759.741,UNComtrade
MYS,CAN,2024,1421924210.536,UNComtrade
MYS,CHN,2010,25057168797.0,UNComtrade
MYS,CHN,2011,29821382323.0,UNComtrade
MYS,CHN,2012,28742900356.0,UNComtrade
MYS,CHN,2013,30775462371.0,UNComtrade
MYS,CHN,2014,28222682560.0,UNComtrade
MYS,CHN,2015,26062953599.0,UNComtrade
MYS,CHN,2016,23753270471.0,UNComtrade
MYS,CHN,2017,29332532146.784,UNComtrade
MYS,CHN,2018,34483967388.652,UNComtrade
MYS,CHN,2019,34021113307.009,UNComtrade
MYS,CHN,2020,37878831338.921,UNComtrade
MYS,CHN,2021,46351724874.848,UNComtrade
MYS,CHN,2022,47843004759.473,UNComtrade
MYS,CHN,2023,42145127266.666,UNComtrade
MYS,CHN,2024,41008240378.626,UNComtrade
MYS,DEU,2010,5393103217.0,UNComtrade
MYS,DEU,2011,6016455275.0,UNComtrade
MYS,DEU,2012,5185773173.0,UNComtrade
MYS,DEU,2013,5236506382.0,UNComtrade
MYS,DEU,2014,5458095010.0,UNComtrade
MYS,DEU,2015,5041257591.0,UNComtrade
MYS,DEU,2016,5373423992.0,UNComtrade
MYS,DEU,2017,6211486117.952,UNComtrade
MYS,DEU,2018,6989082011.366,UNComtrade
MYS,DEU,2019,6288727667.687,UNComtrade
MYS,DEU,2020,5874581790.5,UNComtrade
MYS,DEU,2021,6868187510.775,UNComtrade
MYS,DEU,2022,6823370558.998,UNComtrade
MYS,DEU,2023,6701374980.898,UNComtrade
MYS,DEU,2024,7062192006.68,UNComtrade
MYS,GBR,2010,2237841520.0,UNComtrade
MYS,GBR,2011,2338276920.0,UNComtrade
MYS,GBR,2012,2203600581.0,UNComtrade
MYS,GBR,2013,2171732569.0,UNComtrade
MYS,GBR,2014,2421048464.0,UNComtrade
MYS,GBR,2015,2391910397.0,UNComtrade
MYS,GBR,2016,2106217476.0,UNComtrade
MYS,GBR,2017,2272131383.2,UNComtrade
MYS,GBR,2018,2140858440.175,UNComtrade
MYS,GBR,2019,2198915982.797,UNComtrade
MYS,GBR,2020,2375537687.072,UNComtrade
MYS,GBR,2021,2360787591.803,UNComtrade
MYS,GBR,2022,2109616552.814,UNComtrade
MYS,GBR,2023,1925328176.458,UNComtrade
MYS,GBR,2024,1881245026.158,UNComtrade
MYS,HKG,2010,10117899381.0,UNComtrade
MYS,HKG,2011,10210521564.0,UNComtrade
MYS,HKG,2012,9732207885.0,UNComtrade
MYS,HKG,2013,9910113939.0,UNComtrade
MYS,HKG,2014,11314107230.0,UNComtrade
MYS,HKG,2015,9459537258.0,UNComtrade
MYS,HKG,2016,9071549843.0,UNComtrade
MYS,HKG,2017,11111390200.553,UNComtrade
MYS,HKG,2018,18544891003.249,UNComtrade
MYS,HKG,2019,16083265150.767,UNComtrade
MYS,HKG,2020,16216749059.307,UNComtrade
MYS,HKG,2021,18494037028.564,UNComtrade
MYS,HKG,2022,21737858533.948,UNComtrade
MYS,HKG,2023,19698224010.991,UNComtrade
MYS,HKG,2024,19411764753.805,UNComtrade
MYS,IDN,2010,5628911754.0,UNComtrade
MYS,IDN,2011,6804684573.0,UNComtrade
MYS,IDN,2012,8937255991.0,UNComtrade
MYS,IDN,2013,10500207198.0,UNComtrade
MYS,IDN,2014,9705608585.0,UNComtrade
MYS,IDN,2015,7469624032.0,UNComtrade
MYS,IDN,2016,6665869404.0,UNComtrade
MYS,IDN,2017,7831818107.243,UNComtrade
MYS,IDN,2018,7907261703.607,UNComtrade
MYS,IDN,2019,7562626823.293,UNComtrade
MYS,IDN,2020,7039109642.003,UNComtrade
MYS,IDN,2021,9465142517.591,UNComtrade
MYS,IDN,2022,12664226164.904,UNComtrade
MYS,IDN,2023,11162555979.958,UNComtrade
MYS,IDN,2024,11888026303.359,UNComtrade
MYS,IND,2010,6516310689.0,UNComtrade
MYS,IND,2011,9209461687.0,UNComtrade
MYS,IND,2012,9492710234.0,UNComtrade
MYS,IND,2013,8161429153.0,UNComtrade
MYS,IND,2014,9748022284.0,UNComtrade
MYS,IND,2015,8128612215.0,UNComtrade
MYS,IND,2016,7713560900.0,UNComtrade
MYS,IND,2017,8041444861.263,UNComtrade
MYS,IND,2018,9006024065.754,UNComtrade
MYS,IND,2019,9315079404.783,UNComtrade
MYS,IND,2020,7233000121.629,UNComtrade
MYS,IND,2021,10905264686.903,UNComtrade
MYS,IND,2022,12442889566.948,UNComtrade
MYS,IND,2023,9984902056.071,UNComtrade
MYS,IND,2024,11391187905.397,UNComtrade
MYS,ITA,2010,1072400126.0,UNComtrade
MYS,ITA,2011,1179107639.0,UNComtrade
MYS,ITA,2012,953054235.0,UNComtrade
MYS,ITA,2013,1016500452.0,UNComtrade
MYS,ITA,2014,902402977.0,UNComtrade
MYS,ITA,2015,933377459.0,UNComtrade
MYS,ITA,2016,965006320.0,UNComtrade
MYS,ITA,2017,1065335312.972,UNComtrade
MYS,ITA,2018,1439215994.457,UNComtrade
MYS,ITA,2019,1219845846.876,UNComtrade
MYS,ITA,2020,1301529762.405,UNComtrade
MYS,ITA,2021,1724218119.259,UNComtrade
MYS,ITA,2022,1914143713.585,UNComtrade
MYS,ITA,2023,1376447327.747,UNComtrade
MYS,ITA,2024,1467124944.64,UNComtrade
MYS,JPN,2010,20611236466.0,UNComtrade
MYS,JPN,2011,26134472803.0,UNComtrade
MYS,JPN,2012,26997638169.0,UNComtrade
MYS,JPN,2013,25115836966.0,UNComtrade
MYS,JPN,2014,25276972662.0,UNComtrade
MYS,JPN,2015,18947306390.0,UNComtrade
MYS,JPN,2016,15250309112.0,UNComtrade
MYS,JPN,2017,17580964542.227,UNComtrade
MYS,JPN,2018,17442945888.747,UNComtrade
MYS,JPN,2019,15931989607.276,UNComtrade
MYS,JPN,2020,14883236600.952,UNComtrade
MYS,JPN,2021,18166720214.93,UNComtrade
MYS,JPN,2022,22416749634.925,UNComtrade
MYS,JPN,2023,18791083935.164,UNComtrade
MYS,JPN,2024,18052530591.458,UNComtrade
MYS,KHM,2010,197572648.0,UNComtrade
MYS,KHM,2011,258250045.0,UNComtrade
MYS,KHM,2012,249018510.0,UNComtrade
MYS,KHM,2013,235435475.0,UNComtrade
MYS,KHM,2014,242931912.0,UNComtrade
MYS,KHM,2015,235453414.0,UNComtrade
MYS,KHM,2016,284981856.0,UNComtrade
MYS,KHM,2017,290320969.973,UNComtrade
MYS,KHM,2018,383877251.11,UNComtrade
MYS,KHM,2019,626396761.82,UNComtrade
MYS,KHM,2020,355705363.183,UNComtrade
MYS,KHM,2021,457104597.971,UNComtrade
MYS,KHM,2022,525151067.301,UNComtrade
MYS,KHM,2023,514868619.507,UNComtrade
MYS,KHM,2024,667517568.458,UNComtrade
MYS,KOR,2010,7522739791.0,UNComtrade
MYS,KOR,2011,8438356237.0,UNComtrade
MYS,KOR,2012,8211851243.0,UNComtrade
MYS,KOR,2013,8308624734.0,UNComtrade
MYS,KOR,2014,8571522816.0,UNComtrade
MYS,KOR,2015,6476229104.0,UNComtrade
MYS,KOR,2016,5491727107.0,UNComtrade
MYS,KOR,2017,6657149511.254,UNComtrade
MYS,KOR,2018,8484801253.802,UNComtrade
MYS,KOR,2019,8263071678.515,UNComtrade
MYS,KOR,2020,8258351929.06,UNComtrade
MYS,KOR,2021,9087297935.267,UNComtrade
MYS,KOR,2022,12475676293.832,UNComtrade
MYS,KOR,2023,12251988521.681,UNComtrade
MYS,KOR,2024,11789383055.132,UNComtrade
MYS,LAO,2010,15092440.0,UNComtrade
MYS,LAO,2011,13750805.0,UNComtrade
MYS,LAO,2012,12899433.0,UNComtrade
MYS,LAO,2013,22868155.0,UNComtrade
MYS,LAO,2014,24877697.0,UNComtrade
MYS,LAO,2015,14908378.0,UNComtrade
MYS,LAO,2016,18549823.0,UNComtrade
MYS,LAO,2017,14509013.213,UNComtrade
MYS,LAO,2018,10146054.927,UNComtrade
MYS,LAO,2019,8089165.718,UNComtrade
MYS,LAO,2020,13379012.637,UNComtrade
MYS,LAO,2021,27337540.722,UNComtrade
MYS,LAO,2022,215055707.947,UNComtrade
MYS,LAO,2023,29626455.946,UNComtrade
MYS,LAO,2024,14843732.869,UNComtrade
MYS,MMR,2010,369510400.0,UNComtrade
MYS,MMR,2011,558967883.0,UNComtrade
MYS,MMR,2012,704519373.0,UNComtrade
MYS,MMR,2013,716950672.0,UNComtrade
MYS,MMR,2014,804977431.0,UNComtrade
MYS,MMR,2015,786717781.0,UNComtrade
MYS,MMR,2016,945885285.0,UNComtrade
MYS,MMR,2017,963562545.087,UNComtrade
MYS,MMR,2018,696427263.597,UNComtrade
MYS,MMR,2019,683336063.095,UNComtrade
MYS,MMR,2020,729519569.229,UNComtrade
MYS,MMR,2021,654004196.98,UNComtrade
MYS,MMR,2022,1355740377.383,UNComtrade
MYS,MMR,2023,877942926.742,UNComtrade
MYS,MMR,2024,691988872.399,UNComtrade
MYS,NLD,2010,6286028046.0,UNComtrade
MYS,NLD,2011,6307106967.0,UNComtrade
MYS,NLD,2012,6007455520.0,UNComtrade
MYS,NLD,2013,6569679845.0,UNComtrade
MYS,NLD,2014,7162913020.0,UNComtrade
MYS,NLD,2015,6005469229.0,UNComtrade
MYS,NLD,2016,5285787732.0,UNComtrade
MYS,NLD,2017,6264402989.287,UNComtrade
MYS,NLD,2018,6393621687.897,UNComtrade
MYS,NLD,2019,6348445089.379,UNComtrade
MYS,NLD,2020,5587739409.403,UNComtrade
MYS,NLD,2021,7524331728.783,UNComtrade
MYS,NLD,2022,9531745337.484,UNComtrade
MYS,NLD,2023,7861578214.028,UNComtrade
MYS,NLD,2024,7793544631.176,UNComtrade
MYS,PHL,2010,3109385484.0,UNComtrade
MYS,PHL,2011,3575616985.0,UNComtrade
MYS,PHL,2012,3390002951.0,UNComtrade
MYS,PHL,2013,2962530137.0,UNComtrade
MYS,PHL,2014,3682066405.0,UNComtrade
MYS,PHL,2015,3383872686.0,UNComtrade
MYS,PHL,2016,3288388948.0,UNComtrade
MYS,PHL,2017,3847313505.453,UNComtrade
MYS,PHL,2018,4201855298.257,UNComtrade
MYS,PHL,2019,4491884129.433,UNComtrade
MYS,PHL,2020,4188601388.908,UNComtrade
MYS,PHL,2021,5459821684.73,UNComtrade
MYS,PHL,2022,6415430807.58,UNComtrade
MYS,PHL,2023,5798651241.254,UNComtrade
MYS,PHL,2024,6078958497.925,UNComtrade
MYS,SGP,2010,26552829603.0,UNComtrade
MYS,SGP,2011,28812576549.0,UNComtrade
MYS,SGP,2012,30931145663.0,UNComtrade
MYS,SGP,2013,31778865871.0,UNComtrade
MYS,SGP,2014,33262665974.0,UNComtrade
MYS,SGP,2015,27842989314.0,UNComtrade
MYS,SGP,2016,27581069045.0,UNComtrade
MYS,SGP,2017,31195409357.476,UNComtrade
MYS,SGP,2018,34756978823.122,UNComtrade
MYS,SGP,2019,33090803477.136,UNComtrade
MYS,SGP,2020,33816086266.581,UNComtrade
MYS,SGP,2021,41847308487.154,UNComtrade
MYS,SGP,2022,52824251487.257,UNComtrade
MYS,SGP,2023,48092322740.089,UNComtrade
MYS,SGP,2024,50446147531.818,UNComtrade
MYS,THA,2010,10628482694.0,UNComtrade
MYS,THA,2011,11674034287.0,UNComtrade
MYS,THA,2012,12182164743.0,UNComtrade
MYS,THA,2013,12660983976.0,UNComtrade
MYS,THA,2014,12307656537.0,UNComtrade
MYS,THA,2015,11403387980.0,UNComtrade
MYS,THA,2016,10628237217.0,UNComtrade
MYS,THA,2017,11762131864.896,UNComtrade
MYS,THA,2018,14141009374.181,UNComtrade
MYS,THA,2019,13595304377.038,UNComtrade
MYS,THA,2020,10786175541.45,UNComtrade
MYS,THA,2021,12646128852.035,UNComtrade
MYS,THA,2022,14943379970.111,UNComtrade
MYS,THA,2023,12873639854.988,UNComtrade
MYS,THA,2024,12888705827.583,UNComtrade
MYS,TWN,2010,6275232739.0,UNComtrade
MYS,TWN,2011,7420962100.0,UNComtrade
MYS,TWN,2012,7066283364.0,UNComtrade
MYS,TWN,2013,6894802586.0,UNComtrade
MYS,TWN,2014,7593961966.0,UNComtrade
MYS,TWN,2015,6097314810.0,UNComtrade
MYS,TWN,2016,5104098604.0,UNComtrade
MYS,TWN,2017,5580182465.717,UNComtrade
MYS,TWN,2018,8132095931.72,UNComtrade
MYS,TWN,2019,8939478579.373,UNComtrade
MYS,TWN,2020,8058445093.943,UNComtrade
MYS,TWN,2021,9784222161.643,UNComtrade
MYS,TWN,2022,11757353043.778,UNComtrade
MYS,TWN,2023,9492811102.349,UNComtrade
MYS,TWN,2024,14637831549.868,UNComtrade
MYS,USA,2010,18981094956.0,UNComtrade
MYS,USA,2011,18850436988.0,UNComtrade
MYS,USA,2012,19718959631.0,UNComtrade
MYS,USA,2013,18440579890.0,UNComtrade
MYS,USA,2014,19702599986.0,UNComtrade
MYS,USA,2015,18928949330.0,UNComtrade
MYS,USA,2016,19353878556.0,UNComtrade
MYS,USA,2017,20706831375.775,UNComtrade
MYS,USA,2018,22551068255.636,UNComtrade
MYS,USA,2019,23342307247.836,UNComtrade
MYS,USA,2020,25984205302.734,UNComtrade
MYS,USA,2021,34366250028.141,UNComtrade
MYS,USA,2022,38025492594.9,UNComtrade
MYS,USA,2023,35455220162.676,UNComtrade
MYS,USA,2024,43434916631.062,UNComtrade
MYS,VNM,2010,3546393552.0,UNComtrade
MYS,VNM,2011,3819048331.0,UNComtrade
MYS,VNM,2012,3821958082.0,UNComtrade
MYS,VNM,2013,4227291007.0,UNComtrade
MYS,VNM,2014,4383742682.0,UNComtrade
MYS,VNM,2015,4465663743.0,UNComtrade
MYS,VNM,2016,5730266198.0,UNComtrade
MYS,VNM,2017,6426670687.461,UNComtrade
MYS,VNM,2018,8507594426.423,UNComtrade
MYS,VNM,2019,8542448158.716,UNComtrade
MYS,VNM,2020,7352144153.026,UNComtrade
MYS,VNM,2021,10982097603.905,UNComtrade
MYS,VNM,2022,12184086590.591,UNComtrade
MYS,VNM,2023,11404596586.733,UNComtrade
MYS,VNM,2024,11769352746.203,UNComtrade
PHL,ARE,2010,228921626.0,UNComtrade
PHL,ARE,2011,218220442.0,UNComtrade
PHL,ARE,2012,220217148.0,UNComtrade
PHL,ARE,2013,302359742.0,UNComtrade
PHL,ARE,2014,364842685.0,UNComtrade
PHL,ARE,2015,301271745.0,UNComtrade
PHL,ARE,2016,303756108.0,UNComtrade
PHL,ARE,2017,658037370.0,UNComtrade
PHL,ARE,2018,396235212.0,UNComtrade
PHL,ARE,2019,399663378.0,UNComtrade
PHL,ARE,2020,278338943.0,UNComtrade
PHL,ARE,2021,266971167.0,UNComtrade
PHL,ARE,2022,315190856.0,UNComtrade
PHL,ARE,2023,341966201.0,UNComtrade
PHL,ARE,2024,390404826.0,UNComtrade
PHL,AUS,2010,349626211.0,UNComtrade
PHL,AUS,2011,384520907.0,UNComtrade
PHL,AUS,2012,387251904.0,UNComtrade
PHL,AUS,2013,519149726.0,UNComtrade
PHL,AUS,2014,824945970.0,UNComtrade
PHL,AUS,2015,451179758.0,UNComtrade
PHL,AUS,2016,486051410.0,UNComtrade
PHL,AUS,2017,453188673.0,UNComtrade
PHL,AUS,2018,429249959.0,UNComtrade
PHL,AUS,2019,398099783.0,UNComtrade
PHL,AUS,2020,362288798.0,UNComtrade
PHL,AUS,2021,531010275.0,UNComtrade
PHL,AUS,2022,557059924.0,UNComtrade
PHL,AUS,2023,561941531.0,UNComtrade
PHL,AUS,2024,547349142.0,UNComtrade
PHL,BRN,2010,5955338.0,UNComtrade
PHL,BRN,2011,6232705.0,UNComtrade
PHL,BRN,2012,7242569.0,UNComtrade
PHL,BRN,2013,8618147.0,UNComtrade
PHL,BRN,2014,9532902.0,UNComtrade
PHL,BRN,2015,11571190.0,UNComtrade
PHL,BRN,2016,8248054.0,UNComtrade
PHL,BRN,2017,7582227.0,UNComtrade
PHL,BRN,2018,5885088.0,UNComtrade
PHL,BRN,2019,5256234.0,UNComtrade
PHL,BRN,2020,4358037.0,UNComtrade
PHL,BRN,2021,22336708.0,UNComtrade
PHL,BRN,2022,159815790.0,UNComtrade
PHL,BRN,2023,52581888.0,UNComtrade
PHL,BRN,2024,83871994.0,UNComtrade
PHL,CAN,2010,333615911.0,UNComtrade
PHL,CAN,2011,417786596.0,UNComtrade
PHL,CAN,2012,508184921.0,UNComtrade
PHL,CAN,2013,538456335.0,UNComtrade
PHL,CAN,2014,597567342.0,UNComtrade
PHL,CAN,2015,563498012.0,UNComtrade
PHL,CAN,2016,523916320.0,UNComtrade
PHL,CAN,2017,538611465.0,UNComtrade
PHL,CAN,2018,581733217.0,UNComtrade
PHL,CAN,2019,621071602.0,UNComtrade
PHL,CAN,2020,400088944.0,UNComtrade
PHL,CAN,2021,490936045.0,UNComtrade
PHL,CAN,2022,599887353.0,UNComtrade
PHL,CAN,2023,582996684.0,UNComtrade
PHL,CAN,2024,550645372.0,UNComtrade
PHL,CHN,2010,5724466517.0,UNComtrade
PHL,CHN,2011,6102252267.0,UNComtrade
PHL,CHN,2012,6159105793.0,UNComtrade
PHL,CHN,2013,7025215023.0,UNComtrade
PHL,CHN,2014,8033653088.0,UNComtrade
PHL,CHN,2015,6393072934.0,UNComtrade
PHL,CHN,2016,6192432904.0,UNComtrade
PHL,CHN,2017,8017052109.0,UNComtrade
PHL,CHN,2018,8698668418.0,UNComtrade
PHL,CHN,2019,9814427518.0,UNComtrade
PHL,CHN,2020,9830090667.0,UNComtrade
PHL,CHN,2021,11530840475.0,UNComtrade
PHL,CHN,2022,10965840327.0,UNComtrade
PHL,CHN,2023,10925417700.0,UNComtrade
PHL,CHN,2024,9444743061.0,UNComtrade
PHL,DEU,2010,2657262060.0,UNComtrade
PHL,DEU,2011,1729416091.0,UNComtrade
PHL,DEU,2012,1956563141.0,UNComtrade
PHL,DEU,2013,2338879884.0,UNComtrade
PHL,DEU,2014,2659965704.0,UNComtrade
PHL,DEU,2015,2646455463.0,UNComtrade
PHL,DEU,2016,2293130298.0,UNComtrade
PHL,DEU,2017,2675602349.0,UNComtrade
PHL,DEU,2018,2808885820.0,UNComtrade
PHL,DEU,2019,2723148920.0,UNComtrade
PHL,DEU,2020,2377185195.0,UNComtrade
PHL,DEU,2021,2938222207.0,UNComtrade
PHL,DEU,2022,2779331334.0,UNComtrade
PHL,DEU,2023,2486640766.0,UNComtrade
PHL,DEU,2024,2458244716.0,UNComtrade
PHL,GBR,2010,394944813.0,UNComtrade
PHL,GBR,2011,400778575.0,UNComtrade
PHL,GBR,2012,656580025.0,UNComtrade
PHL,GBR,2013,577761352.0,UNComtrade
PHL,GBR,2014,464207436.0,UNComtrade
PHL,GBR,2015,477742364.0,UNComtrade
PHL,GBR,2016,475800328.0,UNComtrade
PHL,GBR,2017,522182123.0,UNComtrade
PHL,GBR,2018,519554568.0,UNComtrade
PHL,GBR,2019,505990395.0,UNComtrade
PHL,GBR,2020,413836089.0,UNComtrade
PHL,GBR,2021,474022158.0,UNComtrade
PHL,GBR,2022,544940755.0,UNComtrade
PHL,GBR,2023,512243065.0,UNComtrade
PHL,GBR,2024,548853436.0,UNComtrade
PHL,HKG,2010,4335689006.0,UNComtrade
PHL,HKG,2011,3698892663.0,UNComtrade
PHL,HKG,2012,4776082101.0,UNComtrade
PHL,HKG,2013,4541472505.0,UNComtrade
PHL,HKG,2014,5593694709.0,UNComtrade
PHL,HKG,2015,6199418345.0,UNComtrade
PHL,HKG,2016,6582766881.0,UNComtrade
PHL,HKG,2017,9024710307.0,UNComtrade
PHL,HKG,2018,9554211828.0,UNComtrade
PHL,HKG,2019,9624897415.0,UNComtrade
PHL,HKG,2020,9225868244.0,UNComtrade
PHL,HKG,2021,9931547214.0,UNComtrade
PHL,HKG,2022,10478978952.0,UNComtrade
PHL,HKG,2023,8843731591.0,UNComtrade
PHL,HKG,2024,9605262937.0,UNComtrade
PHL,IDN,2010,449217187.0,UNComtrade
PHL,IDN,2011,605858074.0,UNComtrade
PHL,IDN,2012,839666572.0,UNComtrade
PHL,IDN,2013,835130518.0,UNComtrade
PHL,IDN,2014,758508258.0,UNComtrade
PHL,IDN,2015,628273797.0,UNComtrade
PHL,IDN,2016,592204268.0,UNComtrade
PHL,IDN,2017,724199704.0,UNComtrade
PHL,IDN,2018,866202792.0,UNComtrade
PHL,IDN,2019,829016228.0,UNComtrade
PHL,IDN,2020,458173572.0,UNComtrade
PHL,IDN,2021,864923503.0,UNComtrade
PHL,IDN,2022,725816637.0,UNComtrade
PHL,IDN,2023,748941349.0,UNComtrade
PHL,IDN,2024,1052165226.0,UNComtrade
PHL,IND,2010,410280314.0,UNComtrade
PHL,IND,2011,387903882.0,UNComtrade
PHL,IND,2012,326846937.0,UNComtrade
PHL,IND,2013,298364508.0,UNComtrade
PHL,IND,2014,299104711.0,UNComtrade
PHL,IND,2015,372885820.0,UNComtrade
PHL,IND,2016,315127080.0,UNComtrade
PHL,IND,2017,576562016.0,UNComtrade
PHL,IND,2018,589749024.0,UNComtrade
PHL,IND,2019,545445461.0,UNComtrade
PHL,IND,2020,553844166.0,UNComtrade
PHL,IND,2021,735426612.0,UNComtrade
PHL,IND,2022,719272025.0,UNComtrade
PHL,IND,2023,1103888271.0,UNComtrade
PHL,IND,2024,1097038987.0,UNComtrade
PHL,ITA,2010,349467375.0,UNComtrade
PHL,ITA,2011,289198230.0,UNComtrade
PHL,ITA,2012,218662793.0,UNComtrade
PHL,ITA,2013,225412531.0,UNComtrade
PHL,ITA,2014,187923480.0,UNComtrade
PHL,ITA,2015,187138760.0,UNComtrade
PHL,ITA,2016,162686606.0,UNComtrade
PHL,ITA,2017,317213828.0,UNComtrade
PHL,ITA,2018,201915641.0,UNComtrade
PHL,ITA,2019,203956571.0,UNComtrade
PHL,ITA,2020,203063658.0,UNComtrade
PHL,ITA,2021,232192167.0,UNComtrade
PHL,ITA,2022,297212401.0,UNComtrade
PHL,ITA,2023,264125835.0,UNComtrade
PHL,ITA,2024,322144870.0,UNComtrade
PHL,JPN,2010,7841291405.0,UNComtrade
PHL,JPN,2011,8866494444.0,UNComtrade
PHL,JPN,2012,9881269130.0,UNComtrade
PHL,JPN,2013,12048496171.0,UNComtrade
PHL,JPN,2014,13918859503.0,UNComtrade
PHL,JPN,2015,12381197312.0,UNComtrade
PHL,JPN,2016,11674107668.0,UNComtrade
PHL,JPN,2017,10853157510.0,UNComtrade
PHL,JPN,2018,9473707006.0,UNComtrade
PHL,JPN,2019,10674916696.0,UNComtrade
PHL,JPN,2020,10034349119.0,UNComtrade
PHL,JPN,2021,10722303731.0,UNComtrade
PHL,JPN,2022,11094093997.0,UNComtrade
PHL,JPN,2023,10455788964.0,UNComtrade
PHL,JPN,2024,10330392751.0,UNComtrade
PHL,KHM,2010,8495199.0,UNComtrade
PHL,KHM,2011,9742869.0,UNComtrade
PHL,KHM,2012,16372403.0,UNComtrade
PHL,KHM,2013,8729476.0,UNComtrade
PHL,KHM,2014,82797773.0,UNComtrade
PHL,KHM,2015,8651745.0,UNComtrade
PHL,KHM,2016,16104842.0,UNComtrade
PHL,KHM,2017,32767318.0,UNComtrade
PHL,KHM,2018,30588390.0,UNComtrade
PHL,KHM,2019,26159939.0,UNComtrade
PHL,KHM,2020,28224966.0,UNComtrade
PHL,KHM,2021,36488295.0,UNComtrade
PHL,KHM,2022,53699681.0,UNComtrade
PHL,KHM,2023,17412410.0,UNComtrade
PHL,KHM,2024,42854990.0,UNComtrade
PHL,KOR,2010,2243106603.0,UNComtrade
PHL,KOR,2011,2196404869.0,UNComtrade
PHL,KOR,2012,2862007873.0,UNComtrade
PHL,KOR,2013,3399765182.0,UNComtrade
PHL,KOR,2014,2532408235.0,UNComtrade
PHL,KOR,2015,2511551984.0,UNComtrade
PHL,KOR,2016,2095041078.0,UNComtrade
PHL,KOR,2017,4333434204.0,UNComtrade
PHL,KOR,2018,2542278645.0,UNComtrade
PHL,KOR,2019,3240829679.0,UNComtrade
PHL,KOR,2020,2854850891.0,UNComtrade
PHL,KOR,2021,2573886610.0,UNComtrade
PHL,KOR,2022,3127015016.0,UNComtrade
PHL,KOR,2023,3533831874.0,UNComtrade
PHL,KOR,2024,3570292996.0,UNComtrade
PHL,LAO,2010,301273.0,UNComtrade
PHL,LAO,2011,611476.0,UNComtrade
PHL,LAO,2012,541782.0,UNComtrade
PHL,LAO,2013,799528.0,UNComtrade
PHL,LAO,2014,109540.0,UNComtrade
PHL,LAO,2015,15573640.0,UNComtrade
PHL,LAO,2016,684933.0,UNComtrade
PHL,LAO,2017,1366277.0,UNComtrade
PHL,LAO,2018,2702382.0,UNComtrade
PHL,LAO,2019,1089472.0,UNComtrade
PHL,LAO,2020,413193.0,UNComtrade
PHL,LAO,2021,265899.0,UNComtrade
PHL,LAO,2022,1964792.0,UNComtrade
PHL,LAO,2023,1381044.0,UNComtrade
PHL,LAO,2024,2772778.0,UNComtrade
PHL,MMR,2010,11232996.0,UNComtrade
PHL,MMR,2011,14129197.0,UNComtrade
PHL,MMR,2012,19132030.0,UNComtrade
PHL,MMR,2013,23727206.0,UNComtrade
PHL,MMR,2014,18740815.0,UNComtrade
PHL,MMR,2015,34119320.0,UNComtrade
PHL,MMR,2016,16796821.0,UNComtrade
PHL,MMR,2017,27303538.0,UNComtrade
PHL,MMR,2018,41483018.0,UNComtrade
PHL,MMR,2019,54968873.0,UNComtrade
PHL,MMR,2020,49512625.0,UNComtrade
PHL,MMR,2021,52240209.0,UNComtrade
PHL,MMR,2022,66647224.0,UNComtrade
PHL,MMR,2023,61691911.0,UNComtrade
PHL,MMR,2024,50985777.0,UNComtrade
PHL,MYS,2010,1396495830.0,UNComtrade
PHL,MYS,2011,1098988452.0,UNComtrade
PHL,MYS,2012,1018099385.0,UNComtrade
PHL,MYS,2013,1375269939.0,UNComtrade
PHL,MYS,2014,1161018862.0,UNComtrade
PHL,MYS,2015,1198694382.0,UNComtrade
PHL,MYS,2016,1189457375.0,UNComtrade
PHL,MYS,2017,1713739276.0,UNComtrade
PHL,MYS,2018,1929601550.0,UNComtrade
PHL,MYS,2019,1825274249.0,UNComtrade
PHL,MYS,2020,1770569300.0,UNComtrade
PHL,MYS,2021,1891938866.0,UNComtrade
PHL,MYS,2022,2443546459.0,UNComtrade
PHL,MYS,2023,2183647959.0,UNComtrade
PHL,MYS,2024,2226530982.0,UNComtrade
PHL,NLD,2010,2429526895.0,UNComtrade
PHL,NLD,2011,1744779144.0,UNComtrade
PHL,NLD,2012,1550982113.0,UNComtrade
PHL,NLD,2013,1748520893.0,UNComtrade
PHL,NLD,2014,1892314966.0,UNComtrade
PHL,NLD,2015,1771990825.0,UNComtrade
PHL,NLD,2016,1715639524.0,UNComtrade
PHL,NLD,2017,2517552849.0,UNComtrade
PHL,NLD,2018,2480699881.0,UNComtrade
PHL,NLD,2019,2266052624.0,UNComtrade
PHL,NLD,2020,1919721516.0,UNComtrade
PHL,NLD,2021,2253693321.0,UNComtrade
PHL,NLD,2022,2941094285.0,UNComtrade
PHL,NLD,2023,3088586285.0,UNComtrade
PHL,NLD,2024,2867919609.0,UNComtrade
PHL,SGP,2010,7318943042.0,UNComtrade
PHL,SGP,2011,4277729119.0,UNComtrade
PHL,SGP,2012,4863929036.0,UNComtrade
PHL,SGP,2013,4142004433.0,UNComtrade
PHL,SGP,2014,4453918282.0,UNComtrade
PHL,SGP,2015,3649515390.0,UNComtrade
PHL,SGP,2016,3700590526.0,UNComtrade
PHL,SGP,2017,3973555967.0,UNComtrade
PHL,SGP,2018,4234411942.0,UNComtrade
PHL,SGP,2019,3831791658.0,UNComtrade
PHL,SGP,2020,3774431834.0,UNComtrade
PHL,SGP,2021,4194783019.0,UNComtrade
PHL,SGP,2022,4908819055.0,UNComtrade
PHL,SGP,2023,3528073982.0,UNComtrade
PHL,SGP,2024,2942607700.0,UNComtrade
PHL,THA,2010,1782639945.0,UNComtrade
PHL,THA,2011,1903966761.0,UNComtrade
PHL,THA,2012,2445956284.0,UNComtrade
PHL,THA,2013,1909020753.0,UNComtrade
PHL,THA,2014,2351875165.0,UNComtrade
PHL,THA,2015,2263438015.0,UNComtrade
PHL,THA,2016,2130029017.0,UNComtrade
PHL,THA,2017,2740793582.0,UNComtrade
PHL,THA,2018,2716755647.0,UNComtrade
PHL,THA,2019,2972465089.0,UNComtrade
PHL,THA,2020,2877397089.0,UNComtrade
PHL,THA,2021,3450822884.0,UNComtrade
PHL,THA,2022,3374362655.0,UNComtrade
PHL,THA,2023,2931640278.0,UNComtrade
PHL,THA,2024,2956105868.0,UNComtrade
PHL,TWN,2010,1751960534.0,UNComtrade
PHL,TWN,2011,2002901804.0,UNComtrade
PHL,TWN,2012,1915311138.0,UNComtrade
PHL,TWN,2013,1983303772.0,UNComtrade
PHL,TWN,2014,2446340022.0,UNComtrade
PHL,TWN,2015,2177119888.0,UNComtrade
PHL,TWN,2016,2055633777.0,UNComtrade
PHL,TWN,2017,2450880018.0,UNComtrade
PHL,TWN,2018,2472920830.0,UNComtrade
PHL,TWN,2019,2253461466.0,UNComtrade
PHL,TWN,2020,2121273904.0,UNComtrade
PHL,TWN,2021,2525293939.0,UNComtrade
PHL,TWN,2022,2964904071.0,UNComtrade
PHL,TWN,2023,2637848928.0,UNComtrade
PHL,TWN,2024,2689120223.0,UNComtrade
PHL,USA,2010,7569998988.0,UNComtrade
PHL,USA,2011,7106742822.0,UNComtrade
PHL,USA,2012,7406422794.0,UNComtrade
PHL,USA,2013,8337396542.0,UNComtrade
PHL,USA,2014,8732693880.0,UNComtrade
PHL,USA,2015,8811250059.0,UNComtrade
PHL,USA,2016,8670654131.0,UNComtrade
PHL,USA,2017,9666678917.0,UNComtrade
PHL,USA,2018,10550412462.0,UNComtrade
PHL,USA,2019,11573870586.0,UNComtrade
PHL,USA,2020,10026270703.0,UNComtrade
PHL,USA,2021,11858657197.0,UNComtrade
PHL,USA,2022,12476937774.0,UNComtrade
PHL,USA,2023,11564939802.0,UNComtrade
PHL,USA,2024,12198440327.0,UNComtrade
PHL,VNM,2010,572077761.0,UNComtrade
PHL,VNM,2011,718004176.0,UNComtrade
PHL,VNM,2012,593443265.0,UNComtrade
PHL,VNM,2013,540859196.0,UNComtrade
PHL,VNM,2014,374741386.0,UNComtrade
PHL,VNM,2015,727041250.0,UNComtrade
PHL,VNM,2016,746516790.0,UNComtrade
PHL,VNM,2017,907213057.0,UNComtrade
PHL,VNM,2018,943780723.0,UNComtrade
PHL,VNM,2019,1269635637.0,UNComtrade
PHL,VNM,2020,1280661343.0,UNComtrade
PHL,VNM,2021,1638759665.0,UNComtrade
PHL,VNM,2022,1722317281.0,UNComtrade
PHL,VNM,2023,1694890634.0,UNComtrade
PHL,VNM,2024,1657646957.0,UNComtrade
SGP,ARE,2010,3824002779.371,UNComtrade
SGP,ARE,2011,4757974142.552,UNComtrade
SGP,ARE,2012,4733390283.225,UNComtrade
SGP,ARE,2013,5662999409.547,UNComtrade
SGP,ARE,2014,6071191257.531,UNComtrade
SGP,ARE,2015,5427571738.437,UNComtrade
SGP,ARE,2016,4078751024.403,UNComtrade
SGP,ARE,2017,3668683855.667,UNComtrade
SGP,ARE,2018,3712070983.006,UNComtrade
SGP,ARE,2019,4057755365.694,UNComtrade
SGP,ARE,2020,3051704288.894,UNComtrade
SGP,ARE,2021,4014808910.604,UNComtrade
SGP,ARE,2022,5939411340.21,UNComtrade
SGP,ARE,2023,5396581470.228,UNComtrade
SGP,ARE,2024,5123295784.326,UNComtrade
SGP,AUS,2010,12577193718.588,UNComtrade
SGP,AUS,2011,16076612249.314,UNComtrade
SGP,AUS,2012,17014864269.675,UNComtrade
SGP,AUS,2013,15528347548.434,UNComtrade
SGP,AUS,2014,15452736741.519,UNComtrade
SGP,AUS,2015,11537251211.665,UNComtrade
SGP,AUS,2016,9370331469.904,UNComtrade
SGP,AUS,2017,10000668015.627,UNComtrade
SGP,AUS,2018,12670165606.319,UNComtrade
SGP,AUS,2019,11295485000.036,UNComtrade
SGP,AUS,2020,8549908980.673,UNComtrade
SGP,AUS,2021,13027304316.381,UNComtrade
SGP,AUS,2022,16589535500.582,UNComtrade
SGP,AUS,2023,15127850036.289,UNComtrade
SGP,AUS,2024,14885680737.54,UNComtrade
SGP,BRN,2010,944163997.524,UNComtrade
SGP,BRN,2011,1575964130.142,UNComtrade
SGP,BRN,2012,1236220252.963,UNComtrade
SGP,BRN,2013,1154421980.04,UNComtrade
SGP,BRN,2014,882554022.326,UNComtrade
SGP,BRN,2015,777434494.346,UNComtrade
SGP,BRN,2016,767153621.517,UNComtrade
SGP,BRN,2017,757756135.703,UNComtrade
SGP,BRN,2018,881595118.745,UNComtrade
SGP,BRN,2019,1114834789.091,UNComtrade
SGP,BRN,2020,788440225.774,UNComtrade
SGP,BRN,2021,745737886.493,UNComtrade
SGP,BRN,2022,814000711.795,UNComtrade
SGP,BRN,2023,828740599.483,UNComtrade
SGP,BRN,2024,2336430436.211,UNComtrade
SGP,CAN,2010,1453268897.679,UNComtrade
SGP,CAN,2011,1404061321.713,UNComtrade
SGP,CAN,2012,1194356234.184,UNComtrade
SGP,CAN,2013,1611029307.113,UNComtrade
SGP,CAN,2014,976641028.174,UNComtrade
SGP,CAN,2015,748270476.92,UNComtrade
SGP,CAN,2016,743529615.413,UNComtrade
SGP,CAN,2017,731412672.464,UNComtrade
SGP,CAN,2018,945777214.868,UNComtrade
SGP,CAN,2019,1126794220.185,UNComtrade
SGP,CAN,2020,1107142363.477,UNComtrade
SGP,CAN,2021,751758628.767,UNComtrade
SGP,CAN,2022,1036941779.337,UNComtrade
SGP,CAN,2023,1120054988.484,UNComtrade
SGP,CAN,2024,1149083122.795,UNComtrade
SGP,CHN,2010,36290354185.359,UNComtrade
SGP,CHN,2011,42687205120.802,UNComtrade
SGP,CHN,2012,44255388224.205,UNComtrade
SGP,CHN,2013,49262160788.176,UNComtrade
SGP,CHN,2014,54694071115.681,UNComtrade
SGP,CHN,2015,51421808635.836,UNComtrade
SGP,CHN,2016,44351818279.577,UNComtrade
SGP,CHN,2017,54012193790.955,UNComtrade
SGP,CHN,2018,50396448530.869,UNComtrade
SGP,CHN,2019,51619173349.091,UNComtrade
SGP,CHN,2020,51339112148.452,UNComtrade
SGP,CHN,2021,67688609088.528,UNComtrade
SGP,CHN,2022,63968869360.322,UNComtrade
SGP,CHN,2023,65585113403.036,UNComtrade
SGP,CHN,2024,70678294064.481,UNComtrade
SGP,DEU,2010,6138603879.912,UNComtrade
SGP,DEU,2011,6688680644.102,UNComtrade
SGP,DEU,2012,5955295836.826,UNComtrade
SGP,DEU,2013,5841148768.633,UNComtrade
SGP,DEU,2014,5388968419.144,UNComtrade
SGP,DEU,2015,5548920001.589,UNComtrade
SGP,DEU,2016,5734625188.513,UNComtrade
SGP,DEU,2017,6192352218.197,UNComtrade
SGP,DEU,2018,6415097584.334,UNComtrade
SGP,DEU,2019,5844394599.217,UNComtrade
SGP,DEU,2020,5553582548.913,UNComtrade
SGP,DEU,2021,7099636686.748,UNComtrade
SGP,DEU,2022,8100612037.751,UNComtrade
SGP,DEU,2023,8023692488.345,UNComtrade
SGP,DEU,2024,7070298343.06,UNComtrade
SGP,GBR,2010,6111865309.62,UNComtrade
SGP,GBR,2011,6942327752.158,UNComtrade
SGP,GBR,2012,6537986979.126,UNComtrade
SGP,GBR,2013,3845584218.612,UNComtrade
SGP,GBR,2014,4007522647.91,UNComtrade
SGP,GBR,2015,3314622559.283,UNComtrade
SGP,GBR,2016,3141488196.725,UNComtrade
SGP,GBR,2017,3052771781.607,UNComtrade
SGP,GBR,2018,4747709185.756,UNComtrade
SGP,GBR,2019,4669650492.045,UNComtrade
SGP,GBR,2020,4450923992.002,UNComtrade
SGP,GBR,2021,3702297310.079,UNComtrade
SGP,GBR,2022,3714653157.048,UNComtrade
SGP,GBR,2023,3786548035.275,UNComtrade
SGP,GBR,2024,5381656893.321,UNComtrade
SGP,HKG,2010,41192588767.79,UNComtrade
SGP,HKG,2011,45047242553.747,UNComtrade
SGP,HKG,2012,46312278220.517,UNComtrade
SGP,HKG,2013,46061285398.919,UNComtrade
SGP,HKG,2014,45806225145.101,UNComtrade
SGP,HKG,2015,41130295629.668,UNComtrade
SGP,HKG,2016,43261080441.624,UNComtrade
SGP,HKG,2017,45988069942.053,UNComtrade
SGP,HKG,2018,48665609481.079,UNComtrade
SGP,HKG,2019,44377362526.565,UNComtrade
SGP,HKG,2020,46194235816.55,UNComtrade
SGP,HKG,2021,60095748750.01,UNComtrade
SGP,HKG,2022,57779796014.997,UNComtrade
SGP,HKG,2023,50413351714.906,UNComtrade
SGP,HKG,2024,55288703328.618,UNComtrade
SGP,IDN,2010,33501648388.457,UNComtrade
SGP,IDN,2011,45324380231.576,UNComtrade
SGP,IDN,2012,44995483841.339,UNComtrade
SGP,IDN,2013,43634272930.789,UNComtrade
SGP,IDN,2014,38477359377.318,UNComtrade
SGP,IDN,2015,29612380416.854,UNComtrade
SGP,IDN,2016,26589985806.751,UNComtrade
SGP,IDN,2017,27937946601.073,UNComtrade
SGP,IDN,2018,32949436102.333,UNComtrade
SGP,IDN,2019,27359051886.348,UNComtrade
SGP,IDN,2020,21428487060.538,UNComtrade
SGP,IDN,2021,28776343096.299,UNComtrade
SGP,IDN,2022,37230022870.862,UNComtrade
SGP,IDN,2023,35368235700.34,UNComtrade
SGP,IDN,2024,39825870265.594,UNComtrade
SGP,IND,2010,13383563870.232,UNComtrade
SGP,IND,2011,14320462885.033,UNComtrade
SGP,IND,2012,11816212083.161,UNComtrade
SGP,IND,2013,11450711996.317,UNComtrade
SGP,IND,2014,11496311784.827,UNComtrade
SGP,IND,2015,10993605744.994,UNComtrade
SGP,IND,2016,10036103247.17,UNComtrade
SGP,IND,2017,11012510663.894,UNComtrade
SGP,IND,2018,12331500524.535,UNComtrade
SGP,IND,2019,11440776975.202,UNComtrade
SGP,IND,2020,9168108325.8,UNComtrade
SGP,IND,2021,12613477830.193,UNComtrade
SGP,IND,2022,13898861616.85,UNComtrade
SGP,IND,2023,14436042972.582,UNComtrade
SGP,IND,2024,15131155552.23,UNComtrade
SGP,ITA,2010,683627438.736,UNComtrade
SGP,ITA,2011,973387452.164,UNComtrade
SGP,ITA,2012,803977810.137,UNComtrade
SGP,ITA,2013,742804241.585,UNComtrade
SGP,ITA,2014,715404500.029,UNComtrade
SGP,ITA,2015,575829696.379,UNComtrade
SGP,ITA,2016,639492851.771,UNComtrade
SGP,ITA,2017,715399612.073,UNComtrade
SGP,ITA,2018,838724591.409,UNComtrade
SGP,ITA,2019,770098675.69,UNComtrade
SGP,ITA,2020,732853906.494,UNComtrade
SGP,ITA,2021,880985168.117,UNComtrade
SGP,ITA,2022,1081851802.467,UNComtrade
SGP,ITA,2023,1083643569.652,UNComtrade
SGP,ITA,2024,1216941423.217,UNComtrade
SGP,JPN,2010,16378430475.49,UNComtrade
SGP,JPN,2011,18371020730.363,UNComtrade
SGP,JPN,2012,18082347923.854,UNComtrade
SGP,JPN,2013,17578302606.958,UNComtrade
SGP,JPN,2014,16746659237.38,UNComtrade
SGP,JPN,2015,15287522306.572,UNComtrade
SGP,JPN,2016,14562067510.082,UNComtrade
SGP,JPN,2017,17048369207.351,UNComtrade
SGP,JPN,2018,19992829116.379,UNComtrade
SGP,JPN,2019,17632782234.57,UNComtrade
SGP,JPN,2020,17860263180.328,UNComtrade
SGP,JPN,2021,18339334343.975,UNComtrade
SGP,JPN,2022,20791373637.176,UNComtrade
SGP,JPN,2023,19345617901.024,UNComtrade
SGP,JPN,2024,17741475160.892,UNComtrade
SGP,KHM,2010,2414314439.451,UNComtrade
SGP,KHM,2011,3689644741.518,UNComtrade
SGP,KHM,2012,2169950137.829,UNComtrade
SGP,KHM,2013,6584743345.191,UNComtrade
SGP,KHM,2014,3659806762.465,UNComtrade
SGP,KHM,2015,3602632940.0,UNComtrade
SGP,KHM,2016,2490750338.47,UNComtrade
SGP,KHM,2017,2980293936.406,UNComtrade
SGP,KHM,2018,4778252804.605,UNComtrade
SGP,KHM,2019,2270285542.874,UNComtrade
SGP,KHM,2020,1505137084.717,UNComtrade
SGP,KHM,2021,6612919806.35,UNComtrade
SGP,KHM,2022,7822898745.211,UNComtrade
SGP,KHM,2023,2001699951.857,UNComtrade
SGP,KHM,2024,3196952392.895,UNComtrade
SGP,KOR,2010,14336294462.361,UNComtrade
SGP,KOR,2011,15478383801.92,UNComtrade
SGP,KOR,2012,16575854075.915,UNComtrade
SGP,KOR,2013,16619051164.003,UNComtrade
SGP,KOR,2014,16691931395.789,UNComtrade
SGP,KOR,2015,14484028041.178,UNComtrade
SGP,KOR,2016,14520548687.616,UNComtrade
SGP,KOR,2017,16735724550.102,UNComtrade
SGP,KOR,2018,15653823462.036,UNComtrade
SGP,KOR,2019,15209886670.237,UNComtrade
SGP,KOR,2020,16753014784.917,UNComtrade
SGP,KOR,2021,19683527518.339,UNComtrade
SGP,KOR,2022,20838422294.732,UNComtrade
SGP,KOR,2023,20648914723.121,UNComtrade
SGP,KOR,2024,21270810760.194,UNComtrade
SGP,LAO,2010,22927742.788,UNComtrade
SGP,LAO,2011,34714715.709,UNComtrade
SGP,LAO,2012,30080840.593,UNComtrade
SGP,LAO,2013,26334917.106,UNComtrade
SGP,LAO,2014,33878967.095,UNComtrade
SGP,LAO,2015,79239547.854,UNComtrade
SGP,LAO,2016,46617774.742,UNComtrade
SGP,LAO,2017,31932340.655,UNComtrade
SGP,LAO,2018,43746732.415,UNComtrade
SGP,LAO,2019,53362545.425,UNComtrade
SGP,LAO,2020,26691985.038,UNComtrade
SGP,LAO,2021,63115187.097,UNComtrade
SGP,LAO,2022,95932877.005,UNComtrade
SGP,LAO,2023,68384272.582,UNComtrade
SGP,LAO,2024,63319828.101,UNComtrade
SGP,MMR,2010,1157092979.48,UNComtrade
SGP,MMR,2011,1213184405.78,UNComtrade
SGP,MMR,2012,1339308455.46,UNComtrade
SGP,MMR,2013,2249561202.551,UNComtrade
SGP,MMR,2014,2396515872.186,UNComtrade
SGP,MMR,2015,2455338995.035,UNComtrade
SGP,MMR,2016,2278031106.29,UNComtrade
SGP,MMR,2017,2520000117.783,UNComtrade
SGP,MMR,2018,2764001571.352,UNComtrade
SGP,MMR,2019,3149788501.95,UNComtrade
SGP,MMR,2020,2694749182.21,UNComtrade
SGP,MMR,2021,2614815849.328,UNComtrade
SGP,MMR,2022,4181455229.957,UNComtrade
SGP,MMR,2023,2945850283.57,UNComtrade
SGP,MMR,2024,2312940862.791,UNComtrade
SGP,MYS,2010,42285024781.23,UNComtrade
SGP,MYS,2011,50992456604.658,UNComtrade
SGP,MYS,2012,51567795646.076,UNComtrade
SGP,MYS,2013,51893906953.321,UNComtrade
SGP,MYS,2014,50111707575.142,UNComtrade
SGP,MYS,2015,38673587352.781,UNComtrade
SGP,MYS,2016,35634043830.96,UNComtrade
SGP,MYS,2017,39560422424.898,UNComtrade
SGP,MYS,2018,44891022991.914,UNComtrade
SGP,MYS,2019,41152416095.205,UNComtrade
SGP,MYS,2020,33263819663.258,UNComtrade
SGP,MYS,2021,42094240813.028,UNComtrade
SGP,MYS,2022,51585647571.277,UNComtrade
SGP,MYS,2023,44454014876.402,UNComtrade
SGP,MYS,2024,52337877224.207,UNComtrade
SGP,NLD,2010,6151633931.704,UNComtrade
SGP,NLD,2011,7546702978.632,UNComtrade
SGP,NLD,2012,7104739794.393,UNComtrade
SGP,NLD,2013,6418272505.156,UNComtrade
SGP,NLD,2014,7290483302.749,UNComtrade
SGP,NLD,2015,6196904090.034,UNComtrade
SGP,NLD,2016,6905151232.746,UNComtrade
SGP,NLD,2017,7809910505.248,UNComtrade
SGP,NLD,2018,8907484431.659,UNComtrade
SGP,NLD,2019,8592802116.37,UNComtrade
SGP,NLD,2020,10231695002.51,UNComtrade
SGP,NLD,2021,9727203198.002,UNComtrade
SGP,NLD,2022,11117779412.68,UNComtrade
SGP,NLD,2023,8351886416.625,UNComtrade
SGP,NLD,2024,7407480689.585,UNComtrade
SGP,PHL,2010,7169253190.697,UNComtrade
SGP,PHL,2011,6766275995.143,UNComtrade
SGP,PHL,2012,6338337351.052,UNComtrade
SGP,PHL,2013,6695541741.529,UNComtrade
SGP,PHL,2014,6870783808.297,UNComtrade
SGP,PHL,2015,6415998935.804,UNComtrade
SGP,PHL,2016,6508205678.172,UNComtrade
SGP,PHL,2017,7265198705.169,UNComtrade
SGP,PHL,2018,7950895833.001,UNComtrade
SGP,PHL,2019,8532379642.549,UNComtrade
SGP,PHL,2020,7432171439.645,UNComtrade
SGP,PHL,2021,9158991516.052,UNComtrade
SGP,PHL,2022,10865035263.712,UNComtrade
SGP,PHL,2023,10051806386.731,UNComtrade
SGP,PHL,2024,10150189698.753,UNComtrade
SGP,THA,2010,12679511852.022,UNComtrade
SGP,THA,2011,14122971637.617,UNComtrade
SGP,THA,2012,16013193579.171,UNComtrade
SGP,THA,2013,15367090134.842,UNComtrade
SGP,THA,2014,15530791236.997,UNComtrade
SGP,THA,2015,14081111679.587,UNComtrade
SGP,THA,2016,13765782331.831,UNComtrade
SGP,THA,2017,14684185890.232,UNComtrade
SGP,THA,2018,15555646307.801,UNComtrade
SGP,THA,2019,15354007468.608,UNComtrade
SGP,THA,2020,14105268969.112,UNComtrade
SGP,THA,2021,15608782423.191,UNComtrade
SGP,THA,2022,17492260537.654,UNComtrade
SGP,THA,2023,19097136793.491,UNComtrade
SGP,THA,2024,21925739721.218,UNComtrade
SGP,TWN,2010,12956599175.997,UNComtrade
SGP,TWN,2011,14601747347.831,UNComtrade
SGP,TWN,2012,14451128355.288,UNComtrade
SGP,TWN,2013,15296586988.268,UNComtrade
SGP,TWN,2014,16139785744.593,UNComtrade
SGP,TWN,2015,14442132667.278,UNComtrade
SGP,TWN,2016,14734568969.35,UNComtrade
SGP,TWN,2017,16601243181.361,UNComtrade
SGP,TWN,2018,16958320817.961,UNComtrade
SGP,TWN,2019,16388919638.574,UNComtrade
SGP,TWN,2020,18214860905.066,UNComtrade
SGP,TWN,2021,23287732886.307,UNComtrade
SGP,TWN,2022,25247864478.343,UNComtrade
SGP,TWN,2023,20551721965.947,UNComtrade
SGP,TWN,2024,24299690570.766,UNComtrade
SGP,USA,2010,22906394706.979,UNComtrade
SGP,USA,2011,22202457236.605,UNComtrade
SGP,USA,2012,22415798726.307,UNComtrade
SGP,USA,2013,23262563063.22,UNComtrade
SGP,USA,2014,23145422290.251,UNComtrade
SGP,USA,2015,23225799661.885,UNComtrade
SGP,USA,2016,22754002941.719,UNComtrade
SGP,USA,2017,24171251006.548,UNComtrade
SGP,USA,2018,31863382658.438,UNComtrade
SGP,USA,2019,34401076800.816,UNComtrade
SGP,USA,2020,40225652107.782,UNComtrade
SGP,USA,2021,39283071619.99,UNComtrade
SGP,USA,2022,45306115460.397,UNComtrade
SGP,USA,2023,44922912847.175,UNComtrade
SGP,USA,2024,44029884560.739,UNComtrade
SGP,VNM,2010,7378834033.195,UNComtrade
SGP,VNM,2011,10140513038.173,UNComtrade
SGP,VNM,2012,10087067190.724,UNComtrade
SGP,VNM,2013,10331483254.619,UNComtrade
SGP,VNM,2014,12223900723.523,UNComtrade
SGP,VNM,2015,12122442052.811,UNComtrade
SGP,VNM,2016,11353589328.771,UNComtrade
SGP,VNM,2017,12288276612.92,UNComtrade
SGP,VNM,2018,12025099062.257,UNComtrade
SGP,VNM,2019,12961245974.826,UNComtrade
SGP,VNM,2020,12429039936.471,UNComtrade
SGP,VNM,2021,15657349969.635,UNComtrade
SGP,VNM,2022,17213672571.759,UNComtrade
SGP,VNM,2023,16654082898.76,UNComtrade
SGP,VNM,2024,17280424396.471,UNComtrade
THA,ARE,2010,2843566078.0,UNComtrade
THA,ARE,2011,2761608692.0,UNComtrade
THA,ARE,2012,2870559737.0,UNComtrade
THA,ARE,2013,3078591654.0,UNComtrade
THA,ARE,2014,3247203997.0,UNComtrade
THA,ARE,2015,3068344723.48,UNComtrade
THA,ARE,2016,2873529033.83,UNComtrade
THA,ARE,2017,2837261605.99,UNComtrade
THA,ARE,2018,2630649450.31,UNComtrade
THA,ARE,2019,2442051376.148,UNComtrade
THA,ARE,2020,2149807677.329,UNComtrade
THA,ARE,2021,2799013736.884,UNComtrade
THA,ARE,2022,3444352377.72,UNComtrade
THA,ARE,2023,3314907297.8,UNComtrade
THA,ARE,2024,3643603500.11,UNComtrade
THA,AUS,2010,9369584237.0,UNComtrade
THA,AUS,2011,7997079218.0,UNComtrade
THA,AUS,2012,9762751816.0,UNComtrade
THA,AUS,2013,10348939090.0,UNComtrade
THA,AUS,2014,9298849155.0,UNComtrade
THA,AUS,2015,9768022861.0,UNComtrade
THA,AUS,2016,10309394244.13,UNComtrade
THA,AUS,2017,10504775125.88,UNComtrade
THA,AUS,2018,10777567755.49,UNComtrade
THA,AUS,2019,10229351054.55,UNComtrade
THA,AUS,2020,9830879785.428,UNComtrade
THA,AUS,2021,10960142031.28,UNComtrade
THA,AUS,2022,11187272731.021,UNComtrade
THA,AUS,2023,12214614480.082,UNComtrade
THA,AUS,2024,12349933400.242,UNComtrade
THA,BRN,2010,128648325.0,UNComtrade
THA,BRN,2011,137035146.0,UNComtrade
THA,BRN,2012,190745875.0,UNComtrade
THA,BRN,2013,166203352.0,UNComtrade
THA,BRN,2014,142533039.0,UNComtrade
THA,BRN,2015,105771715.1,UNComtrade
THA,BRN,2016,79836661.18,UNComtrade
THA,BRN,2017,81249065.82,UNComtrade
THA,BRN,2018,105606482.07,UNComtrade
THA,BRN,2019,116095119.059,UNComtrade
THA,BRN,2020,114031422.294,UNComtrade
THA,BRN,2021,83302708.299,UNComtrade
THA,BRN,2022,74133202.172,UNComtrade
THA,BRN,2023,97683217.624,UNComtrade
THA,BRN,2024,112169604.892,UNComtrade
THA,CAN,2010,1428125578.0,UNComtrade
THA,CAN,2011,1710620015.0,UNComtrade
THA,CAN,2012,1581943254.0,UNComtrade
THA,CAN,2013,1478983827.0,UNComtrade
THA,CAN,2014,1478949453.0,UNComtrade
THA,CAN,2015,1365026214.53,UNComtrade
THA,CAN,2016,1342263210.36,UNComtrade
THA,CAN,2017,1430194903.05,UNComtrade
THA,CAN,2018,1580851494.45,UNComtrade
THA,CAN,2019,1588766909.074,UNComtrade
THA,CAN,2020,1544847063.517,UNComtrade
THA,CAN,2021,1853174246.934,UNComtrade
THA,CAN,2022,2116968850.052,UNComtrade
THA,CAN,2023,1903805628.162,UNComtrade
THA,CAN,2024,2133687332.26,UNComtrade
THA,CHN,2010,21473195343.0,UNComtrade
THA,CHN,2011,27402402319.0,UNComtrade
THA,CHN,2012,26899634089.0,UNComtrade
THA,CHN,2013,27238223902.0,UNComtrade
THA,CHN,2014,25084369426.0,UNComtrade
THA,CHN,2015,23732457481.34,UNComtrade
THA,CHN,2016,23799611178.27,UNComtrade
THA,CHN,2017,29505999885.45,UNComtrade
THA,CHN,2018,30175446054.81,UNComtrade
THA,CHN,2019,29169445232.401,UNComtrade
THA,CHN,2020,29812998896.479,UNComtrade
THA,CHN,2021,37265606880.07,UNComtrade
THA,CHN,2022,34430098704.995,UNComtrade
THA,CHN,2023,34173311557.793,UNComtrade
THA,CHN,2024,35277083278.691,UNComtrade
THA,DEU,2010,3302105490.0,UNComtrade
THA,DEU,2011,3763335583.0,UNComtrade
THA,DEU,2012,3609029682.0,UNComtrade
THA,DEU,2013,4068940431.0,UNComtrade
THA,DEU,2014,4532004155.0,UNComtrade
THA,DEU,2015,4287428513.8,UNComtrade
THA,DEU,2016,4476503324.31,UNComtrade
THA,DEU,2017,5042562458.16,UNComtrade
THA,DEU,2018,5153782801.09,UNComtrade
THA,DEU,2019,4535218725.36,UNComtrade
THA,DEU,2020,4073400919.184,UNComtrade
THA,DEU,2021,4943069563.65,UNComtrade
THA,DEU,2022,4781865243.573,UNComtrade
THA,DEU,2023,4555813581.521,UNComtrade
THA,DEU,2024,5330510824.405,UNComtrade
THA,GBR,2010,3658490213.0,UNComtrade
THA,GBR,2011,3887376084.0,UNComtrade
THA,GBR,2012,3801842802.0,UNComtrade
THA,GBR,2013,3787116259.0,UNComtrade
THA,GBR,2014,4007084062.0,UNComtrade
THA,GBR,2015,3817440960.32,UNComtrade
THA,GBR,2016,3850484137.66,UNComtrade
THA,GBR,2017,4080821608.17,UNComtrade
THA,GBR,2018,4062575445.44,UNComtrade
THA,GBR,2019,3849486097.998,UNComtrade
THA,GBR,2020,3091312062.346,UNComtrade
THA,GBR,2021,3492713980.359,UNComtrade
THA,GBR,2022,4036055716.617,UNComtrade
THA,GBR,2023,4076340020.342,UNComtrade
THA,GBR,2024,4199265599.463,UNComtrade
THA,HKG,2010,13131797252.0,UNComtrade
THA,HKG,2011,16479025783.0,UNComtrade
THA,HKG,2012,13100138205.0,UNComtrade
THA,HKG,2013,13188979312.0,UNComtrade
THA,HKG,2014,12609968146.0,UNComtrade
THA,HKG,2015,11830365361.2,UNComtrade
THA,HKG,2016,11471603809.48,UNComtrade
THA,HKG,2017,12298855542.9,UNComtrade
THA,HKG,2018,12522947215.6,UNComtrade
THA,HKG,2019,11714406336.652,UNComtrade
THA,HKG,2020,11291739875.72,UNComtrade
THA,HKG,2021,11590975919.008,UNComtrade
THA,HKG,2022,10083532194.604,UNComtrade
THA,HKG,2023,11097128878.27,UNComtrade
THA,HKG,2024,10847383913.576,UNComtrade
THA,IDN,2010,7346572358.0,UNComtrade
THA,IDN,2011,10078023723.0,UNComtrade
THA,IDN,2012,11209461188.0,UNComtrade
THA,IDN,2013,10872574765.0,UNComtrade
THA,IDN,2014,9510286623.0,UNComtrade
THA,IDN,2015,7827165346.53,UNComtrade
THA,IDN,2016,8176630658.38,UNComtrade
THA,IDN,2017,8843543504.37,UNComtrade
THA,IDN,2018,10068776542.57,UNComtrade
THA,IDN,2019,9105176843.717,UNComtrade
THA,IDN,2020,7628121488.286,UNComtrade
THA,IDN,2021,8918210032.385,UNComtrade
THA,IDN,2022,10339863186.364,UNComtrade
THA,IDN,2023,10092102341.27,UNComtrade
THA,IDN,2024,9491190458.474,UNComtrade
THA,IND,2010,4393575640.0,UNComtrade
THA,IND,2011,5181437924.0,UNComtrade
THA,IND,2012,5481360589.0,UNComtrade
THA,IND,2013,5182285562.0,UNComtrade
THA,IND,2014,5614841359.0,UNComtrade
THA,IND,2015,5294166409.67,UNComtrade
THA,IND,2016,5155150422.16,UNComtrade
THA,IND,2017,6477298596.31,UNComtrade
THA,IND,2018,7600314140.02,UNComtrade
THA,IND,2019,7340308375.206,UNComtrade
THA,IND,2020,5504059639.172,UNComtrade
THA,IND,2021,8588728816.385,UNComtrade
THA,IND,2022,10532905697.026,UNComtrade
THA,IND,2023,10115912636.842,UNComtrade
THA,IND,2024,11760809939.328,UNComtrade
THA,ITA,2010,1708205927.0,UNComtrade
THA,ITA,2011,1865632018.0,UNComtrade
THA,ITA,2012,1420417277.0,UNComtrade
THA,ITA,2013,1446641489.0,UNComtrade
THA,ITA,2014,1514139540.0,UNComtrade
THA,ITA,2015,1329989296.84,UNComtrade
THA,ITA,2016,1549205742.94,UNComtrade
THA,ITA,2017,1650216242.6,UNComtrade
THA,ITA,2018,1689643701.96,UNComtrade
THA,ITA,2019,1757731952.084,UNComtrade
THA,ITA,2020,1427659421.323,UNComtrade
THA,ITA,2021,1850617194.656,UNComtrade
THA,ITA,2022,2047578185.034,UNComtrade
THA,ITA,2023,2098183696.734,UNComtrade
THA,ITA,2024,2156253327.29,UNComtrade
THA,JPN,2010,20415711476.0,UNComtrade
THA,JPN,2011,24070267314.0,UNComtrade
THA,JPN,2012,23495120421.0,UNComtrade
THA,JPN,2013,22235591503.0,UNComtrade
THA,JPN,2014,21820597224.0,UNComtrade
THA,JPN,2015,20054877985.59,UNComtrade
THA,JPN,2016,20481063239.12,UNComtrade
THA,JPN,2017,22066512778.92,UNComtrade
THA,JPN,2018,24941840231.44,UNComtrade
THA,JPN,2019,24523588619.056,UNComtrade
THA,JPN,2020,22808266194.621,UNComtrade
THA,JPN,2021,24994787584.048,UNComtrade
THA,JPN,2022,24656389100.617,UNComtrade
THA,JPN,2023,24594124228.99,UNComtrade
THA,JPN,2024,23285901767.343,UNComtrade
THA,KHM,2010,2342094334.0,UNComtrade
THA,KHM,2011,2905395163.0,UNComtrade
THA,KHM,2012,3782188774.0,UNComtrade
THA,KHM,2013,4256280222.0,UNComtrade
THA,KHM,2014,4525477168.0,UNComtrade
THA,KHM,2015,4958478633.92,UNComtrade
THA,KHM,2016,4671850209.13,UNComtrade
THA,KHM,2017,5294418927.08,UNComtrade
THA,KHM,2018,7621027442.78,UNComtrade
THA,KHM,2019,7146030562.928,UNComtrade
THA,KHM,2020,6084023341.344,UNComtrade
THA,KHM,2021,7077241714.47,UNComtrade
THA,KHM,2022,8664488003.246,UNComtrade
THA,KHM,2023,6445149426.871,UNComtrade
THA,KHM,2024,9253599809.921,UNComtrade
THA,KOR,2010,3609893742.0,UNComtrade
THA,KOR,2011,4577340523.0,UNComtrade
THA,KOR,2012,4781108894.0,UNComtrade
THA,KOR,2013,4589544704.0,UNComtrade
THA,KOR,2014,4520090413.0,UNComtrade
THA,KOR,2015,4103918131.48,UNComtrade
THA,KOR,2016,4074026923.4,UNComtrade
THA,KOR,2017,4660296538.67,UNComtrade
THA,KOR,2018,4888850923.38,UNComtrade
THA,KOR,2019,4726815232.289,UNComtrade
THA,KOR,2020,4247972275.108,UNComtrade
THA,KOR,2021,5894459217.143,UNComtrade
THA,KOR,2022,6405272791.92,UNComtrade
THA,KOR,2023,6073058405.756,UNComtrade
THA,KOR,2024,5956752112.013,UNComtrade
THA,LAO,2010,2135935339.0,UNComtrade
THA,LAO,2011,2789524184.0,UNComtrade
THA,LAO,2012,3609793054.0,UNComtrade
THA,LAO,2013,3758453664.0,UNComtrade
THA,LAO,2014,4032553614.0,UNComtrade
THA,LAO,2015,4236710484.93,UNComtrade
THA,LAO,2016,3994767672.34,UNComtrade
THA,LAO,2017,3949778824.27,UNComtrade
THA,LAO,2018,4125034871.37,UNComtrade
THA,LAO,2019,3847172273.02,UNComtrade
THA,LAO,2020,3359478458.86,UNComtrade
THA,LAO,2021,4000967607.128,UNComtrade
THA,LAO,2022,4538879574.602,UNComtrade
THA,LAO,2023,4644103099.87,UNComtrade
THA,LAO,2024,4924852508.613,UNComtrade
THA,MMR,2010,2072955025.0,UNComtrade
THA,MMR,2011,2845829774.0,UNComtrade
THA,MMR,2012,3127140680.0,UNComtrade
THA,MMR,2013,3788633160.0,UNComtrade
THA,MMR,2014,4239105625.0,UNComtrade
THA,MMR,2015,4171791497.3,UNComtrade
THA,MMR,2016,4178177360.46,UNComtrade
THA,MMR,2017,4310751372.04,UNComtrade
THA,MMR,2018,4618232743.51,UNComtrade
THA,MMR,2019,4362937736.712,UNComtrade
THA,MMR,2020,3798759574.941,UNComtrade
THA,MMR,2021,4319702392.45,UNComtrade
THA,MMR,2022,4700336010.208,UNComtrade
THA,MMR,2023,4411458167.115,UNComtrade
THA,MMR,2024,4182644895.503,UNComtrade
THA,MYS,2010,10566683604.0,UNComtrade
THA,MYS,2011,12398740116.0,UNComtrade
THA,MYS,2012,12427648207.0,UNComtrade
THA,MYS,2013,13014892713.0,UNComtrade
THA,MYS,2014,12764450064.0,UNComtrade
THA,MYS,2015,10189111680.15,UNComtrade
THA,MYS,2016,9627281360.04,UNComtrade
THA,MYS,2017,10343282224.99,UNComtrade
THA,MYS,2018,11626646524.21,UNComtrade
THA,MYS,2019,10359565081.913,UNComtrade
THA,MYS,2020,8734431508.521,UNComtrade
THA,MYS,2021,12076049588.64,UNComtrade
THA,MYS,2022,12672147738.23,UNComtrade
THA,MYS,2023,11965144908.165,UNComtrade
THA,MYS,2024,12323254151.494,UNComtrade
THA,NLD,2010,3643859681.0,UNComtrade
THA,NLD,2011,4562648925.0,UNComtrade
THA,NLD,2012,4175986120.0,UNComtrade
THA,NLD,2013,4432195887.0,UNComtrade
THA,NLD,2014,4610521313.0,UNComtrade
THA,NLD,2015,4270977646.85,UNComtrade
THA,NLD,2016,4224993773.9,UNComtrade
THA,NLD,2017,4766730758.32,UNComtrade
THA,NLD,2018,5205341725.34,UNComtrade
THA,NLD,2019,4734331925.644,UNComtrade
THA,NLD,2020,4322008548.291,UNComtrade
THA,NLD,2021,5332611894.384,UNComtrade
THA,NLD,2022,5717425631.262,UNComtrade
THA,NLD,2023,5842645908.944,UNComtrade
THA,NLD,2024,6427065250.189,UNComtrade
THA,PHL,2010,4886139321.0,UNComtrade
THA,PHL,2011,4640865879.0,UNComtrade
THA,PHL,2012,4861618167.0,UNComtrade
THA,PHL,2013,5042021832.0,UNComtrade
THA,PHL,2014,5868067924.0,UNComtrade
THA,PHL,2015,5991650747.0,UNComtrade
THA,PHL,2016,6396339906.02,UNComtrade
THA,PHL,2017,6946397706.92,UNComtrade
THA,PHL,2018,7897665329.39,UNComtrade
THA,PHL,2019,6916590678.69,UNComtrade
THA,PHL,2020,5055996302.899,UNComtrade
THA,PHL,2021,7075461845.547,UNComtrade
THA,PHL,2022,7440898930.395,UNComtrade
THA,PHL,2023,7982177726.168,UNComtrade
THA,PHL,2024,7780796167.882,UNComtrade
THA,SGP,2010,9009455317.0,UNComtrade
THA,SGP,2011,11450085836.0,UNComtrade
THA,SGP,2012,10835965438.0,UNComtrade
THA,SGP,2013,11236345019.0,UNComtrade
THA,SGP,2014,10454678824.0,UNComtrade
THA,SGP,2015,8756042628.63,UNComtrade
THA,SGP,2016,8226463326.6,UNComtrade
THA,SGP,2017,8288431405.41,UNComtrade
THA,SGP,2018,9416334156.08,UNComtrade
THA,SGP,2019,8872681579.763,UNComtrade
THA,SGP,2020,9512291857.432,UNComtrade
THA,SGP,2021,9059038833.774,UNComtrade
THA,SGP,2022,10279791283.027,UNComtrade
THA,SGP,2023,10240028034.305,UNComtrade
THA,SGP,2024,10365227724.399,UNComtrade
THA,TWN,2010,3230726066.0,UNComtrade
THA,TWN,2011,3871388788.0,UNComtrade
THA,TWN,2012,3420116628.0,UNComtrade
THA,TWN,2013,3371018846.0,UNComtrade
THA,TWN,2014,4012842760.0,UNComtrade
THA,TWN,2015,3532676757.44,UNComtrade
THA,TWN,2016,3374169949.34,UNComtrade
THA,TWN,2017,4014282869.42,UNComtrade
THA,TWN,2018,3961894809.93,UNComtrade
THA,TWN,2019,4014297398.092,UNComtrade
THA,TWN,2020,3796080279.712,UNComtrade
THA,TWN,2021,4672512407.525,UNComtrade
THA,TWN,2022,4718860731.097,UNComtrade
THA,TWN,2023,4813951151.028,UNComtrade
THA,TWN,2024,4758873009.768,UNComtrade
THA,USA,2010,20230501291.0,UNComtrade
THA,USA,2011,21893128184.0,UNComtrade
THA,USA,2012,22816643177.0,UNComtrade
THA,USA,2013,23017138212.0,UNComtrade
THA,USA,2014,23967866559.0,UNComtrade
THA,USA,2015,24092851710.61,UNComtrade
THA,USA,2016,24561053357.66,UNComtrade
THA,USA,2017,26634081365.99,UNComtrade
THA,USA,2018,28122691567.55,UNComtrade
THA,USA,2019,31424217061.939,UNComtrade
THA,USA,2020,34466062064.823,UNComtrade
THA,USA,2021,42024484127.719,UNComtrade
THA,USA,2022,47642137632.351,UNComtrade
THA,USA,2023,48475414120.932,UNComtrade
THA,USA,2024,55080484495.44,UNComtrade
THA,VNM,2010,5845454102.0,UNComtrade
THA,VNM,2011,7059187341.0,UNComtrade
THA,VNM,2012,6687798712.0,UNComtrade
THA,VNM,2013,7182184544.0,UNComtrade
THA,VNM,2014,7888498185.0,UNComtrade
THA,VNM,2015,8906274883.45,UNComtrade
THA,VNM,2016,9427230121.51,UNComtrade
THA,VNM,2017,11585536438.43,UNComtrade
THA,VNM,2018,12958151627.36,UNComtrade
THA,VNM,2019,12114922327.024,UNComtrade
THA,VNM,2020,11167112187.163,UNComtrade
THA,VNM,2021,12539758934.554,UNComtrade
THA,VNM,2022,13257957082.568,UNComtrade
THA,VNM,2023,11217485530.873,UNComtrade
THA,VNM,2024,11782498526.761,UNComtrade
VNM,ARE,2010,508284689.0,UNComtrade
VNM,ARE,2011,921974816.0,UNComtrade
VNM,ARE,2012,2078323115.0,UNComtrade
VNM,ARE,2013,4138413190.0,UNComtrade
VNM,ARE,2014,4626998924.0,UNComtrade
VNM,ARE,2015,5690916060.0,UNComtrade
VNM,ARE,2016,4999552550.55,UNComtrade
VNM,ARE,2017,5026907572.5,UNComtrade
VNM,ARE,2018,5225283374.16,UNComtrade
VNM,ARE,2019,4785303281.67,UNComtrade
VNM,ARE,2020,3916799528.971,UNComtrade
VNM,ARE,2021,4692459910.856,UNComtrade
VNM,ARE,2022,3847499898.114,UNComtrade
VNM,ARE,2023,4008707387.332,UNComtrade
VNM,AUS,2010,2704003540.0,UNComtrade
VNM,AUS,2011,2601965229.0,UNComtrade
VNM,AUS,2012,3208732853.0,UNComtrade
VNM,AUS,2013,3488123369.0,UNComtrade
VNM,AUS,2014,3988213779.0,UNComtrade
VNM,AUS,2015,2905591718.0,UNComtrade
VNM,AUS,2016,2864858060.52,UNComtrade
VNM,AUS,2017,3271003401.9,UNComtrade
VNM,AUS,2018,3965869089.34,UNComtrade
VNM,AUS,2019,3495325162.14,UNComtrade
VNM,AUS,2020,3622276263.381,UNComtrade
VNM,AUS,2021,4454672936.985,UNComtrade
VNM,AUS,2022,5516943163.684,UNComtrade
VNM,AUS,2023,5267685434.995,UNComtrade
VNM,BRN,2010,14235235.0,UNComtrade
VNM,BRN,2011,15362291.0,UNComtrade
VNM,BRN,2012,16870870.0,UNComtrade
VNM,BRN,2013,17480933.0,UNComtrade
VNM,BRN,2014,49626051.0,UNComtrade
VNM,BRN,2015,25520811.0,UNComtrade
VNM,BRN,2016,20052296.57,UNComtrade
VNM,BRN,2017,21525054.1,UNComtrade
VNM,BRN,2018,18464297.87,UNComtrade
VNM,BRN,2019,66627611.83,UNComtrade
VNM,BRN,2020,16457246.192,UNComtrade
VNM,BRN,2021,34907874.999,UNComtrade
VNM,BRN,2022,92260487.152,UNComtrade
VNM,BRN,2023,78098371.992,UNComtrade
VNM,CAN,2010,802057710.0,UNComtrade
VNM,CAN,2011,969408587.0,UNComtrade
VNM,CAN,2012,1156512055.0,UNComtrade
VNM,CAN,2013,1557811510.0,UNComtrade
VNM,CAN,2014,2077656078.0,UNComtrade
VNM,CAN,2015,2407623872.0,UNComtrade
VNM,CAN,2016,2652547172.57,UNComtrade
VNM,CAN,2017,2709237805.2,UNComtrade
VNM,CAN,2018,3013846048.18,UNComtrade
VNM,CAN,2019,3967143949.62,UNComtrade
VNM,CAN,2020,4358867171.278,UNComtrade
VNM,CAN,2021,5268409113.276,UNComtrade
VNM,CAN,2022,6327583823.324,UNComtrade
VNM,CAN,2023,5614652284.399,UNComtrade
VNM,CHN,2010,7742949838.0,UNComtrade
VNM,CHN,2011,11613323632.0,UNComtrade
VNM,CHN,2012,12835975642.0,UNComtrade
VNM,CHN,2013,13177694493.0,UNComtrade
VNM,CHN,2014,14928317706.0,UNComtrade
VNM,CHN,2015,16567685858.0,UNComtrade
VNM,CHN,2016,21950444543.67,UNComtrade
VNM,CHN,2017,35394308576.4,UNComtrade
VNM,CHN,2018,41366458747.8,UNComtrade
VNM,CHN,2019,41434238020.9,UNComtrade
VNM,CHN,2020,48879761897.459,UNComtrade
VNM,CHN,2021,55922822933.724,UNComtrade
VNM,CHN,2022,57677796761.902,UNComtrade
VNM,CHN,2023,60574277766.053,UNComtrade
VNM,DEU,2010,2372735596.0,UNComtrade
VNM,DEU,2011,3366900508.0,UNComtrade
VNM,DEU,2012,4094940259.0,UNComtrade
VNM,DEU,2013,4736995934.0,UNComtrade
VNM,DEU,2014,5174944225.0,UNComtrade
VNM,DEU,2015,5707416104.0,UNComtrade
VNM,DEU,2016,5960516080.96,UNComtrade
VNM,DEU,2017,6353565104.5,UNComtrade
VNM,DEU,2018,6873195900.01,UNComtrade
VNM,DEU,2019,6560243273.36,UNComtrade
VNM,DEU,2020,6638896625.526,UNComtrade
VNM,DEU,2021,7287757827.738,UNComtrade
VNM,DEU,2022,8968702866.644,UNComtrade
VNM,DEU,2023,7395705135.615,UNComtrade
VNM,GBR,2010,1681884445.0,UNComtrade
VNM,GBR,2011,2398191123.0,UNComtrade
VNM,GBR,2012,3033600590.0,UNComtrade
VNM,GBR,2013,3696265186.0,UNComtrade
VNM,GBR,2014,3647172364.0,UNComtrade
VNM,GBR,2015,4645219798.0,UNComtrade
VNM,GBR,2016,4898076612.06,UNComtrade
VNM,GBR,2017,5415115561.8,UNComtrade
VNM,GBR,2018,5779270899.85,UNComtrade
VNM,GBR,2019,5760277924.11,UNComtrade
VNM,GBR,2020,4951457261.287,UNComtrade
VNM,GBR,2021,5765718023.85,UNComtrade
VNM,GBR,2022,6063074230.668,UNComtrade
VNM,GBR,2023,6341117740.113,UNComtrade
VNM,HKG,2010,1464177811.0,UNComtrade
VNM,HKG,2011,2205716065.0,UNComtrade
VNM,HKG,2012,3705368841.0,UNComtrade
VNM,HKG,2013,4113496891.0,UNComtrade
VNM,HKG,2014,5264730980.0,UNComtrade
VNM,HKG,2015,6959274105.0,UNComtrade
VNM,HKG,2016,6088076565.76,UNComtrade
VNM,HKG,2017,7574306658.7,UNComtrade
VNM,HKG,2018,7957597076.76,UNComtrade
VNM,HKG,2019,7161561214.98,UNComtrade
VNM,HKG,2020,10435730603.246,UNComtrade
VNM,HKG,2021,11985199865.611,UNComtrade
VNM,HKG,2022,10935961533.852,UNComtrade
VNM,HKG,2023,9600023506.744,UNComtrade
VNM,IDN,2010,1433419494.0,UNComtrade
VNM,IDN,2011,2358900369.0,UNComtrade
VNM,IDN,2012,2357706297.0,UNComtrade
VNM,IDN,2013,2502204302.0,UNComtrade
VNM,IDN,2014,2890397310.0,UNComtrade
VNM,IDN,2015,2847607206.0,UNComtrade
VNM,IDN,2016,2617850586.73,UNComtrade
VNM,IDN,2017,2858867978.3,UNComtrade
VNM,IDN,2018,3533690964.23,UNComtrade
VNM,IDN,2019,3369982785.5,UNComtrade
VNM,IDN,2020,2823619833.663,UNComtrade
VNM,IDN,2021,3915595963.634,UNComtrade
VNM,IDN,2022,4529215640.185,UNComtrade
VNM,IDN,2023,5076377075.384,UNComtrade
VNM,IND,2010,991629599.0,UNComtrade
VNM,IND,2011,1553921231.0,UNComtrade
VNM,IND,2012,1782177796.0,UNComtrade
VNM,IND,2013,2354695378.0,UNComtrade
VNM,IND,2014,2510734109.0,UNComtrade
VNM,IND,2015,2469722108.0,UNComtrade
VNM,IND,2016,2687193236.06,UNComtrade
VNM,IND,2017,3756251064.6,UNComtrade
VNM,IND,2018,6543813993.33,UNComtrade
VNM,IND,2019,6675949031.78,UNComtrade
VNM,IND,2020,5234076826.714,UNComtrade
VNM,IND,2021,6258022022.278,UNComtrade
VNM,IND,2022,7960864319.492,UNComtrade
VNM,IND,2023,8497250441.671,UNComtrade
VNM,ITA,2010,980141338.0,UNComtrade
VNM,ITA,2011,1534325967.0,UNComtrade
VNM,ITA,2012,1876555639.0,UNComtrade
VNM,ITA,2013,2290696844.0,UNComtrade
VNM,ITA,2014,2740093506.0,UNComtrade
VNM,ITA,2015,2847802642.0,UNComtrade
VNM,ITA,2016,3264814560.8,UNComtrade
VNM,ITA,2017,2734907503.2,UNComtrade
VNM,ITA,2018,2890292659.76,UNComtrade
VNM,ITA,2019,3439949265.38,UNComtrade
VNM,ITA,2020,3102293467.696,UNComtrade
VNM,ITA,2021,3842471246.045,UNComtrade
VNM,ITA,2022,4411333215.631,UNComtrade
VNM,ITA,2023,4472791931.542,UNComtrade
VNM,JPN,2010,7727659574.0,UNComtrade
VNM,JPN,2011,11091713170.0,UNComtrade
VNM,JPN,2012,13064523504.0,UNComtrade
VNM,JPN,2013,13544244953.0,UNComtrade
VNM,JPN,2014,14674922642.0,UNComtrade
VNM,JPN,2015,14100341294.0,UNComtrade
VNM,JPN,2016,14671488768.19,UNComtrade
VNM,JPN,2017,16792127679.6,UNComtrade
VNM,JPN,2018,18833674920.12,UNComtrade
VNM,JPN,2019,20426601608.17,UNComtrade
VNM,JPN,2020,19269479104.168,UNComtrade
VNM,JPN,2021,20117891770.782,UNComtrade
VNM,JPN,2022,24228393826.868,UNComtrade
VNM,JPN,2023,23313711801.392,UNComtrade
VNM,KHM,2010,1563822100.0,UNComtrade
VNM,KHM,2011,2519028736.0,UNComtrade
VNM,KHM,2012,2929946418.0,UNComtrade
VNM,KHM,2013,2933996771.0,UNComtrade
VNM,KHM,2014,2685436831.0,UNComtrade
VNM,KHM,2015,2395221415.0,UNComtrade
VNM,KHM,2016,2199398046.64,UNComtrade
VNM,KHM,2017,2762308779.7,UNComtrade
VNM,KHM,2018,3791860146.46,UNComtrade
VNM,KHM,2019,4311011850.46,UNComtrade
VNM,KHM,2020,4221095951.678,UNComtrade
VNM,KHM,2021,4830371480.59,UNComtrade
VNM,KHM,2022,5745170991.813,UNComtrade
VNM,KHM,2023,4748323252.401,UNComtrade
VNM,KOR,2010,3092225453.0,UNComtrade
VNM,KOR,2011,4866729300.0,UNComtrade
VNM,KOR,2012,5580892981.0,UNComtrade
VNM,KOR,2013,6682944914.0,UNComtrade
VNM,KOR,2014,7167478728.0,UNComtrade
VNM,KOR,2015,8915383866.0,UNComtrade
VNM,KOR,2016,11406058033.79,UNComtrade
VNM,KOR,2017,14807156028.1,UNComtrade
VNM,KOR,2018,18240594872.28,UNComtrade
VNM,KOR,2019,19729245459.74,UNComtrade
VNM,KOR,2020,19125191194.829,UNComtrade
VNM,KOR,2021,21934463617.35,UNComtrade
VNM,KOR,2022,24264612067.991,UNComtrade
VNM,KOR,2023,23447750677.936,UNComtrade
VNM,LAO,2010,199986848.0,UNComtrade
VNM,LAO,2011,286570912.0,UNComtrade
VNM,LAO,2012,432583949.0,UNComtrade
VNM,LAO,2013,423186684.0,UNComtrade
VNM,LAO,2014,484030928.0,UNComtrade
VNM,LAO,2015,523310656.0,UNComtrade
VNM,LAO,2016,477757435.17,UNComtrade
VNM,LAO,2017,518346360.2,UNComtrade
VNM,LAO,2018,595202779.06,UNComtrade
VNM,LAO,2019,702545475.31,UNComtrade
VNM,LAO,2020,569114514.1,UNComtrade
VNM,LAO,2021,594828430.474,UNComtrade
VNM,LAO,2022,656302675.094,UNComtrade
VNM,LAO,2023,531622835.15,UNComtrade
VNM,MMR,2010,49520721.0,UNComtrade
VNM,MMR,2011,82457761.0,UNComtrade
VNM,MMR,2012,117812721.0,UNComtrade
VNM,MMR,2013,229746918.0,UNComtrade
VNM,MMR,2014,344982811.0,UNComtrade
VNM,MMR,2015,375723829.0,UNComtrade
VNM,MMR,2016,461627012.94,UNComtrade
VNM,MMR,2017,701397284.7,UNComtrade
VNM,MMR,2018,702069961.24,UNComtrade
VNM,MMR,2019,721494364.61,UNComtrade
VNM,MMR,2020,633261187.183,UNComtrade
VNM,MMR,2021,408279794.177,UNComtrade
VNM,MMR,2022,532672269.387,UNComtrade
VNM,MMR,2023,437947810.758,UNComtrade
VNM,MYS,2010,2093117901.0,UNComtrade
VNM,MYS,2011,2770807985.0,UNComtrade
VNM,MYS,2012,4500284114.0,UNComtrade
VNM,MYS,2013,4984467878.0,UNComtrade
VNM,MYS,2014,3926398319.0,UNComtrade
VNM,MYS,2015,3577076596.0,UNComtrade
VNM,MYS,2016,3341986324.58,UNComtrade
VNM,MYS,2017,4204340138.9,UNComtrade
VNM,MYS,2018,4064629590.09,UNComtrade
VNM,MYS,2019,3789343112.22,UNComtrade
VNM,MYS,2020,3387832900.997,UNComtrade
VNM,MYS,2021,4383038018.637,UNComtrade
VNM,MYS,2022,5578933669.786,UNComtrade
VNM,MYS,2023,4862760371.185,UNComtrade
VNM,NLD,2010,1688311695.0,UNComtrade
VNM,NLD,2011,2147980219.0,UNComtrade
VNM,NLD,2012,2476218372.0,UNComtrade
VNM,NLD,2013,2936240559.0,UNComtrade
VNM,NLD,2014,3762224849.0,UNComtrade
VNM,NLD,2015,4759559991.0,UNComtrade
VNM,NLD,2016,6011626551.51,UNComtrade
VNM,NLD,2017,7098906923.5,UNComtrade
VNM,NLD,2018,7085098926.14,UNComtrade
VNM,NLD,2019,6882619868.81,UNComtrade
VNM,NLD,2020,6995473585.37,UNComtrade
VNM,NLD,2021,7682035681.841,UNComtrade
VNM,NLD,2022,10431962619.323,UNComtrade
VNM,NLD,2023,10238667781.955,UNComtrade
VNM,PHL,2010,1706401286.0,UNComtrade
VNM,PHL,2011,1535312982.0,UNComtrade
VNM,PHL,2012,1871461816.0,UNComtrade
VNM,PHL,2013,1732313379.0,UNComtrade
VNM,PHL,2014,2310333489.0,UNComtrade
VNM,PHL,2015,2016400548.0,UNComtrade
VNM,PHL,2016,2219874628.81,UNComtrade
VNM,PHL,2017,2833417324.1,UNComtrade
VNM,PHL,2018,3464941934.0,UNComtrade
VNM,PHL,2019,3734029201.0,UNComtrade
VNM,PHL,2020,3563388565.995,UNComtrade
VNM,PHL,2021,4579179310.783,UNComtrade
VNM,PHL,2022,5107836341.156,UNComtrade
VNM,PHL,2023,5148559399.359,UNComtrade
VNM,SGP,2010,2121313598.0,UNComtrade
VNM,SGP,2011,2149252194.0,UNComtrade
VNM,SGP,2012,2367682539.0,UNComtrade
VNM,SGP,2013,2691473638.0,UNComtrade
VNM,SGP,2014,2942039930.0,UNComtrade
VNM,SGP,2015,3256607245.0,UNComtrade
VNM,SGP,2016,2419889198.94,UNComtrade
VNM,SGP,2017,2979172320.1,UNComtrade
VNM,SGP,2018,3195876740.12,UNComtrade
VNM,SGP,2019,3174304977.65,UNComtrade
VNM,SGP,2020,3009332682.107,UNComtrade
VNM,SGP,2021,3967504129.502,UNComtrade
VNM,SGP,2022,4307666513.434,UNComtrade
VNM,SGP,2023,4288268287.241,UNComtrade
VNM,THA,2010,1182842286.0,UNComtrade
VNM,THA,2011,1938258935.0,UNComtrade
VNM,THA,2012,2832178265.0,UNComtrade
VNM,THA,2013,3069558995.0,UNComtrade
VNM,THA,2014,3473523370.0,UNComtrade
VNM,THA,2015,3177665958.0,UNComtrade
VNM,THA,2016,3690731565.78,UNComtrade
VNM,THA,2017,4800868768.4,UNComtrade
VNM,THA,2018,5267503718.61,UNComtrade
VNM,THA,2019,5050229682.32,UNComtrade
VNM,THA,2020,4904499747.392,UNComtrade
VNM,THA,2021,6066102393.709,UNComtrade
VNM,THA,2022,7349684827.218,UNComtrade
VNM,THA,2023,6930981926.476,UNComtrade
VNM,TWN,2010,1442841904.0,UNComtrade
VNM,TWN,2011,1843297754.0,UNComtrade
VNM,TWN,2012,2081512511.0,UNComtrade
VNM,TWN,2013,2223615506.0,UNComtrade
VNM,TWN,2014,2306504448.0,UNComtrade
VNM,TWN,2015,2076425109.0,UNComtrade
VNM,TWN,2016,2272039956.85,UNComtrade
VNM,TWN,2017,2568268599.5,UNComtrade
VNM,TWN,2018,3151439849.9,UNComtrade
VNM,TWN,2019,4404371054.12,UNComtrade
VNM,TWN,2020,4319555205.59,UNComtrade
VNM,TWN,2021,4585684176.566,UNComtrade
VNM,TWN,2022,5105833419.178,UNComtrade
VNM,TWN,2023,4709339168.779,UNComtrade
VNM,USA,2010,14250850102.0,UNComtrade
VNM,USA,2011,16970422000.0,UNComtrade
VNM,USA,2012,19680928506.0,UNComtrade
VNM,USA,2013,23869948676.0,UNComtrade
VNM,USA,2014,28649808856.0,UNComtrade
VNM,USA,2015,33475028550.0,UNComtrade
VNM,USA,2016,38473176751.16,UNComtrade
VNM,USA,2017,41549714669.6,UNComtrade
VNM,USA,2018,47580105780.65,UNComtrade
VNM,USA,2019,61403966393.11,UNComtrade
VNM,USA,2020,77072438528.127,UNComtrade
VNM,USA,2021,96327539432.846,UNComtrade
VNM,USA,2022,109459565524.155,UNComtrade
VNM,USA,2023,97071533042.637,UNComtrade
