exporter_iso3,importer_iso3,year,lsbci,ln_lsbci
BRN,ARE,2010,0.1917,-1.6518236289305381
BRN,ARE,2011,0.2015,-1.6019658975953994
BRN,ARE,2012,0.1885,-1.6686572720940716
BRN,ARE,2013,0.189,-1.6660082639224947
BRN,ARE,2014,0.1884,-1.6691879168398742
BRN,ARE,2015,0.1992,-1.6134459338316391
BRN,ARE,2016,0.2011,-1.6039529822035308
BRN,ARE,2017,0.2033,-1.593072558347836
BRN,ARE,2018,0.1919,-1.650780875968483
BRN,ARE,2019,0.2076,-1.5721421276904035
BRN,ARE,2020,0.2114,-1.5540032055459998
BRN,ARE,2021,0.2018,-1.6004781710626284
BRN,ARE,2022,0.2068,-1.5760031363478628
BRN,ARE,2023,0.2098,-1.5616005830199404
BRN,ARE,2024,0.2159,-1.5329399414613754
BRN,ARE,2025,0.2038,-1.5906161581935125
BRN,AUS,2010,0.1874,-1.6745099091778153
BRN,AUS,2011,0.1985,-1.616966178854892
BRN,AUS,2012,0.1833,-1.6966311241364778
BRN,AUS,2013,0.1861,-1.6814711153339321
BRN,AUS,2014,0.1867,-1.67825222843446
BRN,AUS,2015,0.1959,-1.6301509540316421
BRN,AUS,2016,0.1985,-1.616966178854892
BRN,AUS,2017,0.2017,-1.600973834021971
BRN,AUS,2018,0.1894,-1.663894098230159
BRN,AUS,2019,0.204,-1.5896352851379207
BRN,AUS,2020,0.2018,-1.6004781710626284
BRN,AUS,2021,0.1949,-1.635268672468622
BRN,AUS,2022,0.202,-1.5994875815809322
BRN,AUS,2023,0.2063,-1.5784238589049309
BRN,AUS,2024,0.2107,-1.5573199581719936
BRN,AUS,2025,0.1944,-1.6378373869557985
BRN,CAN,2010,0.1871,-1.6761120457020933
BRN,CAN,2011,0.1985,-1.616966178854892
BRN,CAN,2012,0.1859,-1.6825463842547386
BRN,CAN,2013,0.1863,-1.6803970013745944
BRN,CAN,2014,0.1865,-1.6793240398982667
BRN,CAN,2015,0.1978,-1.6204988597935253
BRN,CAN,2016,0.1975,-1.6220166946409604
BRN,CAN,2017,0.2009,-1.6049480071612483
BRN,CAN,2018,0.1895,-1.663366254459656
BRN,CAN,2019,0.205,-1.584745299843729
BRN,CAN,2020,0.2077,-1.5716605481000705
BRN,CAN,2021,0.197,-1.6245515502441485
BRN,CAN,2022,0.2019,-1.5999827536633453
BRN,CAN,2023,0.2044,-1.5876764206525877
BRN,CAN,2024,0.21,-1.5606477482646683
BRN,CAN,2025,0.1992,-1.6134459338316391
BRN,CHN,2010,0.1984,-1.6174700841313647
BRN,CHN,2011,0.2761,-1.2869921600460283
BRN,CHN,2012,0.1926,-1.647139779618112
BRN,CHN,2013,0.1965,-1.627092847672821
BRN,CHN,2014,0.1968,-1.625567294363984
BRN,CHN,2015,0.2707,-1.3067440823618817
BRN,CHN,2016,0.2748,-1.2917117186339429
BRN,CHN,2017,0.278,-1.2801341652915
BRN,CHN,2018,0.2665,-1.3223810353762377
BRN,CHN,2019,0.2833,-1.2612488721456663
BRN,CHN,2020,0.2884,-1.243406873571343
BRN,CHN,2021,0.2774,-1.2822947711014059
BRN,CHN,2022,0.2849,-1.2556170374782745
BRN,CHN,2023,0.289,-1.241328590869705
BRN,CHN,2024,0.2944,-1.222815892127416
BRN,CHN,2025,0.2756,-1.2888047398426334
BRN,DEU,2010,0.1967,-1.6260755535871236
BRN,DEU,2011,0.207,-1.575036485716768
BRN,DEU,2012,0.1919,-1.650780875968483
BRN,DEU,2013,0.1938,-1.640928579525471
BRN,DEU,2014,0.194,-1.6398971199188088
BRN,DEU,2015,0.2039,-1.5901256014017275
BRN,DEU,2016,0.2069,-1.5755196942306398
BRN,DEU,2017,0.2099,-1.5611240521555498
BRN,DEU,2018,0.1978,-1.6204988597935253
BRN,DEU,2019,0.2125,-1.5488132906176655
BRN,DEU,2020,0.2147,-1.5385135740974016
BRN,DEU,2021,0.2052,-1.5837701656855225
BRN,DEU,2022,0.2111,-1.555423324127862
BRN,DEU,2023,0.2135,-1.5441184463134578
BRN,DEU,2024,0.2191,-1.5182270323807163
BRN,DEU,2025,0.2035,-1.5920892740994874
BRN,FRA,2010,0.1979,-1.619993426373617
BRN,FRA,2011,0.2098,-1.5616005830199404
BRN,FRA,2012,0.1937,-1.6414447085691868
BRN,FRA,2013,0.1965,-1.627092847672821
BRN,FRA,2014,0.1962,-1.6286207318508743
BRN,FRA,2015,0.2072,-1.5740707685968092
BRN,FRA,2016,0.2079,-1.57069808411817
BRN,FRA,2017,0.2111,-1.555423324127862
BRN,FRA,2018,0.1989,-1.6149530931222105
BRN,FRA,2019,0.2158,-1.5334032261581028
BRN,FRA,2020,0.2188,-1.519597208434311
BRN,FRA,2021,0.2057,-1.5813364823232257
BRN,FRA,2022,0.2132,-1.5455245866904477
BRN,FRA,2023,0.2161,-1.5320140154692967
BRN,FRA,2024,0.223,-1.5005835075220182
BRN,FRA,2025,0.2083,-1.5687759307152107
BRN,GBR,2010,0.2003,-1.6079390363103645
BRN,GBR,2011,0.2117,-1.5525851008413176
BRN,GBR,2012,0.1943,-1.6383519225987426
BRN,GBR,2013,0.1965,-1.627092847672821
BRN,GBR,2014,0.1963,-1.6281111776997217
BRN,GBR,2015,0.2068,-1.5760031363478628
BRN,GBR,2016,0.2097,-1.5620773410742628
BRN,GBR,2017,0.2127,-1.5478725567759455
BRN,GBR,2018,0.2003,-1.6079390363103645
BRN,GBR,2019,0.2178,-1.524178068483277
BRN,GBR,2020,0.2213,-1.5082360319251331
BRN,GBR,2021,0.211,-1.5558971455060706
BRN,GBR,2022,0.2161,-1.5320140154692967
BRN,GBR,2023,0.2207,-1.5109509657194462
BRN,GBR,2024,0.2239,-1.496555755377428
BRN,GBR,2025,0.2094,-1.5635089805457005
BRN,HKG,2010,0.2626,-1.3371233171134413
BRN,HKG,2011,0.2743,-1.2935328810385796
BRN,HKG,2012,0.2562,-1.3617968895195032
BRN,HKG,2013,0.2598,-1.347843174745638
BRN,HKG,2014,0.2598,-1.347843174745638
BRN,HKG,2015,0.2685,-1.3149043650332175
BRN,HKG,2016,0.2694,-1.3115580150058734
BRN,HKG,2017,0.2717,-1.303056762549835
BRN,HKG,2018,0.2603,-1.3459204669816174
BRN,HKG,2019,0.2729,-1.2986498512678444
BRN,HKG,2020,0.2799,-1.2733228824607292
BRN,HKG,2021,0.2688,-1.3137876703331426
BRN,HKG,2022,0.2763,-1.2862680470527663
BRN,HKG,2023,0.2777,-1.2812138846693832
BRN,HKG,2024,0.2844,-1.2573735810530513
BRN,HKG,2025,0.2664,-1.3227563403159028
BRN,IDN,2010,0.188,-1.6713133161521878
BRN,IDN,2011,0.1962,-1.6286207318508743
BRN,IDN,2012,0.1812,-1.708153885373258
BRN,IDN,2013,0.1814,-1.7070507413011007
BRN,IDN,2014,0.1803,-1.7131331487728656
BRN,IDN,2015,0.1897,-1.6623114020411685
BRN,IDN,2016,0.1899,-1.6612576611638967
BRN,IDN,2017,0.1938,-1.640928579525471
BRN,IDN,2018,0.1841,-1.6922761907431048
BRN,IDN,2019,0.1963,-1.6281111776997217
BRN,IDN,2020,0.2013,-1.6029589463363911
BRN,IDN,2021,0.1875,-1.6739764335716716
BRN,IDN,2022,0.194,-1.6398971199188088
BRN,IDN,2023,0.2036,-1.5915979943057694
BRN,IDN,2024,0.2072,-1.5740707685968092
BRN,IDN,2025,0.1925,-1.647659125254298
BRN,IND,2010,0.1912,-1.6544352783648362
BRN,IND,2011,0.2005,-1.606941032235513
BRN,IND,2012,0.1883,-1.6697188433190304
BRN,IND,2013,0.1879,-1.6718453725627174
BRN,IND,2014,0.1877,-1.672910335389674
BRN,IND,2015,0.1988,-1.6154559847596635
BRN,IND,2016,0.2023,-1.5980035348084372
BRN,IND,2017,0.2054,-1.5827959814876793
BRN,IND,2018,0.1925,-1.647659125254298
BRN,IND,2019,0.2065,-1.5774548665810497
BRN,IND,2020,0.2113,-1.554476354360126
BRN,IND,2021,0.2009,-1.6049480071612483
BRN,IND,2022,0.2074,-1.57310598318671
BRN,IND,2023,0.2136,-1.5436501718960973
BRN,IND,2024,0.2185,-1.5209692644464923
BRN,IND,2025,0.2048,-1.5857213858167842
BRN,ITA,2010,0.1961,-1.6291305457798364
BRN,ITA,2011,0.2065,-1.5774548665810497
BRN,ITA,2012,0.1919,-1.650780875968483
BRN,ITA,2013,0.194,-1.6398971199188088
BRN,ITA,2014,0.1936,-1.6419611041396605
BRN,ITA,2015,0.2047,-1.5862097863148932
BRN,ITA,2016,0.2063,-1.5784238589049309
BRN,ITA,2017,0.2097,-1.5620773410742628
BRN,ITA,2018,0.1983,-1.6179742434563866
BRN,ITA,2019,0.2147,-1.5385135740974016
BRN,ITA,2020,0.2161,-1.5320140154692967
BRN,ITA,2021,0.2033,-1.593072558347836
BRN,ITA,2022,0.2119,-1.5516408137078836
BRN,ITA,2023,0.2161,-1.5320140154692967
BRN,ITA,2024,0.2194,-1.516858731141007
BRN,ITA,2025,0.2073,-1.5735882595404032
BRN,JPN,2010,0.1942,-1.6388667231249125
BRN,JPN,2011,0.204,-1.5896352851379207
BRN,JPN,2012,0.1877,-1.672910335389674
BRN,JPN,2013,0.1916,-1.652345413445377
BRN,JPN,2014,0.1911,-1.6549584277359097
BRN,JPN,2015,0.2007,-1.6059440231798447
BRN,JPN,2016,0.203,-1.5945492999403497
BRN,JPN,2017,0.2064,-1.5779392453747294
BRN,JPN,2018,0.1933,-1.6435118927678518
BRN,JPN,2019,0.2056,-1.5818227454011269
BRN,JPN,2020,0.2106,-1.557794679282262
BRN,JPN,2021,0.1981,-1.6189833252776318
BRN,JPN,2022,0.2041,-1.5891452091663378
BRN,JPN,2023,0.2074,-1.57310598318671
BRN,JPN,2024,0.2805,-1.271181554019386
BRN,JPN,2025,0.2007,-1.6059440231798447
BRN,KHM,2010,0.1624,-1.8176928512545596
BRN,KHM,2011,0.1697,-1.7737231067419565
BRN,KHM,2012,0.1598,-1.8338322456499627
BRN,KHM,2013,0.1656,-1.7981800370309777
BRN,KHM,2014,0.1662,-1.7945633965607892
BRN,KHM,2015,0.1719,-1.7608423665933335
BRN,KHM,2016,0.1861,-1.6814711153339321
BRN,KHM,2017,0.1889,-1.666537504474673
BRN,KHM,2018,0.1742,-1.7475512145637346
BRN,KHM,2019,0.1854,-1.6852396258503821
BRN,KHM,2020,0.191,-1.6554818509355071
BRN,KHM,2021,0.1813,-1.7076021612213317
BRN,KHM,2022,0.1881,-1.6707815426751524
BRN,KHM,2023,0.194,-1.6398971199188088
BRN,KHM,2024,0.1975,-1.6220166946409604
BRN,KHM,2025,0.1846,-1.6895639569133853
BRN,KOR,2010,0.1956,-1.63168352138142
BRN,KOR,2011,0.2091,-1.564942672547549
BRN,KOR,2012,0.1911,-1.6549584277359097
BRN,KOR,2013,0.1948,-1.6357818877737023
BRN,KOR,2014,0.1942,-1.6388667231249125
BRN,KOR,2015,0.2034,-1.5925807953676774
BRN,KOR,2016,0.2077,-1.5716605481000705
BRN,KOR,2017,0.2101,-1.5601716711311824
BRN,KOR,2018,0.1991,-1.6139480679119864
BRN,KOR,2019,0.2163,-1.531088946023124
BRN,KOR,2020,0.2218,-1.5059792040658704
BRN,KOR,2021,0.207,-1.575036485716768
BRN,KOR,2022,0.2148,-1.5380479163474274
BRN,KOR,2023,0.2863,-1.2507150668780678
BRN,KOR,2024,0.2913,-1.2334016150167482
BRN,KOR,2025,0.2076,-1.5721421276904035
BRN,MMR,2010,0.1602,-1.8313322443478781
BRN,MMR,2011,0.155,-1.8643301620628905
BRN,MMR,2012,0.1641,-1.8072792808860918
BRN,MMR,2013,0.167,-1.7897614665653818
BRN,MMR,2014,0.167,-1.7897614665653818
BRN,MMR,2015,0.1815,-1.7064996252772315
BRN,MMR,2016,0.1826,-1.7004573108212688
BRN,MMR,2017,0.1833,-1.6966311241364778
BRN,MMR,2018,0.176,-1.7372712839439852
BRN,MMR,2019,0.1806,-1.711470637999252
BRN,MMR,2020,0.2583,-1.3536335788803424
BRN,MMR,2021,0.2493,-1.3890982884526248
BRN,MMR,2022,0.2557,-1.3637503966849962
BRN,MMR,2023,0.255,-1.3664917338237108
BRN,MMR,2024,0.2619,-1.3397925274684708
BRN,MMR,2025,0.1815,-1.7064996252772315
BRN,MYS,2010,0.2608,-1.3440014489296392
BRN,MYS,2011,0.2718,-1.3026887772650937
BRN,MYS,2012,0.2569,-1.359068374866299
BRN,MYS,2013,0.2612,-1.342468881579861
BRN,MYS,2014,0.2609,-1.3436180868394543
BRN,MYS,2015,0.2693,-1.3119292791645838
BRN,MYS,2016,0.2723,-1.3008508793024232
BRN,MYS,2017,0.274,-1.2946271725940668
BRN,MYS,2018,0.2634,-1.3340814896729563
BRN,MYS,2019,0.2792,-1.2758269080939195
BRN,MYS,2020,0.2841,-1.2584289901219947
BRN,MYS,2021,0.2727,-1.2993829891305941
BRN,MYS,2022,0.2799,-1.2733228824607292
BRN,MYS,2023,0.2836,-1.2601904843241645
BRN,MYS,2024,0.2889,-1.2416746715099476
BRN,MYS,2025,0.2701,-1.3089630181835672
BRN,NLD,2010,0.1986,-1.6164625273710649
BRN,NLD,2011,0.2098,-1.5616005830199404
BRN,NLD,2012,0.1926,-1.647139779618112
BRN,NLD,2013,0.1947,-1.636295366603983
BRN,NLD,2014,0.1942,-1.6388667231249125
BRN,NLD,2015,0.2034,-1.5925807953676774
BRN,NLD,2016,0.2063,-1.5784238589049309
BRN,NLD,2017,0.2097,-1.5620773410742628
BRN,NLD,2018,0.1995,-1.611941042652219
BRN,NLD,2019,0.2165,-1.5301647315395925
BRN,NLD,2020,0.2195,-1.516403046466911
BRN,NLD,2021,0.2095,-1.5630315396199446
BRN,NLD,2022,0.2154,-1.5352585142598487
BRN,NLD,2023,0.2199,-1.5145823814214214
BRN,NLD,2024,0.2247,-1.4929890997908535
BRN,NLD,2025,0.2087,-1.566857464898982
BRN,PHL,2010,0.247,-1.3983669423541598
BRN,PHL,2011,0.2548,-1.3672763552841287
BRN,PHL,2012,0.1786,-1.7226066105397384
BRN,PHL,2013,0.2465,-1.4003932854993923
BRN,PHL,2014,0.2468,-1.3991769869509043
BRN,PHL,2015,0.1886,-1.66812690878278
BRN,PHL,2016,0.2556,-1.3641415564787573
BRN,PHL,2017,0.2602,-1.3463047129037322
BRN,PHL,2018,0.2481,-1.3939233882843818
BRN,PHL,2019,0.1963,-1.6281111776997217
BRN,PHL,2020,0.2623,-1.3382663921093092
BRN,PHL,2021,0.1858,-1.683084452602399
BRN,PHL,2022,0.259,-1.3509272172825992
BRN,PHL,2023,0.2621,-1.3390291686527764
BRN,PHL,2024,0.2671,-1.3201321588662218
BRN,PHL,2025,0.188,-1.6713133161521878
BRN,SGP,2010,0.2622,-1.3386477076525376
BRN,SGP,2011,0.2739,-1.2949922027131047
BRN,SGP,2012,0.2566,-1.360236826800601
BRN,SGP,2013,0.2605,-1.3451524177887153
BRN,SGP,2014,0.2601,-1.3466891065275313
BRN,SGP,2015,0.2691,-1.312672221249277
BRN,SGP,2016,0.2725,-1.3001166648788383
BRN,SGP,2017,0.2758,-1.2880793136229356
BRN,SGP,2018,0.2653,-1.3268940178384432
BRN,SGP,2019,0.2822,-1.2651392395634233
BRN,SGP,2020,0.2865,-1.250016742827343
BRN,SGP,2021,0.2755,-1.2891676503891678
BRN,SGP,2022,0.2822,-1.2651392395634233
BRN,SGP,2023,0.2866,-1.2496677635880655
BRN,SGP,2024,0.2916,-1.232372278847634
BRN,SGP,2025,0.2733,-1.2971851860481147
BRN,THA,2010,0.1877,-1.672910335389674
BRN,THA,2011,0.1937,-1.6414447085691868
BRN,THA,2012,0.181,-1.7092582477163114
BRN,THA,2013,0.183,-1.6982691261407161
BRN,THA,2014,0.1836,-1.6949958007957469
BRN,THA,2015,0.1929,-1.6455833590704536
BRN,THA,2016,0.1971,-1.6240440648234626
BRN,THA,2017,0.1999,-1.6099380374757828
BRN,THA,2018,0.1888,-1.6670670252707367
BRN,THA,2019,0.2039,-1.5901256014017275
BRN,THA,2020,0.2058,-1.5808504555821878
BRN,THA,2021,0.1957,-1.6311724045801064
BRN,THA,2022,0.2004,-1.6074399097714274
BRN,THA,2023,0.203,-1.5945492999403497
BRN,THA,2024,0.2081,-1.5697365455825483
BRN,THA,2025,0.1956,-1.63168352138142
BRN,TLS,2010,0.1422,-1.9505207616129967
BRN,TLS,2011,0.1473,-1.9152839555135526
BRN,TLS,2012,0.1447,-1.9330926453446988
BRN,TLS,2013,0.161,-1.8263509139976741
BRN,TLS,2014,0.1584,-1.8426317996018116
BRN,TLS,2015,0.1614,-1.8238695231462887
BRN,TLS,2016,0.1502,-1.8957875396521027
BRN,TLS,2017,0.1502,-1.8957875396521027
BRN,TLS,2018,0.1502,-1.8957875396521027
BRN,TLS,2019,0.1508,-1.8918008234082815
BRN,TLS,2020,0.1519,-1.8845328693804098
BRN,TLS,2021,0.1553,-1.8623965488274956
BRN,TLS,2022,0.1526,-1.8799351601317804
BRN,TLS,2023,0.1532,-1.876011021675646
BRN,TLS,2024,0.1579,-1.8457933577205405
BRN,TLS,2025,0.1564,-1.8553384508709263
BRN,TWN,2010,0.195,-1.6347557204183902
BRN,TWN,2011,0.2047,-1.5862097863148932
BRN,TWN,2012,0.1894,-1.663894098230159
BRN,TWN,2013,0.1918,-1.6513021165327992
BRN,TWN,2014,0.1918,-1.6513021165327992
BRN,TWN,2015,0.2007,-1.6059440231798447
BRN,TWN,2016,0.2025,-1.5970153924355432
BRN,TWN,2017,0.2062,-1.5789087073992776
BRN,TWN,2018,0.1957,-1.6311724045801064
BRN,TWN,2019,0.2767,-1.2848213921892568
BRN,TWN,2020,0.2817,-1.2669126040998102
BRN,TWN,2021,0.2713,-1.304530059317251
BRN,TWN,2022,0.2768,-1.2844600552386225
BRN,TWN,2023,0.2784,-1.2786963505218725
BRN,TWN,2024,0.2836,-1.2601904843241645
BRN,TWN,2025,0.2672,-1.3197578373196464
BRN,USA,2010,0.1988,-1.6154559847596635
BRN,USA,2011,0.2109,-1.556371191497408
BRN,USA,2012,0.1947,-1.636295366603983
BRN,USA,2013,0.1978,-1.6204988597935253
BRN,USA,2014,0.2005,-1.606941032235513
BRN,USA,2015,0.2085,-1.567816237743281
BRN,USA,2016,0.2102,-1.5596958205392863
BRN,USA,2017,0.2137,-1.5431821166570352
BRN,USA,2018,0.2014,-1.602462298697675
BRN,USA,2019,0.2194,-1.516858731141007
BRN,USA,2020,0.223,-1.5005835075220182
BRN,USA,2021,0.2132,-1.5455245866904477
BRN,USA,2022,0.2182,-1.5223432055831665
BRN,USA,2023,0.2224,-1.5032777166057099
BRN,USA,2024,0.2274,-1.4810446976657015
BRN,USA,2025,0.2117,-1.5525851008413176
BRN,VNM,2010,0.1847,-1.6890223917769427
BRN,VNM,2011,0.2607,-1.344384958042681
BRN,VNM,2012,0.1804,-1.7125786713536137
BRN,VNM,2013,0.1836,-1.6949958007957469
BRN,VNM,2014,0.1824,-1.701553201341906
BRN,VNM,2015,0.1926,-1.647139779618112
BRN,VNM,2016,0.1974,-1.6225231519827559
BRN,VNM,2017,0.1989,-1.6149530931222105
BRN,VNM,2018,0.1882,-1.6702500518308578
BRN,VNM,2019,0.2017,-1.600973834021971
BRN,VNM,2020,0.2693,-1.3119292791645838
BRN,VNM,2021,0.2597,-1.3482281603134343
BRN,VNM,2022,0.2027,-1.5960282255241827
BRN,VNM,2023,0.207,-1.575036485716768
BRN,VNM,2024,0.2126,-1.5483428130742893
BRN,VNM,2025,0.2646,-1.3295360273012817
IDN,ARE,2010,0.4636,-0.7687331675165404
IDN,ARE,2011,0.4518,-0.7945156749482342
IDN,ARE,2012,0.4247,-0.8563722416629115
IDN,ARE,2013,0.3997,-0.9170410132648592
IDN,ARE,2014,0.319,-1.1425641761972924
IDN,ARE,2015,0.315,-1.155182640156504
IDN,ARE,2016,0.3218,-1.1338250444238542
IDN,ARE,2017,0.3114,-1.1666770195822391
IDN,ARE,2018,0.37,-0.9942522733438669
IDN,ARE,2019,0.3656,-1.006215439402142
IDN,ARE,2020,0.3958,-0.9268462458136717
IDN,ARE,2021,0.3085,-1.1760334356366946
IDN,ARE,2022,0.3059,-1.1844970278252793
IDN,ARE,2023,0.4356,-0.8310308879233317
IDN,ARE,2024,0.4195,-0.8686917530748762
IDN,ARE,2025,0.4328,-0.8374795514498652
IDN,AUS,2010,0.4164,-0.8761089422413233
IDN,AUS,2011,0.4238,-0.8584936331479384
IDN,AUS,2012,0.4026,-0.909811765776446
IDN,AUS,2013,0.3894,-0.9431481860440377
IDN,AUS,2014,0.3846,-0.9555514458274577
IDN,AUS,2015,0.3883,-0.9459770422445155
IDN,AUS,2016,0.3817,-0.9631203192309531
IDN,AUS,2017,0.3758,-0.9786981920027721
IDN,AUS,2018,0.4056,-0.9023878267051636
IDN,AUS,2019,0.399,-0.9187938620922735
IDN,AUS,2020,0.4039,-0.9065879564127699
IDN,AUS,2021,0.3674,-1.0013041062011117
IDN,AUS,2022,0.3613,-1.0180466408285425
IDN,AUS,2023,0.4284,-0.8476979404085433
IDN,AUS,2024,0.3894,-0.9431481860440377
IDN,AUS,2025,0.3898,-0.9421214919086767
IDN,BRN,2010,0.188,-1.6713133161521878
IDN,BRN,2011,0.1962,-1.6286207318508743
IDN,BRN,2012,0.1812,-1.708153885373258
IDN,BRN,2013,0.1814,-1.7070507413011007
IDN,BRN,2014,0.1803,-1.7131331487728656
IDN,BRN,2015,0.1897,-1.6623114020411685
IDN,BRN,2016,0.1899,-1.6612576611638967
IDN,BRN,2017,0.1938,-1.640928579525471
IDN,BRN,2018,0.1841,-1.6922761907431048
IDN,BRN,2019,0.1963,-1.6281111776997217
IDN,BRN,2020,0.2013,-1.6029589463363911
IDN,BRN,2021,0.1875,-1.6739764335716716
IDN,BRN,2022,0.194,-1.6398971199188088
IDN,BRN,2023,0.2036,-1.5915979943057694
IDN,BRN,2024,0.2072,-1.5740707685968092
IDN,BRN,2025,0.1925,-1.647659125254298
IDN,CAN,2010,0.3441,-1.0668229661787023
IDN,CAN,2011,0.3576,-1.028340235682778
IDN,CAN,2012,0.3472,-1.0578542961959418
IDN,CAN,2013,0.3279,-1.1150465951315345
IDN,CAN,2014,0.3282,-1.1141321003261466
IDN,CAN,2015,0.3287,-1.1126097983119634
IDN,CAN,2016,0.3209,-1.136625730866326
IDN,CAN,2017,0.313,-1.1615520884419839
IDN,CAN,2018,0.4324,-0.8384041932170838
IDN,CAN,2019,0.4244,-0.8570788722423089
IDN,CAN,2020,0.4562,-0.7848239691318494
IDN,CAN,2021,0.303,-1.194022473472768
IDN,CAN,2022,0.2999,-1.2043061932271737
IDN,CAN,2023,0.4626,-0.7708925291847982
IDN,CAN,2024,0.3192,-1.1419374134064835
IDN,CAN,2025,0.332,-1.1026203100656484
IDN,CHN,2010,0.4899,-0.7135539903376079
IDN,CHN,2011,0.4928,-0.707651866762827
IDN,CHN,2012,0.4599,-0.776746204436259
IDN,CHN,2013,0.4465,-0.8063158786655833
IDN,CHN,2014,0.4485,-0.8018465974832862
IDN,CHN,2015,0.4381,-0.8253080841622843
IDN,CHN,2016,0.4206,-0.8660730157135377
IDN,CHN,2017,0.42,-0.8675005677047231
IDN,CHN,2018,0.4848,-0.7240188442270323
IDN,CHN,2019,0.48,-0.7339691750802004
IDN,CHN,2020,0.5071,-0.6790470561811637
IDN,CHN,2021,0.4126,-0.8852766783449856
IDN,CHN,2022,0.4061,-0.9011558442898849
IDN,CHN,2023,0.5354,-0.624741147895885
IDN,CHN,2024,0.448,-0.8029620465671519
IDN,CHN,2025,0.4552,-0.7870183961700159
IDN,DEU,2010,0.44,-0.8209805520698302
IDN,DEU,2011,0.4323,-0.8386354873085509
IDN,DEU,2012,0.4126,-0.8852766783449856
IDN,DEU,2013,0.3994,-0.9177918580004223
IDN,DEU,2014,0.3885,-0.9454621091744349
IDN,DEU,2015,0.3906,-0.9400712605395585
IDN,DEU,2016,0.3893,-0.943405024365727
IDN,DEU,2017,0.3917,-0.9372590383103514
IDN,DEU,2018,0.4468,-0.8056442117870914
IDN,DEU,2019,0.4385,-0.8243954671698993
IDN,DEU,2020,0.4629,-0.7702442309449122
IDN,DEU,2021,0.3103,-1.1702157075278026
IDN,DEU,2022,0.3066,-1.1822113125444234
IDN,DEU,2023,0.4099,-0.8918420514718453
IDN,DEU,2024,0.3443,-1.0662419086376589
IDN,DEU,2025,0.3489,-1.0529699307894087
IDN,FRA,2010,0.4477,-0.8036319137352173
IDN,FRA,2011,0.4471,-0.8049729957422022
IDN,FRA,2012,0.3572,-1.029459429979793
IDN,FRA,2013,0.3433,-1.0691505785184907
IDN,FRA,2014,0.3327,-1.100514095957706
IDN,FRA,2015,0.3356,-1.0918353043890858
IDN,FRA,2016,0.3266,-1.1190190984457724
IDN,FRA,2017,0.3294,-1.110482461238597
IDN,FRA,2018,0.3843,-0.9563317814113389
IDN,FRA,2019,0.3801,-0.967320902986934
IDN,FRA,2020,0.4071,-0.8986964234732039
IDN,FRA,2021,0.314,-1.1583622930738837
IDN,FRA,2022,0.3081,-1.177330873379515
IDN,FRA,2023,0.4129,-0.8845498460900926
IDN,FRA,2024,0.3465,-1.0598724603521792
IDN,FRA,2025,0.3551,-1.0353558390330948
IDN,GBR,2010,0.4571,-0.7828530936444383
IDN,GBR,2011,0.4537,-0.7903190923122189
IDN,GBR,2012,0.361,-1.018877320649256
IDN,GBR,2013,0.3452,-1.0636313197728642
IDN,GBR,2014,0.3331,-1.0993125337825032
IDN,GBR,2015,0.3348,-1.0942219403668167
IDN,GBR,2016,0.3301,-1.1083596401229898
IDN,GBR,2017,0.3326,-1.1008147122233096
IDN,GBR,2018,0.4542,-0.789217649310679
IDN,GBR,2019,0.3858,-0.9524361785105084
IDN,GBR,2020,0.4134,-0.8833396317344692
IDN,GBR,2021,0.3212,-1.1356912969095305
IDN,GBR,2022,0.3128,-1.162191270310981
IDN,GBR,2023,0.4232,-0.8599103984380474
IDN,GBR,2024,0.354,-1.0384583658483626
IDN,GBR,2025,0.3613,-1.0180466408285425
IDN,HKG,2010,0.4844,-0.7248442673031998
IDN,HKG,2011,0.4884,-0.7166205367455875
IDN,HKG,2012,0.4563,-0.7846047910487802
IDN,HKG,2013,0.4389,-0.8234836822879487
IDN,HKG,2014,0.4441,-0.8117055166840805
IDN,HKG,2015,0.4308,-0.8421113336999035
IDN,HKG,2016,0.41,-0.8915981192837836
IDN,HKG,2017,0.4052,-0.9033745066076088
IDN,HKG,2018,0.4705,-0.7539593199567027
IDN,HKG,2019,0.4633,-0.7693804865595344
IDN,HKG,2020,0.4906,-0.7121261471577481
IDN,HKG,2021,0.3992,-0.9182927345448282
IDN,HKG,2022,0.3922,-0.9359833652198911
IDN,HKG,2023,0.516,-0.6616485135005743
IDN,HKG,2024,0.4289,-0.8465314874593023
IDN,HKG,2025,0.4337,-0.8354022281408165
IDN,IND,2010,0.4641,-0.7676552327350069
IDN,IND,2011,0.4544,-0.7887774115751954
IDN,IND,2012,0.4367,-0.8285088184906219
IDN,IND,2013,0.3515,-1.0455455677314176
IDN,IND,2014,0.344,-1.0671136216087387
IDN,IND,2015,0.3406,-1.0770465107535492
IDN,IND,2016,0.3328,-1.1002135700350835
IDN,IND,2017,0.3336,-1.0978126084975453
IDN,IND,2018,0.3876,-0.9477813989655259
IDN,IND,2019,0.382,-0.9623346703755619
IDN,IND,2020,0.3997,-0.9170410132648592
IDN,IND,2021,0.3212,-1.1356912969095305
IDN,IND,2022,0.3156,-1.1532796900104179
IDN,IND,2023,0.4961,-0.7009777596751339
IDN,IND,2024,0.4263,-0.8526119552109723
IDN,IND,2025,0.4407,-0.8193909071341958
IDN,ITA,2010,0.4401,-0.8207533051650914
IDN,ITA,2011,0.4349,-0.8326391593785443
IDN,ITA,2012,0.4145,-0.8806823044067874
IDN,ITA,2013,0.3999,-0.9165407631293644
IDN,ITA,2014,0.3858,-0.9524361785105084
IDN,ITA,2015,0.3924,-0.935473551290929
IDN,ITA,2016,0.3881,-0.9464922406072764
IDN,ITA,2017,0.3913,-0.9382807497657704
IDN,ITA,2018,0.4477,-0.8036319137352173
IDN,ITA,2019,0.4427,-0.8148629392440417
IDN,ITA,2020,0.4653,-0.7650729201315343
IDN,ITA,2021,0.3047,-1.1884275929904735
IDN,ITA,2022,0.306,-1.1841701770297564
IDN,ITA,2023,0.4795,-0.7350113846586441
IDN,ITA,2024,0.4155,-0.8782726646866342
IDN,ITA,2025,0.4179,-0.8725131095282673
IDN,JPN,2010,0.4638,-0.7683018541607058
IDN,JPN,2011,0.463,-0.770028224895903
IDN,JPN,2012,0.4367,-0.8285088184906219
IDN,JPN,2013,0.4284,-0.8476979404085433
IDN,JPN,2014,0.4311,-0.8414151972290481
IDN,JPN,2015,0.4253,-0.8549604767225492
IDN,JPN,2016,0.4067,-0.8996794660689582
IDN,JPN,2017,0.4061,-0.9011558442898849
IDN,JPN,2018,0.4636,-0.7687331675165404
IDN,JPN,2019,0.4545,-0.7885573653646035
IDN,JPN,2020,0.4861,-0.7213409149307273
IDN,JPN,2021,0.391,-0.9390477189967712
IDN,JPN,2022,0.3816,-0.9633823394080056
IDN,JPN,2023,0.4843,-0.7250507295729536
IDN,JPN,2024,0.4146,-0.8804410789804578
IDN,JPN,2025,0.4244,-0.8570788722423089
IDN,KHM,2010,0.1859,-1.6825463842547386
IDN,KHM,2011,0.1984,-1.6174700841313647
IDN,KHM,2012,0.1936,-1.6419611041396605
IDN,KHM,2013,0.1932,-1.6440293572037195
IDN,KHM,2014,0.2598,-1.347843174745638
IDN,KHM,2015,0.2711,-1.3052675224775172
IDN,KHM,2016,0.2143,-1.5403783765026058
IDN,KHM,2017,0.215,-1.5371172508544744
IDN,KHM,2018,0.2084,-1.5682959691029252
IDN,KHM,2019,0.2131,-1.5459937398775656
IDN,KHM,2020,0.2132,-1.5455245866904477
IDN,KHM,2021,0.2143,-1.5403783765026058
IDN,KHM,2022,0.2097,-1.5620773410742628
IDN,KHM,2023,0.2186,-1.5205117032396989
IDN,KHM,2024,0.2271,-1.4823648298706242
IDN,KHM,2025,0.2297,-1.4709811692870844
IDN,KOR,2010,0.4702,-0.7545971428761679
IDN,KOR,2011,0.4797,-0.7345943704741188
IDN,KOR,2012,0.4514,-0.7954014145987017
IDN,KOR,2013,0.4366,-0.8287378348662936
IDN,KOR,2014,0.4384,-0.8246235433483312
IDN,KOR,2015,0.4317,-0.8400243764207053
IDN,KOR,2016,0.4161,-0.8768296629932414
IDN,KOR,2017,0.4136,-0.8828559557879176
IDN,KOR,2018,0.4787,-0.7366811825836737
IDN,KOR,2019,0.4738,-0.746969987257452
IDN,KOR,2020,0.504,-0.6851790109107684
IDN,KOR,2021,0.405,-0.9038682118755978
IDN,KOR,2022,0.3987,-0.9195460245948277
IDN,KOR,2023,0.5286,-0.6375232768119483
IDN,KOR,2024,0.4408,-0.8191640211434322
IDN,KOR,2025,0.4465,-0.8063158786655833
IDN,MMR,2010,0.1747,-1.7446850618421261
IDN,MMR,2011,0.1679,-1.7843867148986419
IDN,MMR,2012,0.2504,-1.3846956397561936
IDN,MMR,2013,0.1967,-1.6260755535871236
IDN,MMR,2014,0.1957,-1.6311724045801064
IDN,MMR,2015,0.2128,-1.5474025215146479
IDN,MMR,2016,0.2213,-1.5082360319251331
IDN,MMR,2017,0.2846,-1.256670593326385
IDN,MMR,2018,0.2971,-1.2136864965135752
IDN,MMR,2019,0.2711,-1.3052675224775172
IDN,MMR,2020,0.2848,-1.2559680994443163
IDN,MMR,2021,0.2779,-1.2804939422336792
IDN,MMR,2022,0.2015,-1.6019658975953994
IDN,MMR,2023,0.2853,-1.2542140207626828
IDN,MMR,2024,0.2914,-1.2330583852210326
IDN,MMR,2025,0.2858,-1.2524630134863701
IDN,MYS,2010,0.4809,-0.7320959306985201
IDN,MYS,2011,0.4857,-0.7221641296304379
IDN,MYS,2012,0.4621,-0.7719739611059163
IDN,MYS,2013,0.4427,-0.8148629392440417
IDN,MYS,2014,0.4411,-0.818483671871243
IDN,MYS,2015,0.4307,-0.8423434869220721
IDN,MYS,2016,0.4157,-0.8777914327235452
IDN,MYS,2017,0.4118,-0.8872174843884479
IDN,MYS,2018,0.4778,-0.7385630440904278
IDN,MYS,2019,0.4719,-0.7509881802497953
IDN,MYS,2020,0.4959,-0.7013809854870489
IDN,MYS,2021,0.4052,-0.9033745066076088
IDN,MYS,2022,0.3981,-0.9210520489758656
IDN,MYS,2023,0.5253,-0.6437857510222212
IDN,MYS,2024,0.4386,-0.8241674429983492
IDN,MYS,2025,0.4436,-0.8128320235059251
IDN,NLD,2010,0.4442,-0.8114803675218101
IDN,NLD,2011,0.4452,-0.8092316595807473
IDN,NLD,2012,0.3556,-1.0339487753423875
IDN,NLD,2013,0.3407,-1.0767529543152161
IDN,NLD,2014,0.328,-1.1147416705979933
IDN,NLD,2015,0.3263,-1.1199380753828623
IDN,NLD,2016,0.3233,-1.1291745942507496
IDN,NLD,2017,0.3265,-1.1193253302656512
IDN,NLD,2018,0.4524,-0.7931885347401716
IDN,NLD,2019,0.3833,-0.9589373065956277
IDN,NLD,2020,0.4104,-0.8906229851255774
IDN,NLD,2021,0.319,-1.1425641761972924
IDN,NLD,2022,0.3155,-1.1535965970008693
IDN,NLD,2023,0.4255,-0.8544903309687083
IDN,NLD,2024,0.354,-1.0384583658483626
IDN,NLD,2025,0.3581,-1.0269430019777501
IDN,PHL,2010,0.3376,-1.085893516260335
IDN,PHL,2011,0.356,-1.0328245481301066
IDN,PHL,2012,0.3351,-1.0933262842388722
IDN,PHL,2013,0.3476,-1.0567028855909
IDN,PHL,2014,0.3549,-1.0359192193296862
IDN,PHL,2015,0.3343,-1.0957164855560841
IDN,PHL,2016,0.3381,-1.0844135692682968
IDN,PHL,2017,0.3455,-1.0627626357744124
IDN,PHL,2018,0.368,-0.9996723408132061
IDN,PHL,2019,0.3693,-0.9961459571236195
IDN,PHL,2020,0.3435,-1.068568167319733
IDN,PHL,2021,0.3258,-1.1214715828141923
IDN,PHL,2022,0.329,-1.1116975282167652
IDN,PHL,2023,0.3741,-0.9832321376280366
IDN,PHL,2024,0.3819,-0.9625964847506665
IDN,PHL,2025,0.3861,-0.9516588757119464
IDN,SGP,2010,0.4908,-0.7117185661453806
IDN,SGP,2011,0.4929,-0.7074489652708049
IDN,SGP,2012,0.463,-0.770028224895903
IDN,SGP,2013,0.4465,-0.8063158786655833
IDN,SGP,2014,0.445,-0.8096809968158968
IDN,SGP,2015,0.4378,-0.8259930938933744
IDN,SGP,2016,0.418,-0.8722738464573808
IDN,SGP,2017,0.4173,-0.8739498913846301
IDN,SGP,2018,0.484,-0.7256703722655053
IDN,SGP,2019,0.4798,-0.7343859285765428
IDN,SGP,2020,0.5058,-0.6816139447462722
IDN,SGP,2021,0.4115,-0.8879462588650127
IDN,SGP,2022,0.4056,-0.9023878267051636
IDN,SGP,2023,0.5329,-0.6294214896794004
IDN,SGP,2024,0.4451,-0.8094563029603284
IDN,SGP,2025,0.4523,-0.7934096024983396
IDN,THA,2010,0.4312,-0.8411832593873496
IDN,THA,2011,0.4137,-0.8826142055147712
IDN,THA,2012,0.4124,-0.8857615268393322
IDN,THA,2013,0.4122,-0.8862466105257784
IDN,THA,2014,0.397,-0.9238189982949466
IDN,THA,2015,0.4041,-0.906092906897709
IDN,THA,2016,0.3948,-0.9293759714228106
IDN,THA,2017,0.3926,-0.9349639971397764
IDN,THA,2018,0.4473,-0.8045257685433347
IDN,THA,2019,0.4514,-0.7954014145987017
IDN,THA,2020,0.4764,-0.7414974415009921
IDN,THA,2021,0.3862,-0.951399908987723
IDN,THA,2022,0.3774,-0.9744496460476871
IDN,THA,2023,0.488,-0.7174398731289899
IDN,THA,2024,0.4085,-0.8952633646820796
IDN,THA,2025,0.4172,-0.8741895558555196
IDN,TLS,2010,0.2233,-1.499239120136025
IDN,TLS,2011,0.2269,-1.483245887196341
IDN,TLS,2012,0.2251,-1.4912105310694506
IDN,TLS,2013,0.2554,-1.3649243353836982
IDN,TLS,2014,0.258,-1.3547956940605197
IDN,TLS,2015,0.2484,-1.3927149289228133
IDN,TLS,2016,0.2254,-1.4898786773764612
IDN,TLS,2017,0.2257,-1.488548595158647
IDN,TLS,2018,0.2272,-1.4819245921351407
IDN,TLS,2019,0.2263,-1.4858937263426453
IDN,TLS,2020,0.2266,-1.4845689303882312
IDN,TLS,2021,0.2282,-1.4775328415541618
IDN,TLS,2022,0.2259,-1.4876628555081794
IDN,TLS,2023,0.229,-1.4740332754278973
IDN,TLS,2024,0.2359,-1.4443472925685077
IDN,TLS,2025,0.2363,-1.4426530947892748
IDN,TWN,2010,0.4739,-0.7467589500085945
IDN,TWN,2011,0.4725,-0.7497175320483397
IDN,TWN,2012,0.4459,-0.8076605673487061
IDN,TWN,2013,0.4327,-0.837710631751298
IDN,TWN,2014,0.4364,-0.8291960250232213
IDN,TWN,2015,0.4272,-0.8505029913361519
IDN,TWN,2016,0.4057,-0.9021413087697355
IDN,TWN,2017,0.4037,-0.907083251123242
IDN,TWN,2018,0.4673,-0.7607838292757566
IDN,TWN,2019,0.4651,-0.7655028427520857
IDN,TWN,2020,0.4957,-0.7017843739556089
IDN,TWN,2021,0.4031,-0.908570608859017
IDN,TWN,2022,0.3931,-0.9336912465543225
IDN,TWN,2023,0.5134,-0.6667000105450971
IDN,TWN,2024,0.4288,-0.8467646692255448
IDN,TWN,2025,0.4337,-0.8354022281408165
IDN,USA,2010,0.4584,-0.7800131135816073
IDN,USA,2011,0.465,-0.7657178733947807
IDN,USA,2012,0.4497,-0.7991745852054754
IDN,USA,2013,0.4278,-0.8490994823338318
IDN,USA,2014,0.4259,-0.8535507020529692
IDN,USA,2015,0.4235,-0.859201764890028
IDN,USA,2016,0.4112,-0.8886755648411817
IDN,USA,2017,0.4039,-0.9065879564127699
IDN,USA,2018,0.4622,-0.7717575811418567
IDN,USA,2019,0.4565,-0.7841665789471138
IDN,USA,2020,0.4865,-0.7205183773560774
IDN,USA,2021,0.3949,-0.9291227106895333
IDN,USA,2022,0.4034,-0.9078266534620257
IDN,USA,2023,0.511,-0.6713856887784326
IDN,USA,2024,0.4272,-0.8505029913361519
IDN,USA,2025,0.4362,-0.8296544252146084
IDN,VNM,2010,0.4113,-0.8884324037457586
IDN,VNM,2011,0.4363,-0.829425198852573
IDN,VNM,2012,0.4057,-0.9021413087697355
IDN,VNM,2013,0.4043,-0.9055981023354119
IDN,VNM,2014,0.3953,-0.9281103086794973
IDN,VNM,2015,0.3996,-0.9172912322077386
IDN,VNM,2016,0.3916,-0.9375143683257817
IDN,VNM,2017,0.385,-0.9545119446943529
IDN,VNM,2018,0.4483,-0.8022926278207433
IDN,VNM,2019,0.4432,-0.813734143549063
IDN,VNM,2020,0.4647,-0.7663632428912044
IDN,VNM,2021,0.3812,-0.96443110720209
IDN,VNM,2022,0.3724,-0.987786733579225
IDN,VNM,2023,0.4976,-0.6979587375571674
IDN,VNM,2024,0.4129,-0.8845498460900926
IDN,VNM,2025,0.4262,-0.8528465593176202
KHM,ARE,2010,0.1928,-1.6461018968056917
KHM,ARE,2011,0.2067,-1.5764868122944145
KHM,ARE,2012,0.2035,-1.5920892740994874
KHM,ARE,2013,0.2048,-1.5857213858167842
KHM,ARE,2014,0.2042,-1.5886553732515718
KHM,ARE,2015,0.2179,-1.5237190370315628
KHM,ARE,2016,0.2326,-1.458435038897573
KHM,ARE,2017,0.23,-1.4696759700589417
KHM,ARE,2018,0.2214,-1.5077842587076005
KHM,ARE,2019,0.2269,-1.483245887196341
KHM,ARE,2020,0.2268,-1.48368670712854
KHM,ARE,2021,0.2318,-1.4618803480764857
KHM,ARE,2022,0.2254,-1.4898786773764612
KHM,ARE,2023,0.2266,-1.4845689303882312
KHM,ARE,2024,0.2371,-1.4392732859107773
KHM,ARE,2025,0.2412,-1.4221288141291066
KHM,AUS,2010,0.1875,-1.6739764335716716
KHM,AUS,2011,0.201,-1.6044503709230613
KHM,AUS,2012,0.195,-1.6347557204183902
KHM,AUS,2013,0.198,-1.6194882482876019
KHM,AUS,2014,0.2026,-1.596521687167554
KHM,AUS,2015,0.2138,-1.5427142803911922
KHM,AUS,2016,0.2257,-1.488548595158647
KHM,AUS,2017,0.2248,-1.4925441609626011
KHM,AUS,2018,0.2155,-1.5347943694383346
KHM,AUS,2019,0.2207,-1.5109509657194462
KHM,AUS,2020,0.2163,-1.531088946023124
KHM,AUS,2021,0.2254,-1.4898786773764612
KHM,AUS,2022,0.2192,-1.5177707239082765
KHM,AUS,2023,0.2222,-1.5041774017766074
KHM,AUS,2024,0.2293,-1.4727240891182782
KHM,AUS,2025,0.231,-1.4653375684603434
KHM,BRN,2010,0.1624,-1.8176928512545596
KHM,BRN,2011,0.1697,-1.7737231067419565
KHM,BRN,2012,0.1598,-1.8338322456499627
KHM,BRN,2013,0.1656,-1.7981800370309777
KHM,BRN,2014,0.1662,-1.7945633965607892
KHM,BRN,2015,0.1719,-1.7608423665933335
KHM,BRN,2016,0.1861,-1.6814711153339321
KHM,BRN,2017,0.1889,-1.666537504474673
KHM,BRN,2018,0.1742,-1.7475512145637346
KHM,BRN,2019,0.1854,-1.6852396258503821
KHM,BRN,2020,0.191,-1.6554818509355071
KHM,BRN,2021,0.1813,-1.7076021612213317
KHM,BRN,2022,0.1881,-1.6707815426751524
KHM,BRN,2023,0.194,-1.6398971199188088
KHM,BRN,2024,0.1975,-1.6220166946409604
KHM,BRN,2025,0.1846,-1.6895639569133853
KHM,CAN,2010,0.1872,-1.6755777149386453
KHM,CAN,2011,0.2031,-1.594056810395798
KHM,CAN,2012,0.1993,-1.612944051763388
KHM,CAN,2013,0.2009,-1.6049480071612483
KHM,CAN,2014,0.2033,-1.593072558347836
KHM,CAN,2015,0.2154,-1.5352585142598487
KHM,CAN,2016,0.227,-1.4828052615007343
KHM,CAN,2017,0.2264,-1.4854519326531093
KHM,CAN,2018,0.2182,-1.5223432055831665
KHM,CAN,2019,0.2237,-1.4974494104860532
KHM,CAN,2020,0.2227,-1.5019297047188152
KHM,CAN,2021,0.2261,-1.4867778996982128
KHM,CAN,2022,0.2195,-1.516403046466911
KHM,CAN,2023,0.2203,-1.5127650251738396
KHM,CAN,2024,0.2306,-1.4670706711471784
KHM,CAN,2025,0.235,-1.448169764837978
KHM,CHN,2010,0.1987,-1.615959129424366
KHM,CHN,2011,0.2805,-1.271181554019386
KHM,CHN,2012,0.2769,-1.284098848805221
KHM,CHN,2013,0.2793,-1.275468806031006
KHM,CHN,2014,0.2845,-1.2570220254157516
KHM,CHN,2015,0.3024,-1.1960046346767592
KHM,CHN,2016,0.312,-1.1647520911726548
KHM,CHN,2017,0.3086,-1.1757093390530766
KHM,CHN,2018,0.2969,-1.214359897212423
KHM,CHN,2019,0.3028,-1.1946827574188432
KHM,CHN,2020,0.3029,-1.1943525609489454
KHM,CHN,2021,0.3091,-1.1740904298440664
KHM,CHN,2022,0.3035,-1.192373668482584
KHM,CHN,2023,0.3076,-1.1789550413506482
KHM,CHN,2024,0.3166,-1.1501161315352253
KHM,CHN,2025,0.3192,-1.1419374134064835
KHM,DEU,2010,0.1989,-1.6149530931222105
KHM,DEU,2011,0.2111,-1.555423324127862
KHM,DEU,2012,0.2073,-1.5735882595404032
KHM,DEU,2013,0.2116,-1.5530575789979928
KHM,DEU,2014,0.2165,-1.5301647315395925
KHM,DEU,2015,0.2302,-1.468806782694355
KHM,DEU,2016,0.2416,-1.420471812921477
KHM,DEU,2017,0.2398,-1.4279500363887232
KHM,DEU,2018,0.2293,-1.4727240891182782
KHM,DEU,2019,0.233,-1.4567168254164364
KHM,DEU,2020,0.2305,-1.4675044165454338
KHM,DEU,2021,0.2358,-1.4447712908788664
KHM,DEU,2022,0.2305,-1.4675044165454338
KHM,DEU,2023,0.231,-1.4653375684603434
KHM,DEU,2024,0.2407,-1.4242039341931108
KHM,DEU,2025,0.2414,-1.421299970318706
KHM,FRA,2010,0.1985,-1.616966178854892
KHM,FRA,2011,0.2144,-1.53991184978549
KHM,FRA,2012,0.2101,-1.5601716711311824
KHM,FRA,2013,0.2135,-1.5441184463134578
KHM,FRA,2014,0.2159,-1.5329399414613754
KHM,FRA,2015,0.2323,-1.4597256392057736
KHM,FRA,2016,0.2413,-1.421714306351151
KHM,FRA,2017,0.2397,-1.4283671375417983
KHM,FRA,2018,0.2288,-1.4749070194764942
KHM,FRA,2019,0.2351,-1.4477443234361131
KHM,FRA,2020,0.2332,-1.4558588245057997
KHM,FRA,2021,0.2367,-1.4409617624621989
KHM,FRA,2022,0.2292,-1.4731602941415527
KHM,FRA,2023,0.2303,-1.4683724721554976
KHM,FRA,2024,0.2412,-1.4221288141291066
KHM,FRA,2025,0.2473,-1.3971531044547665
KHM,GBR,2010,0.2015,-1.6019658975953994
KHM,GBR,2011,0.2165,-1.5301647315395925
KHM,GBR,2012,0.2111,-1.555423324127862
KHM,GBR,2013,0.2135,-1.5441184463134578
KHM,GBR,2014,0.2162,-1.5315513737770292
KHM,GBR,2015,0.2316,-1.462743533283297
KHM,GBR,2016,0.244,-1.410587053688935
KHM,GBR,2017,0.242,-1.4188175528254507
KHM,GBR,2018,0.2326,-1.458435038897573
KHM,GBR,2019,0.2394,-1.4296194858582643
KHM,GBR,2020,0.2379,-1.435904861673225
KHM,GBR,2021,0.2427,-1.4159291662495814
KHM,GBR,2022,0.2327,-1.458005208673891
KHM,GBR,2023,0.2375,-1.4375876555074412
KHM,GBR,2024,0.2461,-1.4020173215851268
KHM,GBR,2025,0.2494,-1.388697245736201
KHM,HKG,2010,0.2627,-1.336742582290643
KHM,HKG,2011,0.2785,-1.2783372196147982
KHM,HKG,2012,0.275,-1.2909841813155656
KHM,HKG,2013,0.2772,-1.283016011666389
KHM,HKG,2014,0.2817,-1.2669126040998102
KHM,HKG,2015,0.2984,-1.2093204106525313
KHM,HKG,2016,0.3037,-1.1917149069304338
KHM,HKG,2017,0.2992,-1.2066430328818147
KHM,HKG,2018,0.2884,-1.243406873571343
KHM,HKG,2019,0.2924,-1.2296325511065136
KHM,HKG,2020,0.2935,-1.225877639713986
KHM,HKG,2021,0.2988,-1.2079808257234748
KHM,HKG,2022,0.2931,-1.2272414312652902
KHM,HKG,2023,0.2948,-1.2214581186669555
KHM,HKG,2024,0.3056,-1.1854782216897717
KHM,HKG,2025,0.3049,-1.1877714249879279
KHM,IDN,2010,0.1859,-1.6825463842547386
KHM,IDN,2011,0.1984,-1.6174700841313647
KHM,IDN,2012,0.1936,-1.6419611041396605
KHM,IDN,2013,0.1932,-1.6440293572037195
KHM,IDN,2014,0.2598,-1.347843174745638
KHM,IDN,2015,0.2711,-1.3052675224775172
KHM,IDN,2016,0.2143,-1.5403783765026058
KHM,IDN,2017,0.215,-1.5371172508544744
KHM,IDN,2018,0.2084,-1.5682959691029252
KHM,IDN,2019,0.2131,-1.5459937398775656
KHM,IDN,2020,0.2132,-1.5455245866904477
KHM,IDN,2021,0.2143,-1.5403783765026058
KHM,IDN,2022,0.2097,-1.5620773410742628
KHM,IDN,2023,0.2186,-1.5205117032396989
KHM,IDN,2024,0.2271,-1.4823648298706242
KHM,IDN,2025,0.2297,-1.4709811692870844
KHM,IND,2010,0.1922,-1.6492187824459448
KHM,IND,2011,0.2054,-1.5827959814876793
KHM,IND,2012,0.2013,-1.6029589463363911
KHM,IND,2013,0.2013,-1.6029589463363911
KHM,IND,2014,0.2032,-1.5935645632778104
KHM,IND,2015,0.219,-1.5186835491656363
KHM,IND,2016,0.2334,-1.4550015591296814
KHM,IND,2017,0.2322,-1.460156209718346
KHM,IND,2018,0.2196,-1.5159475693467614
KHM,IND,2019,0.2236,-1.497896537701193
KHM,IND,2020,0.2246,-1.4934342366777942
KHM,IND,2021,0.2288,-1.4749070194764942
KHM,IND,2022,0.2242,-1.4952167683440776
KHM,IND,2023,0.2288,-1.4749070194764942
KHM,IND,2024,0.2397,-1.4283671375417983
KHM,IND,2025,0.2464,-1.4007990473227723
KHM,ITA,2010,0.1982,-1.6184786570862495
KHM,ITA,2011,0.2124,-1.5492839896143533
KHM,ITA,2012,0.2092,-1.5644645467913691
KHM,ITA,2013,0.2118,-1.552112845814831
KHM,ITA,2014,0.2159,-1.5329399414613754
KHM,ITA,2015,0.2315,-1.4631754054558483
KHM,ITA,2016,0.2406,-1.4246194754415584
KHM,ITA,2017,0.2395,-1.429201862131167
KHM,ITA,2018,0.2299,-1.4701108472130011
KHM,ITA,2019,0.2356,-1.4456198272047054
KHM,ITA,2020,0.2321,-1.4605869657017456
KHM,ITA,2021,0.2302,-1.468806782694355
KHM,ITA,2022,0.2277,-1.479726305912443
KHM,ITA,2023,0.2303,-1.4683724721554976
KHM,ITA,2024,0.2411,-1.4225434937950117
KHM,ITA,2025,0.2441,-1.4101773015832226
KHM,JPN,2010,0.1936,-1.6419611041396605
KHM,JPN,2011,0.2721,-1.3015856331929365
KHM,JPN,2012,0.2042,-1.5886553732515718
KHM,JPN,2013,0.2076,-1.5721421276904035
KHM,JPN,2014,0.2112,-1.5549497271500305
KHM,JPN,2015,0.2911,-1.2340884282305595
KHM,JPN,2016,0.2993,-1.2063088641234838
KHM,JPN,2017,0.2985,-1.2089853461494804
KHM,JPN,2018,0.2855,-1.2535132498860722
KHM,JPN,2019,0.2892,-1.2406367886975274
KHM,JPN,2020,0.2905,-1.2361517026901712
KHM,JPN,2021,0.294,-1.2241755116434554
KHM,JPN,2022,0.2866,-1.2496677635880655
KHM,JPN,2023,0.2883,-1.2437536743377806
KHM,JPN,2024,0.3013,-1.1996488328458814
KHM,JPN,2025,0.3056,-1.1854782216897717
KHM,KOR,2010,0.1953,-1.6332184410995039
KHM,KOR,2011,0.2132,-1.5455245866904477
KHM,KOR,2012,0.2097,-1.5620773410742628
KHM,KOR,2013,0.2121,-1.5506974174115002
KHM,KOR,2014,0.2158,-1.5334032261581028
KHM,KOR,2015,0.2977,-1.2116690109604062
KHM,KOR,2016,0.3066,-1.1822113125444234
KHM,KOR,2017,0.3039,-1.1910565790593897
KHM,KOR,2018,0.2933,-1.2265593029987316
KHM,KOR,2019,0.3001,-1.2036395265358157
KHM,KOR,2020,0.3009,-1.2009772953461375
KHM,KOR,2021,0.3047,-1.1884275929904735
KHM,KOR,2022,0.2993,-1.2063088641234838
KHM,KOR,2023,0.3045,-1.1890841918321853
KHM,KOR,2024,0.3132,-1.160913314865489
KHM,KOR,2025,0.3149,-1.1555001508751581
KHM,MMR,2010,0.1589,-1.8394802054394668
KHM,MMR,2011,0.1561,-1.8572584514607506
KHM,MMR,2012,0.1633,-1.8121662790057176
KHM,MMR,2013,0.1622,-1.8189251373008244
KHM,MMR,2014,0.1628,-1.8152328254136971
KHM,MMR,2015,0.2492,-1.389499492068839
KHM,MMR,2016,0.2012,-1.603455840756553
KHM,MMR,2017,0.1994,-1.612442421454399
KHM,MMR,2018,0.1981,-1.6189833252776318
KHM,MMR,2019,0.1933,-1.6435118927678518
KHM,MMR,2020,0.2028,-1.5955350072651089
KHM,MMR,2021,0.2055,-1.5823092450458478
KHM,MMR,2022,0.1928,-1.6461018968056917
KHM,MMR,2023,0.2623,-1.3382663921093092
KHM,MMR,2024,0.2737,-1.2957226629355036
KHM,MMR,2025,0.2675,-1.3186357126460757
KHM,MYS,2010,0.2606,-1.3447686142913924
KHM,MYS,2011,0.2755,-1.2891676503891678
KHM,MYS,2012,0.2761,-1.2869921600460283
KHM,MYS,2013,0.2793,-1.275468806031006
KHM,MYS,2014,0.2834,-1.2608959517255571
KHM,MYS,2015,0.2997,-1.2049733046595195
KHM,MYS,2016,0.3082,-1.1770063560961217
KHM,MYS,2017,0.3026,-1.1953434776278815
KHM,MYS,2018,0.2927,-1.2286070852842967
KHM,MYS,2019,0.2978,-1.2113331587322285
KHM,MYS,2020,0.2981,-1.2103262782981115
KHM,MYS,2021,0.3034,-1.1927032120677052
KHM,MYS,2022,0.2975,-1.2123410539964528
KHM,MYS,2023,0.3013,-1.1996488328458814
KHM,MYS,2024,0.3106,-1.1692493682675504
KHM,MYS,2025,0.3119,-1.1650726553683795
KHM,NLD,2010,0.1994,-1.612442421454399
KHM,NLD,2011,0.2144,-1.53991184978549
KHM,NLD,2012,0.2083,-1.5687759307152107
KHM,NLD,2013,0.211,-1.5558971455060706
KHM,NLD,2014,0.213,-1.546463113272712
KHM,NLD,2015,0.2254,-1.4898786773764612
KHM,NLD,2016,0.2387,-1.4325477456373528
KHM,NLD,2017,0.2376,-1.4371666914936472
KHM,NLD,2018,0.2315,-1.4631754054558483
KHM,NLD,2019,0.2378,-1.4363252947254554
KHM,NLD,2020,0.236,-1.443923473956527
KHM,NLD,2021,0.241,-1.422958345491482
KHM,NLD,2022,0.2357,-1.4451954690400517
KHM,NLD,2023,0.2385,-1.4333859686537411
KHM,NLD,2024,0.2468,-1.3991769869509043
KHM,NLD,2025,0.2485,-1.3923124334454537
KHM,PHL,2010,0.1789,-1.7209282884674635
KHM,PHL,2011,0.1912,-1.6544352783648362
KHM,PHL,2012,0.2541,-1.3700273886560186
KHM,PHL,2013,0.2584,-1.35324650707369
KHM,PHL,2014,0.2624,-1.337885221912203
KHM,PHL,2015,0.2692,-1.3123006812115643
KHM,PHL,2016,0.2803,-1.2718948208113945
KHM,PHL,2017,0.2821,-1.2654936609741865
KHM,PHL,2018,0.2074,-1.57310598318671
KHM,PHL,2019,0.2131,-1.5459937398775656
KHM,PHL,2020,0.2738,-1.2953573661277886
KHM,PHL,2021,0.277,-1.2837377727947985
KHM,PHL,2022,0.2724,-1.3004837047067799
KHM,PHL,2023,0.2761,-1.2869921600460283
KHM,PHL,2024,0.2864,-1.2503658438956466
KHM,PHL,2025,0.2884,-1.243406873571343
KHM,SGP,2010,0.2623,-1.3382663921093092
KHM,SGP,2011,0.278,-1.2801341652915
KHM,SGP,2012,0.2756,-1.2888047398426334
KHM,SGP,2013,0.2782,-1.2794149994927946
KHM,SGP,2014,0.2823,-1.2647849437226935
KHM,SGP,2015,0.2994,-1.205974806996609
KHM,SGP,2016,0.3085,-1.1760334356366946
KHM,SGP,2017,0.3052,-1.186787979571835
KHM,SGP,2018,0.2952,-1.2201021862558195
KHM,SGP,2019,0.3015,-1.198985262814897
KHM,SGP,2020,0.3009,-1.2009772953461375
KHM,SGP,2021,0.3068,-1.181559209489036
KHM,SGP,2022,0.3003,-1.2029733039928525
KHM,SGP,2023,0.3048,-1.1880994551696458
KHM,SGP,2024,0.3135,-1.1599559189091617
KHM,SGP,2025,0.3162,-1.1513803542067655
KHM,THA,2010,0.2504,-1.3846956397561936
KHM,THA,2011,0.2602,-1.3463047129037322
KHM,THA,2012,0.2579,-1.3551833660948378
KHM,THA,2013,0.2602,-1.3463047129037322
KHM,THA,2014,0.2647,-1.3291581697490815
KHM,THA,2015,0.275,-1.2909841813155656
KHM,THA,2016,0.292,-1.2310014767138553
KHM,THA,2017,0.2888,-1.2420208719634658
KHM,THA,2018,0.2795,-1.274752986386983
KHM,THA,2019,0.2849,-1.2556170374782745
KHM,THA,2020,0.2831,-1.261955086864283
KHM,THA,2021,0.2889,-1.2416746715099476
KHM,THA,2022,0.2821,-1.2654936609741865
KHM,THA,2023,0.2831,-1.261955086864283
KHM,THA,2024,0.2931,-1.2272414312652902
KHM,THA,2025,0.2986,-1.2086503938770472
KHM,TLS,2010,0.1435,-1.9414202437824613
KHM,TLS,2011,0.1484,-1.907843948248857
KHM,TLS,2012,0.1484,-1.907843948248857
KHM,TLS,2013,0.1738,-1.7498500661508454
KHM,TLS,2014,0.1739,-1.7492748576218997
KHM,TLS,2015,0.1738,-1.7498500661508454
KHM,TLS,2016,0.1538,-1.8721022219105936
KHM,TLS,2017,0.1534,-1.874706390048981
KHM,TLS,2018,0.1524,-1.8812466357295912
KHM,TLS,2019,0.1524,-1.8812466357295912
KHM,TLS,2020,0.1529,-1.8779711660471203
KHM,TLS,2021,0.1568,-1.8527841710658297
KHM,TLS,2022,0.1542,-1.869504817852908
KHM,TLS,2023,0.1546,-1.8669141428288156
KHM,TLS,2024,0.159,-1.8388510767619055
KHM,TLS,2025,0.1594,-1.8363385126260225
KHM,TWN,2010,0.2594,-1.3493840070997936
KHM,TWN,2011,0.273,-1.2982834837971773
KHM,TWN,2012,0.2717,-1.303056762549835
KHM,TWN,2013,0.2727,-1.2993829891305941
KHM,TWN,2014,0.2769,-1.284098848805221
KHM,TWN,2015,0.2911,-1.2340884282305595
KHM,TWN,2016,0.3004,-1.2026403590921573
KHM,TWN,2017,0.2981,-1.2103262782981115
KHM,TWN,2018,0.2888,-1.2420208719634658
KHM,TWN,2019,0.2947,-1.221797389238488
KHM,TWN,2020,0.2955,-1.2190864421359842
KHM,TWN,2021,0.3018,-1.1979907326483885
KHM,TWN,2022,0.2938,-1.2248560152423602
KHM,TWN,2023,0.2955,-1.2190864421359842
KHM,TWN,2024,0.3048,-1.1880994551696458
KHM,TWN,2025,0.306,-1.1841701770297564
KHM,USA,2010,0.2015,-1.6019658975953994
KHM,USA,2011,0.2175,-1.5255564284533982
KHM,USA,2012,0.2137,-1.5431821166570352
KHM,USA,2013,0.2172,-1.5269366909223567
KHM,USA,2014,0.2253,-1.4903224315439383
KHM,USA,2015,0.2385,-1.4333859686537411
KHM,USA,2016,0.2467,-1.399582255446826
KHM,USA,2017,0.2453,-1.4052733277176934
KHM,USA,2018,0.2342,-1.4515798278185201
KHM,USA,2019,0.2414,-1.421299970318706
KHM,USA,2020,0.2398,-1.4279500363887232
KHM,USA,2021,0.2454,-1.404865746705326
KHM,USA,2022,0.239,-1.4312917270506265
KHM,USA,2023,0.2414,-1.421299970318706
KHM,USA,2024,0.2498,-1.3870946812906597
KHM,USA,2025,0.2519,-1.3787230956235725
KHM,VNM,2010,0.2467,-1.399582255446826
KHM,VNM,2011,0.2627,-1.336742582290643
KHM,VNM,2012,0.257,-1.3586791940869172
KHM,VNM,2013,0.2611,-1.342851803277054
KHM,VNM,2014,0.2628,-1.3363619923716816
KHM,VNM,2015,0.2782,-1.2794149994927946
KHM,VNM,2016,0.2924,-1.2296325511065136
KHM,VNM,2017,0.2873,-1.247228312996893
KHM,VNM,2018,0.2787,-1.2776193444942345
KHM,VNM,2019,0.2845,-1.2570220254157516
KHM,VNM,2020,0.2816,-1.2672676546982498
KHM,VNM,2021,0.2879,-1.2451420813640068
KHM,VNM,2022,0.2826,-1.2637228087317098
KHM,VNM,2023,0.2875,-1.246532418744732
KHM,VNM,2024,0.2978,-1.2113331587322285
KHM,VNM,2025,0.3044,-1.1894126529946063
MMR,ARE,2010,0.1796,-1.7170231231140378
MMR,ARE,2011,0.173,-1.7544636844843582
MMR,ARE,2012,0.1968,-1.625567294363984
MMR,ARE,2013,0.21,-1.5606477482646683
MMR,ARE,2014,0.2075,-1.5726239393113841
MMR,ARE,2015,0.2279,-1.4788483427304986
MMR,ARE,2016,0.2453,-1.4052733277176934
MMR,ARE,2017,0.24,-1.4271163556401458
MMR,ARE,2018,0.2454,-1.404865746705326
MMR,ARE,2019,0.2183,-1.5218850154262389
MMR,ARE,2020,0.2339,-1.4528616053920038
MMR,ARE,2021,0.2324,-1.4592952540043809
MMR,ARE,2022,0.2172,-1.5269366909223567
MMR,ARE,2023,0.2266,-1.4845689303882312
MMR,ARE,2024,0.2397,-1.4283671375417983
MMR,ARE,2025,0.235,-1.448169764837978
MMR,AUS,2010,0.1759,-1.7378396272386245
MMR,AUS,2011,0.1696,-1.7743125556243344
MMR,AUS,2012,0.1901,-1.6602050294877537
MMR,AUS,2013,0.2052,-1.5837701656855225
MMR,AUS,2014,0.2039,-1.5901256014017275
MMR,AUS,2015,0.2226,-1.5023788401406926
MMR,AUS,2016,0.2365,-1.4418070710501494
MMR,AUS,2017,0.2344,-1.4507262212792795
MMR,AUS,2018,0.2387,-1.4325477456373528
MMR,AUS,2019,0.2139,-1.542246662893777
MMR,AUS,2020,0.2241,-1.4956628981752558
MMR,AUS,2021,0.2271,-1.4823648298706242
MMR,AUS,2022,0.211,-1.5558971455060706
MMR,AUS,2023,0.2241,-1.4956628981752558
MMR,AUS,2024,0.2312,-1.4644721421839146
MMR,AUS,2025,0.2225,-1.502828177375842
MMR,BRN,2010,0.1602,-1.8313322443478781
MMR,BRN,2011,0.155,-1.8643301620628905
MMR,BRN,2012,0.1641,-1.8072792808860918
MMR,BRN,2013,0.167,-1.7897614665653818
MMR,BRN,2014,0.167,-1.7897614665653818
MMR,BRN,2015,0.1815,-1.7064996252772315
MMR,BRN,2016,0.1826,-1.7004573108212688
MMR,BRN,2017,0.1833,-1.6966311241364778
MMR,BRN,2018,0.176,-1.7372712839439852
MMR,BRN,2019,0.1806,-1.711470637999252
MMR,BRN,2020,0.2583,-1.3536335788803424
MMR,BRN,2021,0.2493,-1.3890982884526248
MMR,BRN,2022,0.2557,-1.3637503966849962
MMR,BRN,2023,0.255,-1.3664917338237108
MMR,BRN,2024,0.2619,-1.3397925274684708
MMR,BRN,2025,0.1815,-1.7064996252772315
MMR,CAN,2010,0.1757,-1.7389772837890856
MMR,CAN,2011,0.1708,-1.7672619976276676
MMR,CAN,2012,0.1916,-1.652345413445377
MMR,CAN,2013,0.2072,-1.5740707685968092
MMR,CAN,2014,0.2056,-1.5818227454011269
MMR,CAN,2015,0.2257,-1.488548595158647
MMR,CAN,2016,0.2397,-1.4283671375417983
MMR,CAN,2017,0.2362,-1.443076375218875
MMR,CAN,2018,0.2436,-1.412227743146395
MMR,CAN,2019,0.2169,-1.5283188611493084
MMR,CAN,2020,0.2311,-1.464904761701802
MMR,CAN,2021,0.2261,-1.4867778996982128
MMR,CAN,2022,0.2114,-1.5540032055459998
MMR,CAN,2023,0.2222,-1.5041774017766074
MMR,CAN,2024,0.2308,-1.4662037443481926
MMR,CAN,2025,0.2248,-1.4925441609626011
MMR,CHN,2010,0.1838,-1.6939070690605504
MMR,CHN,2011,0.1786,-1.7226066105397384
MMR,CHN,2012,0.2021,-1.5989926545725617
MMR,CHN,2013,0.2155,-1.5347943694383346
MMR,CHN,2014,0.2159,-1.5329399414613754
MMR,CHN,2015,0.3071,-1.1805818515353603
MMR,CHN,2016,0.3228,-1.1307223425863433
MMR,CHN,2017,0.3216,-1.1344467416773258
MMR,CHN,2018,0.3263,-1.1199380753828623
MMR,CHN,2019,0.298,-1.2106617924767327
MMR,CHN,2020,0.317,-1.1488535051048565
MMR,CHN,2021,0.3164,-1.150748043088638
MMR,CHN,2022,0.2991,-1.2069773133462347
MMR,CHN,2023,0.3133,-1.160594081023991
MMR,CHN,2024,0.3239,-1.1273204528048533
MMR,CHN,2025,0.3135,-1.1599559189091617
MMR,DEU,2010,0.1839,-1.6933631473718616
MMR,DEU,2011,0.1769,-1.7321706778163974
MMR,DEU,2012,0.2013,-1.6029589463363911
MMR,DEU,2013,0.2148,-1.5380479163474274
MMR,DEU,2014,0.2131,-1.5459937398775656
MMR,DEU,2015,0.2372,-1.4388516118585666
MMR,DEU,2016,0.2543,-1.369240606554063
MMR,DEU,2017,0.2526,-1.3759480690657464
MMR,DEU,2018,0.2584,-1.35324650707369
MMR,DEU,2019,0.2262,-1.4863357153001169
MMR,DEU,2020,0.24,-1.4271163556401458
MMR,DEU,2021,0.2368,-1.4405393759722864
MMR,DEU,2022,0.2223,-1.5037274580119862
MMR,DEU,2023,0.231,-1.4653375684603434
MMR,DEU,2024,0.2417,-1.4200579912726998
MMR,DEU,2025,0.2335,-1.454573201873185
MMR,FRA,2010,0.185,-1.6873994539038122
MMR,FRA,2011,0.1789,-1.7209282884674635
MMR,FRA,2012,0.2016,-1.6014697427849236
MMR,FRA,2013,0.2174,-1.5260163042950279
MMR,FRA,2014,0.2152,-1.5361874506945077
MMR,FRA,2015,0.2423,-1.417578651159657
MMR,FRA,2016,0.254,-1.3704210119636004
MMR,FRA,2017,0.2508,-1.3830994702233714
MMR,FRA,2018,0.2562,-1.3617968895195032
MMR,FRA,2019,0.2264,-1.4854519326531093
MMR,FRA,2020,0.2414,-1.421299970318706
MMR,FRA,2021,0.238,-1.4354846053106625
MMR,FRA,2022,0.223,-1.5005835075220182
MMR,FRA,2023,0.2322,-1.460156209718346
MMR,FRA,2024,0.2445,-1.4085399700672103
MMR,FRA,2025,0.2376,-1.4371666914936472
MMR,GBR,2010,0.1871,-1.6761120457020933
MMR,GBR,2011,0.1802,-1.7136879338078994
MMR,GBR,2012,0.2024,-1.5975093415688266
MMR,GBR,2013,0.2174,-1.5260163042950279
MMR,GBR,2014,0.2154,-1.5352585142598487
MMR,GBR,2015,0.2418,-1.4196443408014447
MMR,GBR,2016,0.2567,-1.3598471911050425
MMR,GBR,2017,0.2533,-1.3731807219745074
MMR,GBR,2018,0.2603,-1.3459204669816174
MMR,GBR,2019,0.2307,-1.4666371138024292
MMR,GBR,2020,0.2466,-1.3999876882518931
MMR,GBR,2021,0.2443,-1.4093583007184423
MMR,GBR,2022,0.2284,-1.4766568012002819
MMR,GBR,2023,0.2394,-1.4296194858582643
MMR,GBR,2024,0.2478,-1.395133309787095
MMR,GBR,2025,0.2418,-1.4196443408014447
MMR,HKG,2010,0.1833,-1.6966311241364778
MMR,HKG,2011,0.1773,-1.7299120659019749
MMR,HKG,2012,0.2006,-1.606442403454302
MMR,HKG,2013,0.214,-1.5417792639602856
MMR,HKG,2014,0.2122,-1.5502260528022542
MMR,HKG,2015,0.3036,-1.1920442334606622
MMR,HKG,2016,0.3146,-1.1564532883579597
MMR,HKG,2017,0.3114,-1.1666770195822391
MMR,HKG,2018,0.3166,-1.1501161315352253
MMR,HKG,2019,0.2856,-1.2531630485167076
MMR,HKG,2020,0.3062,-1.1835167957585535
MMR,HKG,2021,0.3051,-1.1871156872595132
MMR,HKG,2022,0.2887,-1.2423671923132475
MMR,HKG,2023,0.2376,-1.4371666914936472
MMR,HKG,2024,0.312,-1.1647520911726548
MMR,HKG,2025,0.2357,-1.4451954690400517
MMR,IDN,2010,0.1747,-1.7446850618421261
MMR,IDN,2011,0.1679,-1.7843867148986419
MMR,IDN,2012,0.2504,-1.3846956397561936
MMR,IDN,2013,0.1967,-1.6260755535871236
MMR,IDN,2014,0.1957,-1.6311724045801064
MMR,IDN,2015,0.2128,-1.5474025215146479
MMR,IDN,2016,0.2213,-1.5082360319251331
MMR,IDN,2017,0.2846,-1.256670593326385
MMR,IDN,2018,0.2971,-1.2136864965135752
MMR,IDN,2019,0.2711,-1.3052675224775172
MMR,IDN,2020,0.2848,-1.2559680994443163
MMR,IDN,2021,0.2779,-1.2804939422336792
MMR,IDN,2022,0.2015,-1.6019658975953994
MMR,IDN,2023,0.2853,-1.2542140207626828
MMR,IDN,2024,0.2914,-1.2330583852210326
MMR,IDN,2025,0.2858,-1.2524630134863701
MMR,IND,2010,0.244,-1.410587053688935
MMR,IND,2011,0.237,-1.439695137847006
MMR,IND,2012,0.2613,-1.3420861064555702
MMR,IND,2013,0.2736,-1.2960880932337415
MMR,IND,2014,0.2734,-1.296819354692288
MMR,IND,2015,0.2919,-1.231344001122068
MMR,IND,2016,0.309,-1.1744140020843916
MMR,IND,2017,0.3071,-1.1805818515353603
MMR,IND,2018,0.2434,-1.4130490984287103
MMR,IND,2019,0.2169,-1.5283188611493084
MMR,IND,2020,0.2352,-1.4473190629576653
MMR,IND,2021,0.2331,-1.4562877329404256
MMR,IND,2022,0.2198,-1.5150372370126162
MMR,IND,2023,0.2345,-1.450299691095803
MMR,IND,2024,0.2443,-1.4093583007184423
MMR,IND,2025,0.3032,-1.1933626252139204
MMR,ITA,2010,0.1834,-1.6960857191597725
MMR,ITA,2011,0.1765,-1.7344344026087857
MMR,ITA,2012,0.2013,-1.6029589463363911
MMR,ITA,2013,0.2149,-1.5375824753336722
MMR,ITA,2014,0.2127,-1.5478725567759455
MMR,ITA,2015,0.2384,-1.4338053437909424
MMR,ITA,2016,0.2533,-1.3731807219745074
MMR,ITA,2017,0.2523,-1.3771364233351249
MMR,ITA,2018,0.259,-1.3509272172825992
MMR,ITA,2019,0.2288,-1.4749070194764942
MMR,ITA,2020,0.2418,-1.4196443408014447
MMR,ITA,2021,0.233,-1.4567168254164364
MMR,ITA,2022,0.2252,-1.4907663827166018
MMR,ITA,2023,0.2378,-1.4363252947254554
MMR,ITA,2024,0.2443,-1.4093583007184423
MMR,ITA,2025,0.2363,-1.4426530947892748
MMR,JPN,2010,0.1802,-1.7136879338078994
MMR,JPN,2011,0.1734,-1.7521542146356957
MMR,JPN,2012,0.1958,-1.630661548885727
MMR,JPN,2013,0.2106,-1.557794679282262
MMR,JPN,2014,0.2083,-1.5687759307152107
MMR,JPN,2015,0.234,-1.4524341636244356
MMR,JPN,2016,0.3101,-1.1708604528757338
MMR,JPN,2017,0.3087,-1.1753853474740235
MMR,JPN,2018,0.3113,-1.1669982015345746
MMR,JPN,2019,0.2158,-1.5334032261581028
MMR,JPN,2020,0.2343,-1.451152933468387
MMR,JPN,2021,0.2312,-1.4644721421839146
MMR,JPN,2022,0.2118,-1.552112845814831
MMR,JPN,2023,0.2254,-1.4898786773764612
MMR,JPN,2024,0.3073,-1.179930809845698
MMR,JPN,2025,0.2992,-1.2066430328818147
MMR,KHM,2010,0.1589,-1.8394802054394668
MMR,KHM,2011,0.1561,-1.8572584514607506
MMR,KHM,2012,0.1633,-1.8121662790057176
MMR,KHM,2013,0.1622,-1.8189251373008244
MMR,KHM,2014,0.1628,-1.8152328254136971
MMR,KHM,2015,0.2492,-1.389499492068839
MMR,KHM,2016,0.2012,-1.603455840756553
MMR,KHM,2017,0.1994,-1.612442421454399
MMR,KHM,2018,0.1981,-1.6189833252776318
MMR,KHM,2019,0.1933,-1.6435118927678518
MMR,KHM,2020,0.2028,-1.5955350072651089
MMR,KHM,2021,0.2055,-1.5823092450458478
MMR,KHM,2022,0.1928,-1.6461018968056917
MMR,KHM,2023,0.2623,-1.3382663921093092
MMR,KHM,2024,0.2737,-1.2957226629355036
MMR,KHM,2025,0.2675,-1.3186357126460757
MMR,KOR,2010,0.1814,-1.7070507413011007
MMR,KOR,2011,0.177,-1.731605546408308
MMR,KOR,2012,0.2002,-1.608438412101017
MMR,KOR,2013,0.2138,-1.5427142803911922
MMR,KOR,2014,0.2114,-1.5540032055459998
MMR,KOR,2015,0.303,-1.194022473472768
MMR,KOR,2016,0.3175,-1.1472774606493907
MMR,KOR,2017,0.3146,-1.1564532883579597
MMR,KOR,2018,0.3222,-1.132582808239263
MMR,KOR,2019,0.2304,-1.4679383501604009
MMR,KOR,2020,0.3109,-1.168283961917429
MMR,KOR,2021,0.243,-1.4146938356415886
MMR,KOR,2022,0.2264,-1.4854519326531093
MMR,KOR,2023,0.3102,-1.1705380282396987
MMR,KOR,2024,0.3202,-1.1388094784195228
MMR,KOR,2025,0.309,-1.1744140020843916
MMR,MYS,2010,0.2465,-1.4003932854993923
MMR,MYS,2011,0.2403,-1.4258671362397137
MMR,MYS,2012,0.2663,-1.3231317861622505
MMR,MYS,2013,0.2803,-1.2718948208113945
MMR,MYS,2014,0.28,-1.2729656758128873
MMR,MYS,2015,0.3048,-1.1880994551696458
MMR,MYS,2016,0.319,-1.1425641761972924
MMR,MYS,2017,0.3151,-1.1548652302189082
MMR,MYS,2018,0.3215,-1.1347577353044629
MMR,MYS,2019,0.2929,-1.2279240251484493
MMR,MYS,2020,0.3115,-1.1663559407546291
MMR,MYS,2021,0.3102,-1.1705380282396987
MMR,MYS,2022,0.2931,-1.2272414312652902
MMR,MYS,2023,0.307,-1.18090753139494
MMR,MYS,2024,0.3174,-1.1475924708898284
MMR,MYS,2025,0.3058,-1.1848239854871752
MMR,NLD,2010,0.1856,-1.6841614586300369
MMR,NLD,2011,0.1789,-1.7209282884674635
MMR,NLD,2012,0.2002,-1.608438412101017
MMR,NLD,2013,0.2157,-1.5338667255870264
MMR,NLD,2014,0.2133,-1.5450556535048323
MMR,NLD,2015,0.2363,-1.4426530947892748
MMR,NLD,2016,0.2514,-1.38070998282599
MMR,NLD,2017,0.2485,-1.3923124334454537
MMR,NLD,2018,0.259,-1.3509272172825992
MMR,NLD,2019,0.2291,-1.4735966895226873
MMR,NLD,2020,0.2443,-1.4093583007184423
MMR,NLD,2021,0.2425,-1.4167535686045991
MMR,NLD,2022,0.2275,-1.480605040591132
MMR,NLD,2023,0.2404,-1.4254510763210846
MMR,NLD,2024,0.2484,-1.3927149289228133
MMR,NLD,2025,0.2409,-1.4233733693613113
MMR,PHL,2010,0.1679,-1.7843867148986419
MMR,PHL,2011,0.1617,-1.8220125123990758
MMR,PHL,2012,0.1803,-1.7131331487728656
MMR,PHL,2013,0.197,-1.6245515502441485
MMR,PHL,2014,0.1974,-1.6225231519827559
MMR,PHL,2015,0.2129,-1.5469327070827033
MMR,PHL,2016,0.2264,-1.4854519326531093
MMR,PHL,2017,0.2261,-1.4867778996982128
MMR,PHL,2018,0.2311,-1.464904761701802
MMR,PHL,2019,0.2063,-1.5784238589049309
MMR,PHL,2020,0.28,-1.2729656758128873
MMR,PHL,2021,0.2756,-1.2888047398426334
MMR,PHL,2022,0.2643,-1.3306704573718937
MMR,PHL,2023,0.278,-1.2801341652915
MMR,PHL,2024,0.2874,-1.2468803053372126
MMR,PHL,2025,0.2794,-1.2751108321592757
MMR,SGP,2010,0.2477,-1.3955369424868231
MMR,SGP,2011,0.2418,-1.4196443408014447
MMR,SGP,2012,0.2658,-1.325011132702992
MMR,SGP,2013,0.2795,-1.274752986386983
MMR,SGP,2014,0.2792,-1.2758269080939195
MMR,SGP,2015,0.3045,-1.1890841918321853
MMR,SGP,2016,0.3194,-1.141311043201225
MMR,SGP,2017,0.3179,-1.14601841106538
MMR,SGP,2018,0.3245,-1.1254697428379923
MMR,SGP,2019,0.2966,-1.2153708492783055
MMR,SGP,2020,0.3146,-1.1564532883579597
MMR,SGP,2021,0.3138,-1.1589994386832048
MMR,SGP,2022,0.2959,-1.2177337195759732
MMR,SGP,2023,0.3105,-1.1695713776086036
MMR,SGP,2024,0.3206,-1.1375610388066846
MMR,SGP,2025,0.3103,-1.1702157075278026
MMR,THA,2010,0.1745,-1.7458305373396552
MMR,THA,2011,0.1662,-1.7945633965607892
MMR,THA,2012,0.1871,-1.6761120457020933
MMR,THA,2013,0.202,-1.5994875815809322
MMR,THA,2014,0.2008,-1.6054458911645628
MMR,THA,2015,0.2197,-1.5154922995915725
MMR,THA,2016,0.3028,-1.1946827574188432
MMR,THA,2017,0.2981,-1.2103262782981115
MMR,THA,2018,0.3044,-1.1894126529946063
MMR,THA,2019,0.28,-1.2729656758128873
MMR,THA,2020,0.2924,-1.2296325511065136
MMR,THA,2021,0.2923,-1.2299746068649369
MMR,THA,2022,0.2111,-1.555423324127862
MMR,THA,2023,0.2221,-1.5046275480817553
MMR,THA,2024,0.2338,-1.4532892299441689
MMR,THA,2025,0.2901,-1.2375295878547787
MMR,TLS,2010,0.1414,-1.9561625255196646
MMR,TLS,2011,0.1451,-1.9303321190919949
MMR,TLS,2012,0.1485,-1.9071703207393829
MMR,TLS,2013,0.1576,-1.8476951015583583
MMR,TLS,2014,0.155,-1.8643301620628905
MMR,TLS,2015,0.1644,-1.8054527963600575
MMR,TLS,2016,0.1538,-1.8721022219105936
MMR,TLS,2017,0.1561,-1.8572584514607506
MMR,TLS,2018,0.1557,-1.8598242001421843
MMR,TLS,2019,0.1543,-1.868856519613022
MMR,TLS,2020,0.1561,-1.8572584514607506
MMR,TLS,2021,0.1596,-1.8350845939664286
MMR,TLS,2022,0.1542,-1.869504817852908
MMR,TLS,2023,0.1565,-1.854699269001929
MMR,TLS,2024,0.1619,-1.8207764182985477
MMR,TLS,2025,0.1618,-1.8213942743577458
MMR,TWN,2010,0.1809,-1.7098108865808876
MMR,TWN,2011,0.174,-1.7486999797676082
MMR,TWN,2012,0.198,-1.6194882482876019
MMR,TWN,2013,0.2108,-1.55684546231493
MMR,TWN,2014,0.2109,-1.556371191497408
MMR,TWN,2015,0.234,-1.4524341636244356
MMR,TWN,2016,0.2465,-1.4003932854993923
MMR,TWN,2017,0.2454,-1.404865746705326
MMR,TWN,2018,0.2522,-1.377532855451318
MMR,TWN,2019,0.225,-1.491654876777717
MMR,TWN,2020,0.3085,-1.1760334356366946
MMR,TWN,2021,0.3084,-1.1763576372929625
MMR,TWN,2022,0.2894,-1.2399454647847536
MMR,TWN,2023,0.2383,-1.4342248948774405
MMR,TWN,2024,0.2484,-1.3927149289228133
MMR,TWN,2025,0.2369,-1.4401171678173972
MMR,USA,2010,0.1858,-1.683084452602399
MMR,USA,2011,0.1796,-1.7170231231140378
MMR,USA,2012,0.2049,-1.585233223737283
MMR,USA,2013,0.2188,-1.519597208434311
MMR,USA,2014,0.2177,-1.5246373107416353
MMR,USA,2015,0.2445,-1.4085399700672103
MMR,USA,2016,0.2594,-1.3493840070997936
MMR,USA,2017,0.2586,-1.35247281264438
MMR,USA,2018,0.2621,-1.3390291686527764
MMR,USA,2019,0.2347,-1.4494471761251593
MMR,USA,2020,0.2506,-1.3838972365201692
MMR,USA,2021,0.2492,-1.389499492068839
MMR,USA,2022,0.2309,-1.4657705626216875
MMR,USA,2023,0.2433,-1.4134600291926602
MMR,USA,2024,0.2535,-1.3723914559508992
MMR,USA,2025,0.2443,-1.4093583007184423
MMR,VNM,2010,0.1719,-1.7608423665933335
MMR,VNM,2011,0.1677,-1.785578610152974
MMR,VNM,2012,0.1845,-1.6901058155015551
MMR,VNM,2013,0.2008,-1.6054458911645628
MMR,VNM,2014,0.1977,-1.621004548805566
MMR,VNM,2015,0.284,-1.258781040820931
MMR,VNM,2016,0.3014,-1.199316992789742
MMR,VNM,2017,0.2985,-1.2089853461494804
MMR,VNM,2018,0.3034,-1.1927032120677052
MMR,VNM,2019,0.2777,-1.2812138846693832
MMR,VNM,2020,0.2927,-1.2286070852842967
MMR,VNM,2021,0.2932,-1.2269003089696406
MMR,VNM,2022,0.2763,-1.2862680470527663
MMR,VNM,2023,0.2912,-1.2337449626596062
MMR,VNM,2024,0.3016,-1.198653642848336
MMR,VNM,2025,0.298,-1.2106617924767327
MYS,ARE,2010,0.5949,-0.5193619547882771
MYS,ARE,2011,0.6089,-0.49610122836760867
MYS,ARE,2012,0.6128,-0.48971666055575547
MYS,ARE,2013,0.6248,-0.4703236804566608
MYS,ARE,2014,0.6082,-0.49725150373887284
MYS,ARE,2015,0.5988,-0.5128276264366638
MYS,ARE,2016,0.6294,-0.46298829435183064
MYS,ARE,2017,0.6113,-0.49216744194745743
MYS,ARE,2018,0.6367,-0.45145669195915733
MYS,ARE,2019,0.621,-0.4764241970486583
MYS,ARE,2020,0.6302,-0.46171804965896285
MYS,ARE,2021,0.6438,-0.4403671601174292
MYS,ARE,2022,0.6418,-0.4434785503063805
MYS,ARE,2023,0.6585,-0.41779075779880137
MYS,ARE,2024,0.6846,-0.37892055288605214
MYS,ARE,2025,0.6882,-0.373675785618757
MYS,AUS,2010,0.4461,-0.8072121368479179
MYS,AUS,2011,0.4625,-0.7711087220296571
MYS,AUS,2012,0.4647,-0.7663632428912044
MYS,AUS,2013,0.4745,-0.7454936609321545
MYS,AUS,2014,0.4791,-0.7358459350930605
MYS,AUS,2015,0.4753,-0.7438090953621733
MYS,AUS,2016,0.4775,-0.7391911190613522
MYS,AUS,2017,0.4774,-0.7394005650774074
MYS,AUS,2018,0.4591,-0.7784872277269607
MYS,AUS,2019,0.4638,-0.7683018541607058
MYS,AUS,2020,0.4525,-0.7929675158421562
MYS,AUS,2021,0.4661,-0.7633550756034417
MYS,AUS,2022,0.4576,-0.7817598389165489
MYS,AUS,2023,0.4752,-0.7440195109337019
MYS,AUS,2024,0.4676,-0.7601420493842237
MYS,AUS,2025,0.4695,-0.7560869803338195
MYS,BRN,2010,0.2608,-1.3440014489296392
MYS,BRN,2011,0.2718,-1.3026887772650937
MYS,BRN,2012,0.2569,-1.359068374866299
MYS,BRN,2013,0.2612,-1.342468881579861
MYS,BRN,2014,0.2609,-1.3436180868394543
MYS,BRN,2015,0.2693,-1.3119292791645838
MYS,BRN,2016,0.2723,-1.3008508793024232
MYS,BRN,2017,0.274,-1.2946271725940668
MYS,BRN,2018,0.2634,-1.3340814896729563
MYS,BRN,2019,0.2792,-1.2758269080939195
MYS,BRN,2020,0.2841,-1.2584289901219947
MYS,BRN,2021,0.2727,-1.2993829891305941
MYS,BRN,2022,0.2799,-1.2733228824607292
MYS,BRN,2023,0.2836,-1.2601904843241645
MYS,BRN,2024,0.2889,-1.2416746715099476
MYS,BRN,2025,0.2701,-1.3089630181835672
MYS,CAN,2010,0.489,-0.715392789507265
MYS,CAN,2011,0.5046,-0.6839892427751796
MYS,CAN,2012,0.5231,-0.6479826286055717
MYS,CAN,2013,0.5256,-0.6432148118117363
MYS,CAN,2014,0.5646,-0.5716377631627482
MYS,CAN,2015,0.5399,-0.6163713417578957
MYS,CAN,2016,0.5304,-0.6341238401104843
MYS,CAN,2017,0.5244,-0.6455005270925923
MYS,CAN,2018,0.5328,-0.6296091597559575
MYS,CAN,2019,0.5221,-0.6498961385656303
MYS,CAN,2020,0.529,-0.6367668471238376
MYS,CAN,2021,0.5183,-0.6572010537864762
MYS,CAN,2022,0.5263,-0.6418838866224038
MYS,CAN,2023,0.5207,-0.6525812188132836
MYS,CAN,2024,0.5202,-0.6535419259675859
MYS,CAN,2025,0.5318,-0.6314878001732175
MYS,CHN,2010,0.6721,-0.3973481400062168
MYS,CHN,2011,0.7171,-0.3325399780936079
MYS,CHN,2012,0.7457,-0.29343190443238787
MYS,CHN,2013,0.7577,-0.2774677500448093
MYS,CHN,2014,0.7756,-0.2541183556136404
MYS,CHN,2015,0.7691,-0.2625342789191289
MYS,CHN,2016,0.7596,-0.27496330004400615
MYS,CHN,2017,0.7237,-0.32337833711005504
MYS,CHN,2018,0.7518,-0.2852849478520594
MYS,CHN,2019,0.7375,-0.3044891907681621
MYS,CHN,2020,0.7552,-0.2807726641508461
MYS,CHN,2021,0.7506,-0.28688239228121654
MYS,CHN,2022,0.7415,-0.2990801174041502
MYS,CHN,2023,0.7433,-0.29665554725088933
MYS,CHN,2024,0.757,-0.2783920255446883
MYS,CHN,2025,0.7561,-0.27958163641791284
MYS,DEU,2010,0.5744,-0.5544292612481226
MYS,DEU,2011,0.5933,-0.5220551057175394
MYS,DEU,2012,0.6246,-0.4706438341331588
MYS,DEU,2013,0.6501,-0.430629081771714
MYS,DEU,2014,0.6635,-0.4102264252098749
MYS,DEU,2015,0.6652,-0.40766753166336445
MYS,DEU,2016,0.6723,-0.39705060950714605
MYS,DEU,2017,0.6462,-0.43664622559173916
MYS,DEU,2018,0.6625,-0.4117347211217598
MYS,DEU,2019,0.6406,-0.4453500418070794
MYS,DEU,2020,0.6519,-0.42786410305164335
MYS,DEU,2021,0.6438,-0.4403671601174292
MYS,DEU,2022,0.6457,-0.43742027934971567
MYS,DEU,2023,0.6333,-0.4568110354597525
MYS,DEU,2024,0.6492,-0.4320144433417009
MYS,DEU,2025,0.6376,-0.45004415150613186
MYS,FRA,2010,0.5818,-0.5416285329210359
MYS,FRA,2011,0.6073,-0.4987323760786075
MYS,FRA,2012,0.6198,-0.4783584336284892
MYS,FRA,2013,0.6684,-0.4028684822608984
MYS,FRA,2014,0.6567,-0.42052798578521017
MYS,FRA,2015,0.6593,-0.4165766128628831
MYS,FRA,2016,0.6609,-0.41415273650572987
MYS,FRA,2017,0.6547,-0.4235781635350914
MYS,FRA,2018,0.6647,-0.40841946793460093
MYS,FRA,2019,0.6541,-0.42449503401496996
MYS,FRA,2020,0.6489,-0.4324766573550142
MYS,FRA,2021,0.6572,-0.419766892819024
MYS,FRA,2022,0.6471,-0.43525443691891663
MYS,FRA,2023,0.6356,-0.45318584431957604
MYS,FRA,2024,0.6606,-0.4146067660254478
MYS,FRA,2025,0.6588,-0.4173352806786517
MYS,GBR,2010,0.5939,-0.5210443239603225
MYS,GBR,2011,0.6177,-0.48175237628028356
MYS,GBR,2012,0.6261,-0.4682451762308723
MYS,GBR,2013,0.6609,-0.41415273650572987
MYS,GBR,2014,0.6556,-0.4222044321124625
MYS,GBR,2015,0.6748,-0.3933389283103239
MYS,GBR,2016,0.6759,-0.39171014287582867
MYS,GBR,2017,0.6513,-0.4287849134297812
MYS,GBR,2018,0.6722,-0.39719936369113173
MYS,GBR,2019,0.6628,-0.41128199342972926
MYS,GBR,2020,0.674,-0.39452516806982996
MYS,GBR,2021,0.6664,-0.4058651881295041
MYS,GBR,2022,0.6619,-0.4126407918572599
MYS,GBR,2023,0.6584,-0.41794262961927703
MYS,GBR,2024,0.6713,-0.3985391480374312
MYS,GBR,2025,0.6649,-0.4081186255737277
MYS,HKG,2010,0.6621,-0.4123386770513366
MYS,HKG,2011,0.7032,-0.35211393261116974
MYS,HKG,2012,0.7284,-0.3169049311286841
MYS,HKG,2013,0.7337,-0.30965505326218845
MYS,HKG,2014,0.7443,-0.2953110996162721
MYS,HKG,2015,0.7302,-0.3144368097606006
MYS,HKG,2016,0.7037,-0.35140315000963385
MYS,HKG,2017,0.6636,-0.4100757206658477
MYS,HKG,2018,0.6794,-0.3865452232556535
MYS,HKG,2019,0.6477,-0.43432765279326563
MYS,HKG,2020,0.6842,-0.3795050064386327
MYS,HKG,2021,0.6754,-0.3924501710306697
MYS,HKG,2022,0.6419,-0.4433227506644045
MYS,HKG,2023,0.6418,-0.4434785503063805
MYS,HKG,2024,0.6786,-0.3877234266320073
MYS,HKG,2025,0.6448,-0.43881508778971845
MYS,IDN,2010,0.4809,-0.7320959306985201
MYS,IDN,2011,0.4857,-0.7221641296304379
MYS,IDN,2012,0.4621,-0.7719739611059163
MYS,IDN,2013,0.4427,-0.8148629392440417
MYS,IDN,2014,0.4411,-0.818483671871243
MYS,IDN,2015,0.4307,-0.8423434869220721
MYS,IDN,2016,0.4157,-0.8777914327235452
MYS,IDN,2017,0.4118,-0.8872174843884479
MYS,IDN,2018,0.4778,-0.7385630440904278
MYS,IDN,2019,0.4719,-0.7509881802497953
MYS,IDN,2020,0.4959,-0.7013809854870489
MYS,IDN,2021,0.4052,-0.9033745066076088
MYS,IDN,2022,0.3981,-0.9210520489758656
MYS,IDN,2023,0.5253,-0.6437857510222212
MYS,IDN,2024,0.4386,-0.8241674429983492
MYS,IDN,2025,0.4436,-0.8128320235059251
MYS,IND,2010,0.5608,-0.5783909432617568
MYS,IND,2011,0.5585,-0.5825006604728816
MYS,IND,2012,0.5845,-0.5369984980700139
MYS,IND,2013,0.5813,-0.5424883042748321
MYS,IND,2014,0.5792,-0.5461074379106303
MYS,IND,2015,0.579,-0.5464528014091419
MYS,IND,2016,0.5945,-0.5200345628513005
MYS,IND,2017,0.5925,-0.5234044059728508
MYS,IND,2018,0.5892,-0.5289895943936619
MYS,IND,2019,0.5736,-0.5558229896967265
MYS,IND,2020,0.5735,-0.5559973424127117
MYS,IND,2021,0.5846,-0.5368274263049915
MYS,IND,2022,0.5891,-0.5291593304544955
MYS,IND,2023,0.6001,-0.5106589709866699
MYS,IND,2024,0.6228,-0.47352983902229373
MYS,IND,2025,0.7019,-0.3539643352457613
MYS,ITA,2010,0.5594,-0.5808904982142777
MYS,ITA,2011,0.5973,-0.5153357792438766
MYS,ITA,2012,0.6194,-0.4790040114430347
MYS,ITA,2013,0.6383,-0.44894688672012545
MYS,ITA,2014,0.6266,-0.46744690046404563
MYS,ITA,2015,0.6294,-0.46298829435183064
MYS,ITA,2016,0.635,-0.4541302800894454
MYS,ITA,2017,0.6146,-0.4867836292857527
MYS,ITA,2018,0.6405,-0.4455061576453482
MYS,ITA,2019,0.6241,-0.4714446670421398
MYS,ITA,2020,0.63,-0.4620354595965587
MYS,ITA,2021,0.6476,-0.43448205717865707
MYS,ITA,2022,0.6558,-0.4218994145715891
MYS,ITA,2023,0.6504,-0.43016772074853626
MYS,ITA,2024,0.6649,-0.4081186255737277
MYS,ITA,2025,0.6556,-0.4222044321124625
MYS,JPN,2010,0.5927,-0.5230669101883446
MYS,JPN,2011,0.6147,-0.48662093506917325
MYS,JPN,2012,0.6412,-0.4444138582467392
MYS,JPN,2013,0.6196,-0.47868117043942343
MYS,JPN,2014,0.6135,-0.48857501483117083
MYS,JPN,2015,0.6379,-0.44957374773422737
MYS,JPN,2016,0.6463,-0.4364914867132873
MYS,JPN,2017,0.6232,-0.4728877844255986
MYS,JPN,2018,0.5939,-0.5210443239603225
MYS,JPN,2019,0.5932,-0.5222236687183601
MYS,JPN,2020,0.6062,-0.5005453143584343
MYS,JPN,2021,0.6301,-0.46187674203412726
MYS,JPN,2022,0.5334,-0.6284836672342232
MYS,JPN,2023,0.5419,-0.6126737964100685
MYS,JPN,2024,0.5794,-0.5457621936468869
MYS,JPN,2025,0.6047,-0.5030228117029698
MYS,KHM,2010,0.2606,-1.3447686142913924
MYS,KHM,2011,0.2755,-1.2891676503891678
MYS,KHM,2012,0.2761,-1.2869921600460283
MYS,KHM,2013,0.2793,-1.275468806031006
MYS,KHM,2014,0.2834,-1.2608959517255571
MYS,KHM,2015,0.2997,-1.2049733046595195
MYS,KHM,2016,0.3082,-1.1770063560961217
MYS,KHM,2017,0.3026,-1.1953434776278815
MYS,KHM,2018,0.2927,-1.2286070852842967
MYS,KHM,2019,0.2978,-1.2113331587322285
MYS,KHM,2020,0.2981,-1.2103262782981115
MYS,KHM,2021,0.3034,-1.1927032120677052
MYS,KHM,2022,0.2975,-1.2123410539964528
MYS,KHM,2023,0.3013,-1.1996488328458814
MYS,KHM,2024,0.3106,-1.1692493682675504
MYS,KHM,2025,0.3119,-1.1650726553683795
MYS,KOR,2010,0.6098,-0.49462424442798264
MYS,KOR,2011,0.679,-0.3871341514234409
MYS,KOR,2012,0.7134,-0.33771300605734583
MYS,KOR,2013,0.7196,-0.329059776905759
MYS,KOR,2014,0.7312,-0.31306825884219686
MYS,KOR,2015,0.7171,-0.3325399780936079
MYS,KOR,2016,0.72,-0.3285040669720361
MYS,KOR,2017,0.6834,-0.3806749393009456
MYS,KOR,2018,0.7129,-0.3384141208585543
MYS,KOR,2019,0.7089,-0.3440408061211652
MYS,KOR,2020,0.7326,-0.311155428637423
MYS,KOR,2021,0.7121,-0.33953692799405805
MYS,KOR,2022,0.7019,-0.3539643352457613
MYS,KOR,2023,0.7144,-0.3363122494198477
MYS,KOR,2024,0.7276,-0.3180038323381698
MYS,KOR,2025,0.7226,-0.3248994602685972
MYS,MMR,2010,0.2465,-1.4003932854993923
MYS,MMR,2011,0.2403,-1.4258671362397137
MYS,MMR,2012,0.2663,-1.3231317861622505
MYS,MMR,2013,0.2803,-1.2718948208113945
MYS,MMR,2014,0.28,-1.2729656758128873
MYS,MMR,2015,0.3048,-1.1880994551696458
MYS,MMR,2016,0.319,-1.1425641761972924
MYS,MMR,2017,0.3151,-1.1548652302189082
MYS,MMR,2018,0.3215,-1.1347577353044629
MYS,MMR,2019,0.2929,-1.2279240251484493
MYS,MMR,2020,0.3115,-1.1663559407546291
MYS,MMR,2021,0.3102,-1.1705380282396987
MYS,MMR,2022,0.2931,-1.2272414312652902
MYS,MMR,2023,0.307,-1.18090753139494
MYS,MMR,2024,0.3174,-1.1475924708898284
MYS,MMR,2025,0.3058,-1.1848239854871752
MYS,NLD,2010,0.581,-0.5430045221302259
MYS,NLD,2011,0.6073,-0.4987323760786075
MYS,NLD,2012,0.6261,-0.4682451762308723
MYS,NLD,2013,0.6507,-0.42970657248119876
MYS,NLD,2014,0.6587,-0.4174870833354899
MYS,NLD,2015,0.6437,-0.4405224999235668
MYS,NLD,2016,0.6547,-0.4235781635350914
MYS,NLD,2017,0.6341,-0.4555486082761511
MYS,NLD,2018,0.6652,-0.40766753166336445
MYS,NLD,2019,0.6544,-0.4240364936935998
MYS,NLD,2020,0.6668,-0.4052651281054982
MYS,NLD,2021,0.6579,-0.41870233489018477
MYS,NLD,2022,0.6596,-0.41612168829669327
MYS,NLD,2023,0.6561,-0.4214420626313052
MYS,NLD,2024,0.6663,-0.4060152594136456
MYS,NLD,2025,0.6608,-0.41430405677536863
MYS,PHL,2010,0.3637,-1.0114259269891936
MYS,PHL,2011,0.3841,-0.9568523436302779
MYS,PHL,2012,0.3721,-0.9885926436295602
MYS,PHL,2013,0.3943,-0.9306432380985556
MYS,PHL,2014,0.4003,-0.9155410129836091
MYS,PHL,2015,0.3683,-0.9988574555311174
MYS,PHL,2016,0.3912,-0.9385363408214749
MYS,PHL,2017,0.3913,-0.9382807497657704
MYS,PHL,2018,0.4074,-0.8979597751894316
MYS,PHL,2019,0.4068,-0.8994336148077322
MYS,PHL,2020,0.3754,-0.9797631548297285
MYS,PHL,2021,0.3564,-1.0317015833854828
MYS,PHL,2022,0.3628,-1.0139035607411555
MYS,PHL,2023,0.3994,-0.9177918580004223
MYS,PHL,2024,0.4141,-0.8816477884306154
MYS,PHL,2025,0.4134,-0.8833396317344692
MYS,SGP,2010,0.7106,-0.34164559539521033
MYS,SGP,2011,0.7308,-0.31361545447828537
MYS,SGP,2012,0.7505,-0.2870156279086205
MYS,SGP,2013,0.7814,-0.24666809636116685
MYS,SGP,2014,0.7905,-0.23508962233261038
MYS,SGP,2015,0.7765,-0.25295863639339533
MYS,SGP,2016,0.7738,-0.2564418367157244
MYS,SGP,2017,0.7516,-0.28555101144282674
MYS,SGP,2018,0.7945,-0.2300422930053664
MYS,SGP,2019,0.7705,-0.26071562422196665
MYS,SGP,2020,0.7793,-0.2493591981326218
MYS,SGP,2021,0.7892,-0.23673550483367675
MYS,SGP,2022,0.7673,-0.26487741979851753
MYS,SGP,2023,0.7694,-0.26214428866394235
MYS,SGP,2024,0.7769,-0.2524436370257619
MYS,SGP,2025,0.7567,-0.2787884052816611
MYS,THA,2010,0.5097,-0.6739329616361409
MYS,THA,2011,0.4846,-0.7244314705997117
MYS,THA,2012,0.486,-0.7215466550816433
MYS,THA,2013,0.4935,-0.7062324201086008
MYS,THA,2014,0.5044,-0.6843856748913726
MYS,THA,2015,0.5141,-0.665337479920678
MYS,THA,2016,0.5288,-0.6371449904446604
MYS,THA,2017,0.5162,-0.6612609916976235
MYS,THA,2018,0.5147,-0.6641710723234281
MYS,THA,2019,0.5409,-0.6145208601047557
MYS,THA,2020,0.5339,-0.6275467234759964
MYS,THA,2021,0.5846,-0.5368274263049915
MYS,THA,2022,0.6078,-0.4979093984994443
MYS,THA,2023,0.6094,-0.4952804124305283
MYS,THA,2024,0.6285,-0.464419250951835
MYS,THA,2025,0.5759,-0.5518212444695104
MYS,TLS,2010,0.1656,-1.7981800370309777
MYS,TLS,2011,0.1697,-1.7737231067419565
MYS,TLS,2012,0.1712,-1.7649228152744953
MYS,TLS,2013,0.2119,-1.5516408137078836
MYS,TLS,2014,0.2154,-1.5352585142598487
MYS,TLS,2015,0.2032,-1.5935645632778104
MYS,TLS,2016,0.1742,-1.7475512145637346
MYS,TLS,2017,0.1729,-1.7550418862928923
MYS,TLS,2018,0.1737,-1.7504256057350778
MYS,TLS,2019,0.173,-1.7544636844843582
MYS,TLS,2020,0.1729,-1.7550418862928923
MYS,TLS,2021,0.1768,-1.7327361287785938
MYS,TLS,2022,0.1738,-1.7498500661508454
MYS,TLS,2023,0.1736,-1.7510014767558872
MYS,TLS,2024,0.1824,-1.701553201341906
MYS,TLS,2025,0.182,-1.7037485919053417
MYS,TWN,2010,0.601,-0.5091603444469295
MYS,TWN,2011,0.5829,-0.539739633930633
MYS,TWN,2012,0.6107,-0.49314943875304795
MYS,TWN,2013,0.6083,-0.4970870976554775
MYS,TWN,2014,0.6143,-0.48727187081225537
MYS,TWN,2015,0.6362,-0.45224229966709334
MYS,TWN,2016,0.6232,-0.4728877844255986
MYS,TWN,2017,0.5935,-0.5217180649324142
MYS,TWN,2018,0.6175,-0.4820762104800047
MYS,TWN,2019,0.6546,-0.423730916915057
MYS,TWN,2020,0.662,-0.4124897230451288
MYS,TWN,2021,0.6874,-0.3748389145664035
MYS,TWN,2022,0.6665,-0.4057151393633737
MYS,TWN,2023,0.6683,-0.4030181044651126
MYS,TWN,2024,0.6773,-0.38964097276127907
MYS,TWN,2025,0.6613,-0.4135476843015204
MYS,USA,2010,0.5768,-0.5502596930113978
MYS,USA,2011,0.5882,-0.5306882528622425
MYS,USA,2012,0.6114,-0.4920038695254028
MYS,USA,2013,0.654,-0.4246479275249383
MYS,USA,2014,0.6651,-0.40781787369176153
MYS,USA,2015,0.6575,-0.4193105149302175
MYS,USA,2016,0.6746,-0.39363535635458724
MYS,USA,2017,0.6379,-0.44957374773422737
MYS,USA,2018,0.6243,-0.47112425691443865
MYS,USA,2019,0.6456,-0.43757516202639807
MYS,USA,2020,0.6371,-0.45082864985969456
MYS,USA,2021,0.681,-0.3841929728326246
MYS,USA,2022,0.6638,-0.4097743796962629
MYS,USA,2023,0.6209,-0.47658524061128993
MYS,USA,2024,0.6353,-0.45365795070964954
MYS,USA,2025,0.6093,-0.49544452172768844
MYS,VNM,2010,0.4501,-0.79828549868325
MYS,VNM,2011,0.527,-0.6405547304407747
MYS,VNM,2012,0.5213,-0.6514295872080769
MYS,VNM,2013,0.516,-0.6616485135005743
MYS,VNM,2014,0.5017,-0.6897529474919297
MYS,VNM,2015,0.5211,-0.6518133170669681
MYS,VNM,2016,0.5931,-0.5223922601374562
MYS,VNM,2017,0.5643,-0.5721692540070427
MYS,VNM,2018,0.5729,-0.557044097567605
MYS,VNM,2019,0.5865,-0.5335826108886068
MYS,VNM,2020,0.5541,-0.590410103108833
MYS,VNM,2021,0.6213,-0.47594122191248894
MYS,VNM,2022,0.5967,-0.5163408044541008
MYS,VNM,2023,0.609,-0.49593701127224005
MYS,VNM,2024,0.6473,-0.43494541343067256
MYS,VNM,2025,0.6795,-0.38639804539093864
PHL,ARE,2010,0.2894,-1.2399454647847536
PHL,ARE,2011,0.3012,-1.1999807830563984
PHL,ARE,2012,0.2862,-1.2510644118597865
PHL,ARE,2013,0.3019,-1.1976594422693438
PHL,ARE,2014,0.305,-1.1874435023747254
PHL,ARE,2015,0.282,-1.2658482080440236
PHL,ARE,2016,0.3056,-1.1854782216897717
PHL,ARE,2017,0.3062,-1.1835167957585535
PHL,ARE,2018,0.3206,-1.1375610388066846
PHL,ARE,2019,0.3202,-1.1388094784195228
PHL,ARE,2020,0.297,-1.2140231401794375
PHL,ARE,2021,0.2763,-1.2862680470527663
PHL,ARE,2022,0.2801,-1.272608596716074
PHL,ARE,2023,0.3159,-1.1523295711740975
PHL,ARE,2024,0.3298,-1.1092688688566386
PHL,ARE,2025,0.3346,-1.0948194904294135
PHL,AUS,2010,0.2759,-1.2877167977588968
PHL,AUS,2011,0.3603,-1.0208182612280894
PHL,AUS,2012,0.3368,-1.0882659966139654
PHL,AUS,2013,0.3618,-1.0166637060209422
PHL,AUS,2014,0.3678,-1.0002159668119164
PHL,AUS,2015,0.2819,-1.2662028808620702
PHL,AUS,2016,0.3685,-0.9983145673527458
PHL,AUS,2017,0.3688,-0.9975007872996983
PHL,AUS,2018,0.3781,-0.9725965680852499
PHL,AUS,2019,0.3757,-0.9789643264022139
PHL,AUS,2020,0.2812,-1.268689119045627
PHL,AUS,2021,0.337,-1.0876723486297752
PHL,AUS,2022,0.3406,-1.0770465107535492
PHL,AUS,2023,0.3635,-1.011975982008563
PHL,AUS,2024,0.3716,-0.9899372720424536
PHL,AUS,2025,0.371,-0.991553216374702
PHL,BRN,2010,0.247,-1.3983669423541598
PHL,BRN,2011,0.2548,-1.3672763552841287
PHL,BRN,2012,0.1786,-1.7226066105397384
PHL,BRN,2013,0.2465,-1.4003932854993923
PHL,BRN,2014,0.2468,-1.3991769869509043
PHL,BRN,2015,0.1886,-1.66812690878278
PHL,BRN,2016,0.2556,-1.3641415564787573
PHL,BRN,2017,0.2602,-1.3463047129037322
PHL,BRN,2018,0.2481,-1.3939233882843818
PHL,BRN,2019,0.1963,-1.6281111776997217
PHL,BRN,2020,0.2623,-1.3382663921093092
PHL,BRN,2021,0.1858,-1.683084452602399
PHL,BRN,2022,0.259,-1.3509272172825992
PHL,BRN,2023,0.2621,-1.3390291686527764
PHL,BRN,2024,0.2671,-1.3201321588662218
PHL,BRN,2025,0.188,-1.6713133161521878
PHL,CAN,2010,0.2696,-1.310815899943985
PHL,CAN,2011,0.2915,-1.23271527319159
PHL,CAN,2012,0.2774,-1.2822947711014059
PHL,CAN,2013,0.291,-1.2344320118106447
PHL,CAN,2014,0.3001,-1.2036395265358157
PHL,CAN,2015,0.2807,-1.2704687956143002
PHL,CAN,2016,0.3018,-1.1979907326483885
PHL,CAN,2017,0.3027,-1.195013062954464
PHL,CAN,2018,0.3192,-1.1419374134064835
PHL,CAN,2019,0.3105,-1.1695713776086036
PHL,CAN,2020,0.2936,-1.2255369822417765
PHL,CAN,2021,0.2715,-1.3037931396081468
PHL,CAN,2022,0.2748,-1.2917117186339429
PHL,CAN,2023,0.2969,-1.214359897212423
PHL,CAN,2024,0.3029,-1.1943525609489454
PHL,CAN,2025,0.3101,-1.1708604528757338
PHL,CHN,2010,0.3671,-1.0021209884793485
PHL,CHN,2011,0.3942,-0.9308968842635172
PHL,CHN,2012,0.3753,-0.9800295728411619
PHL,CHN,2013,0.398,-0.9213032736976993
PHL,CHN,2014,0.4079,-0.8967332326586244
PHL,CHN,2015,0.3754,-0.9797631548297285
PHL,CHN,2016,0.402,-0.9113031903631159
PHL,CHN,2017,0.4097,-0.8923300944293117
PHL,CHN,2018,0.4237,-0.8587296213496235
PHL,CHN,2019,0.4243,-0.8573145267738579
PHL,CHN,2020,0.3873,-0.9485556924614306
PHL,CHN,2021,0.3631,-1.013077000561847
PHL,CHN,2022,0.3702,-0.99371187884274
PHL,CHN,2023,0.407,-0.8989420935395421
PHL,CHN,2024,0.4218,-0.8632240109374628
PHL,CHN,2025,0.4225,-0.8615658321849086
PHL,DEU,2010,0.2933,-1.2265593029987316
PHL,DEU,2011,0.3059,-1.1844970278252793
PHL,DEU,2012,0.2918,-1.2316866428934519
PHL,DEU,2013,0.3125,-1.1631508098056809
PHL,DEU,2014,0.3199,-1.1397468320266646
PHL,DEU,2015,0.2947,-1.221797389238488
PHL,DEU,2016,0.3196,-1.1406850650900175
PHL,DEU,2017,0.321,-1.1363141558521213
PHL,DEU,2018,0.3356,-1.0918353043890858
PHL,DEU,2019,0.3265,-1.1193253302656512
PHL,DEU,2020,0.3037,-1.1917149069304338
PHL,DEU,2021,0.283,-1.2623083813388996
PHL,DEU,2022,0.2882,-1.2441005954167152
PHL,DEU,2023,0.2991,-1.2069773133462347
PHL,DEU,2024,0.3176,-1.1469625496091564
PHL,DEU,2025,0.3186,-1.143818881506189
PHL,FRA,2010,0.2981,-1.2103262782981115
PHL,FRA,2011,0.319,-1.1425641761972924
PHL,FRA,2012,0.3002,-1.2033063597827753
PHL,FRA,2013,0.3251,-1.1236224516722775
PHL,FRA,2014,0.3313,-1.104730969676287
PHL,FRA,2015,0.304,-1.1907275775759154
PHL,FRA,2016,0.3236,-1.1282470937978004
PHL,FRA,2017,0.3275,-1.1162672239068303
PHL,FRA,2018,0.3378,-1.0853012746084374
PHL,FRA,2019,0.3328,-1.1002135700350835
PHL,FRA,2020,0.3059,-1.1844970278252793
PHL,FRA,2021,0.2844,-1.2573735810530513
PHL,FRA,2022,0.2875,-1.246532418744732
PHL,FRA,2023,0.299,-1.2073117055914506
PHL,FRA,2024,0.3186,-1.143818881506189
PHL,FRA,2025,0.3273,-1.1168780974750023
PHL,GBR,2010,0.3036,-1.1920442334606622
PHL,GBR,2011,0.3226,-1.1313421132910286
PHL,GBR,2012,0.3019,-1.1976594422693438
PHL,GBR,2013,0.3213,-1.1353800128603244
PHL,GBR,2014,0.3279,-1.1150465951315345
PHL,GBR,2015,0.3013,-1.1996488328458814
PHL,GBR,2016,0.3254,-1.1227000841971995
PHL,GBR,2017,0.3272,-1.117183674253545
PHL,GBR,2018,0.3447,-1.0650808054593173
PHL,GBR,2019,0.3386,-1.082935809283102
PHL,GBR,2020,0.3115,-1.1663559407546291
PHL,GBR,2021,0.2911,-1.2340884282305595
PHL,GBR,2022,0.2918,-1.2316866428934519
PHL,GBR,2023,0.3073,-1.179930809845698
PHL,GBR,2024,0.3271,-1.117489344437799
PHL,GBR,2025,0.3304,-1.107451237335314
PHL,HKG,2010,0.3715,-0.9902064148243233
PHL,HKG,2011,0.3946,-0.9298826853936221
PHL,HKG,2012,0.376,-0.9781661355922425
PHL,HKG,2013,0.3999,-0.9165407631293644
PHL,HKG,2014,0.4068,-0.8994336148077322
PHL,HKG,2015,0.3703,-0.99344179106257
PHL,HKG,2016,0.3852,-0.9539925990581666
PHL,HKG,2017,0.388,-0.9467499393588635
PHL,HKG,2018,0.4062,-0.9009096298358528
PHL,HKG,2019,0.402,-0.9113031903631159
PHL,HKG,2020,0.375,-0.9808292530117262
PHL,HKG,2021,0.3509,-1.0472539963929677
PHL,HKG,2022,0.3575,-1.0286199168480747
PHL,HKG,2023,0.3919,-0.9367485737765512
PHL,HKG,2024,0.4059,-0.9016484551372851
PHL,HKG,2025,0.4032,-0.9083225622249782
PHL,IDN,2010,0.3376,-1.085893516260335
PHL,IDN,2011,0.356,-1.0328245481301066
PHL,IDN,2012,0.3351,-1.0933262842388722
PHL,IDN,2013,0.3476,-1.0567028855909
PHL,IDN,2014,0.3549,-1.0359192193296862
PHL,IDN,2015,0.3343,-1.0957164855560841
PHL,IDN,2016,0.3381,-1.0844135692682968
PHL,IDN,2017,0.3455,-1.0627626357744124
PHL,IDN,2018,0.368,-0.9996723408132061
PHL,IDN,2019,0.3693,-0.9961459571236195
PHL,IDN,2020,0.3435,-1.068568167319733
PHL,IDN,2021,0.3258,-1.1214715828141923
PHL,IDN,2022,0.329,-1.1116975282167652
PHL,IDN,2023,0.3741,-0.9832321376280366
PHL,IDN,2024,0.3819,-0.9625964847506665
PHL,IDN,2025,0.3861,-0.9516588757119464
PHL,IND,2010,0.2884,-1.243406873571343
PHL,IND,2011,0.301,-1.2006450142332614
PHL,IND,2012,0.2876,-1.2461846531352454
PHL,IND,2013,0.2952,-1.2201021862558195
PHL,IND,2014,0.3032,-1.1933626252139204
PHL,IND,2015,0.2809,-1.2697565448719392
PHL,IND,2016,0.3688,-0.9975007872996983
PHL,IND,2017,0.3734,-0.9851050478745148
PHL,IND,2018,0.3845,-0.9558114900364384
PHL,IND,2019,0.3854,-0.9534735230018709
PHL,IND,2020,0.3571,-1.0297394243817344
PHL,IND,2021,0.2732,-1.297551151285502
PHL,IND,2022,0.2791,-1.2761851384398606
PHL,IND,2023,0.3834,-0.9586764483705928
PHL,IND,2024,0.3974,-0.9228119488644206
PHL,IND,2025,0.4049,-0.9041151559440217
PHL,ITA,2010,0.2958,-1.2180717287054377
PHL,ITA,2011,0.3088,-1.175061460831516
PHL,ITA,2012,0.2993,-1.2063088641234838
PHL,ITA,2013,0.3149,-1.1555001508751581
PHL,ITA,2014,0.3208,-1.1369374029897776
PHL,ITA,2015,0.2983,-1.209655587461434
PHL,ITA,2016,0.3202,-1.1388094784195228
PHL,ITA,2017,0.3243,-1.1260862656688648
PHL,ITA,2018,0.3402,-1.0782215990203756
PHL,ITA,2019,0.3344,-1.0954173977715906
PHL,ITA,2020,0.3058,-1.1848239854871752
PHL,ITA,2021,0.2773,-1.2826553263604048
PHL,ITA,2022,0.2856,-1.2531630485167076
PHL,ITA,2023,0.3009,-1.2009772953461375
PHL,ITA,2024,0.3233,-1.1291745942507496
PHL,ITA,2025,0.3238,-1.1276292377386024
PHL,JPN,2010,0.3595,-1.0230411018210357
PHL,JPN,2011,0.3802,-0.9670578489278083
PHL,JPN,2012,0.364,-1.0106014113453965
PHL,JPN,2013,0.3872,-0.9488139235797152
PHL,JPN,2014,0.3928,-0.9344547025018263
PHL,JPN,2015,0.3672,-1.0018486202358017
PHL,JPN,2016,0.3836,-0.958154935972854
PHL,JPN,2017,0.3888,-0.9446902063958531
PHL,JPN,2018,0.3994,-0.9177918580004223
PHL,JPN,2019,0.3931,-0.9336912465543225
PHL,JPN,2020,0.3637,-1.0114259269891936
PHL,JPN,2021,0.3433,-1.0691505785184907
PHL,JPN,2022,0.3457,-1.062183932054558
PHL,JPN,2023,0.3804,-0.9665319483109017
PHL,JPN,2024,0.4023,-0.9105572000263945
PHL,JPN,2025,0.4055,-0.9026344054266694
PHL,KHM,2010,0.1789,-1.7209282884674635
PHL,KHM,2011,0.1912,-1.6544352783648362
PHL,KHM,2012,0.2541,-1.3700273886560186
PHL,KHM,2013,0.2584,-1.35324650707369
PHL,KHM,2014,0.2624,-1.337885221912203
PHL,KHM,2015,0.2692,-1.3123006812115643
PHL,KHM,2016,0.2803,-1.2718948208113945
PHL,KHM,2017,0.2821,-1.2654936609741865
PHL,KHM,2018,0.2074,-1.57310598318671
PHL,KHM,2019,0.2131,-1.5459937398775656
PHL,KHM,2020,0.2738,-1.2953573661277886
PHL,KHM,2021,0.277,-1.2837377727947985
PHL,KHM,2022,0.2724,-1.3004837047067799
PHL,KHM,2023,0.2761,-1.2869921600460283
PHL,KHM,2024,0.2864,-1.2503658438956466
PHL,KHM,2025,0.2884,-1.243406873571343
PHL,KOR,2010,0.359,-1.0244328904938582
PHL,KOR,2011,0.3843,-0.9563317814113389
PHL,KOR,2012,0.3657,-1.0059419538268015
PHL,KOR,2013,0.388,-0.9467499393588635
PHL,KOR,2014,0.3934,-0.9329283730271782
PHL,KOR,2015,0.3713,-0.9907449177991026
PHL,KOR,2016,0.3935,-0.9326742111246791
PHL,KOR,2017,0.3952,-0.9283633131084243
PHL,KOR,2018,0.4103,-0.8908666795339967
PHL,KOR,2019,0.4143,-0.8811649298987809
PHL,KOR,2020,0.3809,-0.9652184054975786
PHL,KOR,2021,0.356,-1.0328245481301066
PHL,KOR,2022,0.3614,-1.0177699008240089
PHL,KOR,2023,0.4033,-0.9080745771028146
PHL,KOR,2024,0.4175,-0.8734707346912269
PHL,KOR,2025,0.4171,-0.8744292777792374
PHL,MMR,2010,0.1679,-1.7843867148986419
PHL,MMR,2011,0.1617,-1.8220125123990758
PHL,MMR,2012,0.1803,-1.7131331487728656
PHL,MMR,2013,0.197,-1.6245515502441485
PHL,MMR,2014,0.1974,-1.6225231519827559
PHL,MMR,2015,0.2129,-1.5469327070827033
PHL,MMR,2016,0.2264,-1.4854519326531093
PHL,MMR,2017,0.2261,-1.4867778996982128
PHL,MMR,2018,0.2311,-1.464904761701802
PHL,MMR,2019,0.2063,-1.5784238589049309
PHL,MMR,2020,0.28,-1.2729656758128873
PHL,MMR,2021,0.2756,-1.2888047398426334
PHL,MMR,2022,0.2643,-1.3306704573718937
PHL,MMR,2023,0.278,-1.2801341652915
PHL,MMR,2024,0.2874,-1.2468803053372126
PHL,MMR,2025,0.2794,-1.2751108321592757
PHL,MYS,2010,0.3637,-1.0114259269891936
PHL,MYS,2011,0.3841,-0.9568523436302779
PHL,MYS,2012,0.3721,-0.9885926436295602
PHL,MYS,2013,0.3943,-0.9306432380985556
PHL,MYS,2014,0.4003,-0.9155410129836091
PHL,MYS,2015,0.3683,-0.9988574555311174
PHL,MYS,2016,0.3912,-0.9385363408214749
PHL,MYS,2017,0.3913,-0.9382807497657704
PHL,MYS,2018,0.4074,-0.8979597751894316
PHL,MYS,2019,0.4068,-0.8994336148077322
PHL,MYS,2020,0.3754,-0.9797631548297285
PHL,MYS,2021,0.3564,-1.0317015833854828
PHL,MYS,2022,0.3628,-1.0139035607411555
PHL,MYS,2023,0.3994,-0.9177918580004223
PHL,MYS,2024,0.4141,-0.8816477884306154
PHL,MYS,2025,0.4134,-0.8833396317344692
PHL,NLD,2010,0.2959,-1.2177337195759732
PHL,NLD,2011,0.3171,-1.1485380974378354
PHL,NLD,2012,0.2973,-1.213013548978085
PHL,NLD,2013,0.3167,-1.149800325437543
PHL,NLD,2014,0.3223,-1.132272490160745
PHL,NLD,2015,0.2934,-1.2262184132732556
PHL,NLD,2016,0.3183,-1.1447609446940898
PHL,NLD,2017,0.3205,-1.1378730026214123
PHL,NLD,2018,0.3429,-1.0703164195132624
PHL,NLD,2019,0.336,-1.0906441190189327
PHL,NLD,2020,0.3089,-1.174737679057601
PHL,NLD,2021,0.2891,-1.2409826299598365
PHL,NLD,2022,0.2946,-1.2221367749536072
PHL,NLD,2023,0.3081,-1.177330873379515
PHL,NLD,2024,0.3274,-1.1165726140451024
PHL,NLD,2025,0.3293,-1.1107860895998185
PHL,SGP,2010,0.3668,-1.0029385385998273
PHL,SGP,2011,0.3881,-0.9464922406072764
PHL,SGP,2012,0.3712,-0.9910142780700916
PHL,SGP,2013,0.398,-0.9213032736976993
PHL,SGP,2014,0.404,-0.9063404010209869
PHL,SGP,2015,0.3716,-0.9899372720424536
PHL,SGP,2016,0.3954,-0.9278573682456206
PHL,SGP,2017,0.399,-0.9187938620922735
PHL,SGP,2018,0.4154,-0.8785133675401251
PHL,SGP,2019,0.4165,-0.8758688173752397
PHL,SGP,2020,0.379,-0.9702190738997107
PHL,SGP,2021,0.3604,-1.0205407532479542
PHL,SGP,2022,0.3662,-1.0045756467417266
PHL,SGP,2023,0.4037,-0.907083251123242
PHL,SGP,2024,0.4179,-0.8725131095282673
PHL,SGP,2025,0.4187,-0.8706006059570394
PHL,THA,2010,0.3332,-1.0990123686894495
PHL,THA,2011,0.3493,-1.0518241271693507
PHL,THA,2012,0.3363,-1.0897516602359132
PHL,THA,2013,0.3518,-1.0446924466786793
PHL,THA,2014,0.3635,-1.011975982008563
PHL,THA,2015,0.3435,-1.068568167319733
PHL,THA,2016,0.3711,-0.9912837109155852
PHL,THA,2017,0.3704,-0.9931717762101128
PHL,THA,2018,0.3859,-0.952177010438564
PHL,THA,2019,0.3881,-0.9464922406072764
PHL,THA,2020,0.3539,-1.0387408916307195
PHL,THA,2021,0.3392,-1.081165375064389
PHL,THA,2022,0.3402,-1.0782215990203756
PHL,THA,2023,0.376,-0.9781661355922425
PHL,THA,2024,0.3904,-0.9405834244431995
PHL,THA,2025,0.3969,-0.9240709191931175
PHL,TLS,2010,0.1517,-1.8858503926276504
PHL,TLS,2011,0.1577,-1.8470607850131444
PHL,TLS,2012,0.1577,-1.8470607850131444
PHL,TLS,2013,0.2559,-1.3629685358163939
PHL,TLS,2014,0.2604,-1.3455363686477229
PHL,TLS,2015,0.1803,-1.7131331487728656
PHL,TLS,2016,0.1612,-1.8251094489096091
PHL,TLS,2017,0.1622,-1.8189251373008244
PHL,TLS,2018,0.1619,-1.8207764182985477
PHL,TLS,2019,0.1616,-1.8226311328951421
PHL,TLS,2020,0.1577,-1.8470607850131444
PHL,TLS,2021,0.1623,-1.8183088044615916
PHL,TLS,2022,0.16,-1.8325814637483102
PHL,TLS,2023,0.1604,-1.830084583549723
PHL,TLS,2024,0.1679,-1.7843867148986419
PHL,TLS,2025,0.1678,-1.7849824849490312
PHL,TWN,2010,0.3595,-1.0230411018210357
PHL,TWN,2011,0.376,-0.9781661355922425
PHL,TWN,2012,0.3647,-1.0086801811675024
PHL,TWN,2013,0.3859,-0.952177010438564
PHL,TWN,2014,0.3927,-0.9347093173981731
PHL,TWN,2015,0.3672,-1.0018486202358017
PHL,TWN,2016,0.3826,-0.9607652219759846
PHL,TWN,2017,0.3883,-0.9459770422445155
PHL,TWN,2018,0.4048,-0.9043621610088812
PHL,TWN,2019,0.4075,-0.8977143463012197
PHL,TWN,2020,0.3777,-0.9736550492637259
PHL,TWN,2021,0.3545,-1.037046933009955
PHL,TWN,2022,0.3583,-1.026384654671229
PHL,TWN,2023,0.3928,-0.9344547025018263
PHL,TWN,2024,0.4073,-0.8982052643277701
PHL,TWN,2025,0.4065,-0.9001713499942718
PHL,USA,2010,0.3001,-1.2036395265358157
PHL,USA,2011,0.3247,-1.1248535998733369
PHL,USA,2012,0.3106,-1.1692493682675504
PHL,USA,2013,0.3286,-1.1129140733789693
PHL,USA,2014,0.4045,-0.9051035424835906
PHL,USA,2015,0.3127,-1.1625110145183415
PHL,USA,2016,0.3341,-1.0963149296194261
PHL,USA,2017,0.3369,-1.08796912856963
PHL,USA,2018,0.351,-1.0469690555162714
PHL,USA,2019,0.3483,-1.0546911016101816
PHL,USA,2020,0.3178,-1.1463330248795214
PHL,USA,2021,0.2963,-1.2163828244026174
PHL,USA,2022,0.3006,-1.201974801663263
PHL,USA,2023,0.3295,-1.110178925039575
PHL,USA,2024,0.3331,-1.0993125337825032
PHL,USA,2025,0.3402,-1.0782215990203756
PHL,VNM,2010,0.3263,-1.1199380753828623
PHL,VNM,2011,0.3496,-1.0509656352007566
PHL,VNM,2012,0.3273,-1.1168780974750023
PHL,VNM,2013,0.3439,-1.0674043615439166
PHL,VNM,2014,0.347,-1.058430499035278
PHL,VNM,2015,0.3391,-1.081460229850544
PHL,VNM,2016,0.3642,-1.0100521116886294
PHL,VNM,2017,0.3588,-1.024990148797496
PHL,VNM,2018,0.377,-0.9755100915341263
PHL,VNM,2019,0.3761,-0.9779002135058463
PHL,VNM,2020,0.3539,-1.0387408916307195
PHL,VNM,2021,0.3362,-1.0900490580076219
PHL,VNM,2022,0.3408,-1.0764594840269763
PHL,VNM,2023,0.379,-0.9702190738997107
PHL,VNM,2024,0.3884,-0.9457195425649672
PHL,VNM,2025,0.3965,-0.9250792379072343
SGP,ARE,2010,0.6235,-0.47240651386204585
SGP,ARE,2011,0.6231,-0.47304825943196077
SGP,ARE,2012,0.6094,-0.4952804124305283
SGP,ARE,2013,0.6125,-0.4902063365632549
SGP,ARE,2014,0.6015,-0.5083287435674034
SGP,ARE,2015,0.5943,-0.520371036609522
SGP,ARE,2016,0.632,-0.4588658848352796
SGP,ARE,2017,0.6191,-0.47948846845695065
SGP,ARE,2018,0.645,-0.43850496218636453
SGP,ARE,2019,0.6359,-0.4527139607087749
SGP,ARE,2020,0.6407,-0.4451939503371611
SGP,ARE,2021,0.6602,-0.4152124595630444
SGP,ARE,2022,0.6503,-0.4303214841070309
SGP,ARE,2023,0.6665,-0.4057151393633737
SGP,ARE,2024,0.6913,-0.3691813960309177
SGP,ARE,2025,0.705,-0.34955747616986843
SGP,AUS,2010,0.4601,-0.7763114218207141
SGP,AUS,2011,0.474,-0.7465479572870606
SGP,AUS,2012,0.4636,-0.7687331675165404
SGP,AUS,2013,0.4722,-0.7503526543307245
SGP,AUS,2014,0.4766,-0.7410777143174953
SGP,AUS,2015,0.4803,-0.7333443703113584
SGP,AUS,2016,0.4801,-0.7337608634452423
SGP,AUS,2017,0.4958,-0.7015826593810469
SGP,AUS,2018,0.4759,-0.7425475308550723
SGP,AUS,2019,0.4852,-0.723194101912242
SGP,AUS,2020,0.4692,-0.7567261622028166
SGP,AUS,2021,0.4859,-0.7217524375702797
SGP,AUS,2022,0.4724,-0.7499291946589298
SGP,AUS,2023,0.4951,-0.7029955166147597
SGP,AUS,2024,0.4788,-0.736472305298319
SGP,AUS,2025,0.4869,-0.7196965157934818
SGP,BRN,2010,0.2622,-1.3386477076525376
SGP,BRN,2011,0.2739,-1.2949922027131047
SGP,BRN,2012,0.2566,-1.360236826800601
SGP,BRN,2013,0.2605,-1.3451524177887153
SGP,BRN,2014,0.2601,-1.3466891065275313
SGP,BRN,2015,0.2691,-1.312672221249277
SGP,BRN,2016,0.2725,-1.3001166648788383
SGP,BRN,2017,0.2758,-1.2880793136229356
SGP,BRN,2018,0.2653,-1.3268940178384432
SGP,BRN,2019,0.2822,-1.2651392395634233
SGP,BRN,2020,0.2865,-1.250016742827343
SGP,BRN,2021,0.2755,-1.2891676503891678
SGP,BRN,2022,0.2822,-1.2651392395634233
SGP,BRN,2023,0.2866,-1.2496677635880655
SGP,BRN,2024,0.2916,-1.232372278847634
SGP,BRN,2025,0.2733,-1.2971851860481147
SGP,CAN,2010,0.501,-0.6911491778972723
SGP,CAN,2011,0.5201,-0.6537341782031103
SGP,CAN,2012,0.5124,-0.6686497089595579
SGP,CAN,2013,0.5136,-0.6663105266063858
SGP,CAN,2014,0.5526,-0.5931208664928209
SGP,CAN,2015,0.5373,-0.6211986812473612
SGP,CAN,2016,0.5291,-0.636577829072051
SGP,CAN,2017,0.543,-0.6106459590482015
SGP,CAN,2018,0.552,-0.5942072327050416
SGP,CAN,2019,0.54,-0.616186139423817
SGP,CAN,2020,0.5465,-0.6042209713655439
SGP,CAN,2021,0.5366,-0.6225023409906133
SGP,CAN,2022,0.5395,-0.6171124942839478
SGP,CAN,2023,0.535,-0.6254885320861304
SGP,CAN,2024,0.5335,-0.6282962082403291
SGP,CAN,2025,0.5519,-0.5943884085366815
SGP,CHN,2010,0.7111,-0.34094221209266484
SGP,CHN,2011,0.746,-0.2930296787783762
SGP,CHN,2012,0.7237,-0.32337833711005504
SGP,CHN,2013,0.7448,-0.2946395530192797
SGP,CHN,2014,0.7645,-0.2685332536130201
SGP,CHN,2015,0.7565,-0.2790527457537265
SGP,CHN,2016,0.7545,-0.2817000007742335
SGP,CHN,2017,0.7426,-0.2975977372391573
SGP,CHN,2018,0.7773,-0.2519289027459631
SGP,CHN,2019,0.7645,-0.2685332536130201
SGP,CHN,2020,0.7748,-0.25515034744929616
SGP,CHN,2021,0.7803,-0.2480768178594215
SGP,CHN,2022,0.7611,-0.2729905237087912
SGP,CHN,2023,0.7668,-0.26552926781064756
SGP,CHN,2024,0.7768,-0.2525723620050218
SGP,CHN,2025,0.7901,-0.23559575925344942
SGP,DEU,2010,0.6098,-0.49462424442798264
SGP,DEU,2011,0.6198,-0.4783584336284892
SGP,DEU,2012,0.5988,-0.5128276264366638
SGP,DEU,2013,0.6355,-0.4533431883526284
SGP,DEU,2014,0.6506,-0.42986026494288604
SGP,DEU,2015,0.6546,-0.423730916915057
SGP,DEU,2016,0.6615,-0.41324529542712674
SGP,DEU,2017,0.6647,-0.40841946793460093
SGP,DEU,2018,0.6838,-0.3800898017769362
SGP,DEU,2019,0.6645,-0.40872040082883704
SGP,DEU,2020,0.6687,-0.40241974992220425
SGP,DEU,2021,0.6647,-0.40841946793460093
SGP,DEU,2022,0.6605,-0.4147581550197571
SGP,DEU,2023,0.6534,-0.4255657798151673
SGP,DEU,2024,0.6678,-0.403766551472583
SGP,DEU,2025,0.6699,-0.4006268314679151
SGP,FRA,2010,0.5997,-0.511325748807673
SGP,FRA,2011,0.6344,-0.4550756086614989
SGP,FRA,2012,0.6154,-0.4854828160941957
SGP,FRA,2013,0.6535,-0.42541274591786044
SGP,FRA,2014,0.6436,-0.440677863863909
SGP,FRA,2015,0.6527,-0.4266376733409654
SGP,FRA,2016,0.66,-0.4155154439616658
SGP,FRA,2017,0.6753,-0.3925982424013408
SGP,FRA,2018,0.6859,-0.37702343447686143
SGP,FRA,2019,0.6827,-0.38169975455790245
SGP,FRA,2020,0.6702,-0.400179103678927
SGP,FRA,2021,0.6824,-0.3821392828046677
SGP,FRA,2022,0.67,-0.40047756659712525
SGP,FRA,2023,0.6601,-0.4153639402874119
SGP,FRA,2024,0.6799,-0.38580955044972315
SGP,FRA,2025,0.692,-0.36816932336446756
SGP,GBR,2010,0.6338,-0.45602183172531663
SGP,GBR,2011,0.6471,-0.43525443691891663
SGP,GBR,2012,0.6167,-0.4833725969846899
SGP,GBR,2013,0.646,-0.43695577519953516
SGP,GBR,2014,0.6425,-0.44238846221276223
SGP,GBR,2015,0.6641,-0.409322538435469
SGP,GBR,2016,0.669,-0.4019712188539085
SGP,GBR,2017,0.6723,-0.39705060950714605
SGP,GBR,2018,0.6978,-0.35982275022946336
SGP,GBR,2019,0.6882,-0.373675785618757
SGP,GBR,2020,0.6958,-0.36269301626429545
SGP,GBR,2021,0.6924,-0.36759145568008283
SGP,GBR,2022,0.6814,-0.38360577375527083
SGP,GBR,2023,0.6838,-0.3800898017769362
SGP,GBR,2024,0.691,-0.36961545521446726
SGP,GBR,2025,0.6991,-0.3579614854641975
SGP,HKG,2010,0.7029,-0.3525406448002774
SGP,HKG,2011,0.7261,-0.320067532595936
SGP,HKG,2012,0.7083,-0.34488754622256007
SGP,HKG,2013,0.7248,-0.3218595242533675
SGP,HKG,2014,0.739,-0.3024573580339353
SGP,HKG,2015,0.7275,-0.31814127993648944
SGP,HKG,2016,0.6988,-0.3583907007222356
SGP,HKG,2017,0.6793,-0.3866924227848808
SGP,HKG,2018,0.7013,-0.35481952343927226
SGP,HKG,2019,0.6684,-0.4028684822608984
SGP,HKG,2020,0.7004,-0.35610367857044023
SGP,HKG,2021,0.6974,-0.36039614474058623
SGP,HKG,2022,0.66,-0.4155154439616658
SGP,HKG,2023,0.6632,-0.41067867516105183
SGP,HKG,2024,0.6967,-0.36140037694606386
SGP,HKG,2025,0.6675,-0.4042158887077325
SGP,IDN,2010,0.4908,-0.7117185661453806
SGP,IDN,2011,0.4929,-0.7074489652708049
SGP,IDN,2012,0.463,-0.770028224895903
SGP,IDN,2013,0.4465,-0.8063158786655833
SGP,IDN,2014,0.445,-0.8096809968158968
SGP,IDN,2015,0.4378,-0.8259930938933744
SGP,IDN,2016,0.418,-0.8722738464573808
SGP,IDN,2017,0.4173,-0.8739498913846301
SGP,IDN,2018,0.484,-0.7256703722655053
SGP,IDN,2019,0.4798,-0.7343859285765428
SGP,IDN,2020,0.5058,-0.6816139447462722
SGP,IDN,2021,0.4115,-0.8879462588650127
SGP,IDN,2022,0.4056,-0.9023878267051636
SGP,IDN,2023,0.5329,-0.6294214896794004
SGP,IDN,2024,0.4451,-0.8094563029603284
SGP,IDN,2025,0.4523,-0.7934096024983396
SGP,IND,2010,0.5623,-0.575719763683981
SGP,IND,2011,0.5612,-0.5776779307538311
SGP,IND,2012,0.583,-0.5395680926316447
SGP,IND,2013,0.5729,-0.557044097567605
SGP,IND,2014,0.5746,-0.5540811324369479
SGP,IND,2015,0.5764,-0.55095341485677
SGP,IND,2016,0.599,-0.5124936808666878
SGP,IND,2017,0.5984,-0.5134958523218695
SGP,IND,2018,0.5973,-0.5153357792438766
SGP,IND,2019,0.5881,-0.5308582775162268
SGP,IND,2020,0.5837,-0.5383681267723918
SGP,IND,2021,0.5982,-0.5138301327862895
SGP,IND,2022,0.6033,-0.5053406935354211
SGP,IND,2023,0.6122,-0.490696252470825
SGP,IND,2024,0.6354,-0.45350055714672133
SGP,IND,2025,0.7247,-0.3219975028669013
SGP,ITA,2010,0.5732,-0.5565205830281202
SGP,ITA,2011,0.6221,-0.474654427461163
SGP,ITA,2012,0.6176,-0.48191428027157057
SGP,ITA,2013,0.6274,-0.46617098322555933
SGP,ITA,2014,0.6156,-0.4851578770174128
SGP,ITA,2015,0.6248,-0.4703236804566608
SGP,ITA,2016,0.6302,-0.46171804965896285
SGP,ITA,2017,0.6293,-0.4631471884492492
SGP,ITA,2018,0.6578,-0.4188543452271804
SGP,ITA,2019,0.6486,-0.43293908510891954
SGP,ITA,2020,0.6489,-0.4324766573550142
SGP,ITA,2021,0.6687,-0.40241974992220425
SGP,ITA,2022,0.6747,-0.3934871313487574
SGP,ITA,2023,0.6692,-0.4016723098694681
SGP,ITA,2024,0.6839,-0.3799435708780868
SGP,ITA,2025,0.6829,-0.38140684301509353
SGP,JPN,2010,0.6076,-0.4982385082605192
SGP,JPN,2011,0.6273,-0.46633038387943954
SGP,JPN,2012,0.6397,-0.44675596252604505
SGP,JPN,2013,0.6167,-0.4833725969846899
SGP,JPN,2014,0.6124,-0.4903696151986083
SGP,JPN,2015,0.641,-0.444725822061467
SGP,JPN,2016,0.6451,-0.4383499354439411
SGP,JPN,2017,0.6388,-0.4481638626412796
SGP,JPN,2018,0.6096,-0.4949522746097005
SGP,JPN,2019,0.6113,-0.49216744194745743
SGP,JPN,2020,0.6201,-0.4778745236263048
SGP,JPN,2021,0.6468,-0.43571815127918523
SGP,JPN,2022,0.5429,-0.6108301380707316
SGP,JPN,2023,0.5546,-0.5895081458004594
SGP,JPN,2024,0.5873,-0.5322195164536632
SGP,JPN,2025,0.6177,-0.48175237628028356
SGP,KHM,2010,0.2623,-1.3382663921093092
SGP,KHM,2011,0.278,-1.2801341652915
SGP,KHM,2012,0.2756,-1.2888047398426334
SGP,KHM,2013,0.2782,-1.2794149994927946
SGP,KHM,2014,0.2823,-1.2647849437226935
SGP,KHM,2015,0.2994,-1.205974806996609
SGP,KHM,2016,0.3085,-1.1760334356366946
SGP,KHM,2017,0.3052,-1.186787979571835
SGP,KHM,2018,0.2952,-1.2201021862558195
SGP,KHM,2019,0.3015,-1.198985262814897
SGP,KHM,2020,0.3009,-1.2009772953461375
SGP,KHM,2021,0.3068,-1.181559209489036
SGP,KHM,2022,0.3003,-1.2029733039928525
SGP,KHM,2023,0.3048,-1.1880994551696458
SGP,KHM,2024,0.3135,-1.1599559189091617
SGP,KHM,2025,0.3162,-1.1513803542067655
SGP,KOR,2010,0.6269,-0.4669682407022142
SGP,KOR,2011,0.7074,-0.3461590022107568
SGP,KOR,2012,0.6877,-0.3744025826563466
SGP,KOR,2013,0.7088,-0.3441818796912659
SGP,KOR,2014,0.7204,-0.327948665680336
SGP,KOR,2015,0.7163,-0.33365620536173146
SGP,KOR,2016,0.7189,-0.33003301299231125
SGP,KOR,2017,0.7016,-0.3543918379241638
SGP,KOR,2018,0.7356,-0.307068786251971
SGP,KOR,2019,0.7353,-0.3074766997799605
SGP,KOR,2020,0.7557,-0.2801108069554628
SGP,KOR,2021,0.7391,-0.302322049191296
SGP,KOR,2022,0.721,-0.327116141697188
SGP,KOR,2023,0.7393,-0.30205148641908275
SGP,KOR,2024,0.7468,-0.29195786731456946
SGP,KOR,2025,0.75,-0.2876820724517809
SGP,MMR,2010,0.2477,-1.3955369424868231
SGP,MMR,2011,0.2418,-1.4196443408014447
SGP,MMR,2012,0.2658,-1.325011132702992
SGP,MMR,2013,0.2795,-1.274752986386983
SGP,MMR,2014,0.2792,-1.2758269080939195
SGP,MMR,2015,0.3045,-1.1890841918321853
SGP,MMR,2016,0.3194,-1.141311043201225
SGP,MMR,2017,0.3179,-1.14601841106538
SGP,MMR,2018,0.3245,-1.1254697428379923
SGP,MMR,2019,0.2966,-1.2153708492783055
SGP,MMR,2020,0.3146,-1.1564532883579597
SGP,MMR,2021,0.3138,-1.1589994386832048
SGP,MMR,2022,0.2959,-1.2177337195759732
SGP,MMR,2023,0.3105,-1.1695713776086036
SGP,MMR,2024,0.3206,-1.1375610388066846
SGP,MMR,2025,0.3103,-1.1702157075278026
SGP,MYS,2010,0.7106,-0.34164559539521033
SGP,MYS,2011,0.7308,-0.31361545447828537
SGP,MYS,2012,0.7505,-0.2870156279086205
SGP,MYS,2013,0.7814,-0.24666809636116685
SGP,MYS,2014,0.7905,-0.23508962233261038
SGP,MYS,2015,0.7765,-0.25295863639339533
SGP,MYS,2016,0.7738,-0.2564418367157244
SGP,MYS,2017,0.7516,-0.28555101144282674
SGP,MYS,2018,0.7945,-0.2300422930053664
SGP,MYS,2019,0.7705,-0.26071562422196665
SGP,MYS,2020,0.7793,-0.2493591981326218
SGP,MYS,2021,0.7892,-0.23673550483367675
SGP,MYS,2022,0.7673,-0.26487741979851753
SGP,MYS,2023,0.7694,-0.26214428866394235
SGP,MYS,2024,0.7769,-0.2524436370257619
SGP,MYS,2025,0.7567,-0.2787884052816611
SGP,NLD,2010,0.6186,-0.48029641873116774
SGP,NLD,2011,0.6344,-0.4550756086614989
SGP,NLD,2012,0.5965,-0.5166760374441662
SGP,NLD,2013,0.6341,-0.4555486082761511
SGP,NLD,2014,0.6476,-0.43448205717865707
SGP,NLD,2015,0.635,-0.4541302800894454
SGP,NLD,2016,0.6458,-0.43726542065796214
SGP,NLD,2017,0.6545,-0.4238836936321825
SGP,NLD,2018,0.6907,-0.37004970288720984
SGP,NLD,2019,0.6795,-0.38639804539093864
SGP,NLD,2020,0.6882,-0.373675785618757
SGP,NLD,2021,0.6836,-0.38038232774070124
SGP,NLD,2022,0.679,-0.3871341514234409
SGP,NLD,2023,0.6814,-0.38360577375527083
SGP,NLD,2024,0.6859,-0.37702343447686143
SGP,NLD,2025,0.6948,-0.3641312446151872
SGP,PHL,2010,0.3668,-1.0029385385998273
SGP,PHL,2011,0.3881,-0.9464922406072764
SGP,PHL,2012,0.3712,-0.9910142780700916
SGP,PHL,2013,0.398,-0.9213032736976993
SGP,PHL,2014,0.404,-0.9063404010209869
SGP,PHL,2015,0.3716,-0.9899372720424536
SGP,PHL,2016,0.3954,-0.9278573682456206
SGP,PHL,2017,0.399,-0.9187938620922735
SGP,PHL,2018,0.4154,-0.8785133675401251
SGP,PHL,2019,0.4165,-0.8758688173752397
SGP,PHL,2020,0.379,-0.9702190738997107
SGP,PHL,2021,0.3604,-1.0205407532479542
SGP,PHL,2022,0.3662,-1.0045756467417266
SGP,PHL,2023,0.4037,-0.907083251123242
SGP,PHL,2024,0.4179,-0.8725131095282673
SGP,PHL,2025,0.4187,-0.8706006059570394
SGP,THA,2010,0.5177,-0.6583593550742813
SGP,THA,2011,0.4894,-0.7145751279735658
SGP,THA,2012,0.485,-0.7236063880446539
SGP,THA,2013,0.4952,-0.7027935576117508
SGP,THA,2014,0.5061,-0.6810210007621047
SGP,THA,2015,0.5154,-0.6628119807638724
SGP,THA,2016,0.5332,-0.6288586906775835
SGP,THA,2017,0.5266,-0.6413140319199281
SGP,THA,2018,0.5257,-0.6430245711567348
SGP,THA,2019,0.5542,-0.5902296465532589
SGP,THA,2020,0.5446,-0.6077036987424779
SGP,THA,2021,0.5966,-0.5165084069014889
SGP,THA,2022,0.6185,-0.48045808714959437
SGP,THA,2023,0.6211,-0.4762631794168798
SGP,THA,2024,0.6354,-0.45350055714672133
SGP,THA,2025,0.5854,-0.5354599047243516
SGP,TLS,2010,0.2315,-1.4631754054558483
SGP,TLS,2011,0.2359,-1.4443472925685077
SGP,TLS,2012,0.2356,-1.4456198272047054
SGP,TLS,2013,0.2757,-1.288441960952386
SGP,TLS,2014,0.2792,-1.2758269080939195
SGP,TLS,2015,0.2677,-1.3178883284558303
SGP,TLS,2016,0.2392,-1.4304552569056603
SGP,TLS,2017,0.239,-1.4312917270506265
SGP,TLS,2018,0.24,-1.4271163556401458
SGP,TLS,2019,0.24,-1.4271163556401458
SGP,TLS,2020,0.2392,-1.4304552569056603
SGP,TLS,2021,0.2434,-1.4130490984287103
SGP,TLS,2022,0.2401,-1.4266997757549296
SGP,TLS,2023,0.2402,-1.426283369336254
SGP,TLS,2024,0.249,-1.3903023825174294
SGP,TLS,2025,0.2493,-1.3890982884526248
SGP,TWN,2010,0.618,-0.4812668215244463
SGP,TWN,2011,0.5975,-0.5150009951764712
SGP,TWN,2012,0.6054,-0.5018658823945187
SGP,TWN,2013,0.6015,-0.5083287435674034
SGP,TWN,2014,0.6075,-0.49840310376743346
SGP,TWN,2015,0.6411,-0.4445698279889254
SGP,TWN,2016,0.6239,-0.47176517986539634
SGP,TWN,2017,0.6146,-0.4867836292857527
SGP,TWN,2018,0.6375,-0.4502010019495559
SGP,TWN,2019,0.6797,-0.38610375462954455
SGP,TWN,2020,0.6804,-0.38507441846043033
SGP,TWN,2021,0.7138,-0.3371524679260771
SGP,TWN,2022,0.6788,-0.38742874562206586
SGP,TWN,2023,0.6842,-0.3795050064386327
SGP,TWN,2024,0.6917,-0.36860294337559807
SGP,TWN,2025,0.6759,-0.39171014287582867
SGP,USA,2010,0.5949,-0.5193619547882771
SGP,USA,2011,0.6082,-0.49725150373887284
SGP,USA,2012,0.6058,-0.5012053803890001
SGP,USA,2013,0.6446,-0.43912530960079965
SGP,USA,2014,0.6517,-0.4281709456438024
SGP,USA,2015,0.6546,-0.423730916915057
SGP,USA,2016,0.6756,-0.39215409404849205
SGP,USA,2017,0.661,-0.41400143913045073
SGP,USA,2018,0.648,-0.4338645826298623
SGP,USA,2019,0.6696,-0.4010747598068715
SGP,USA,2020,0.6592,-0.4167283003868751
SGP,USA,2021,0.705,-0.34955747616986843
SGP,USA,2022,0.6878,-0.37425718098397126
SGP,USA,2023,0.6448,-0.43881508778971845
SGP,USA,2024,0.6534,-0.4255657798151673
SGP,USA,2025,0.637,-0.45098562340997367
SGP,VNM,2010,0.4556,-0.7861400474091099
SGP,VNM,2011,0.5284,-0.6379017063339668
SGP,VNM,2012,0.5203,-0.6533497106858792
SGP,VNM,2013,0.5139,-0.6657265849839531
SGP,VNM,2014,0.4997,-0.6937473606319777
SGP,VNM,2015,0.5225,-0.649130295143171
SGP,VNM,2016,0.5956,-0.5181859781722831
SGP,VNM,2017,0.5708,-0.5607163933794558
SGP,VNM,2018,0.58,-0.5447271754416722
SGP,VNM,2019,0.5941,-0.5207076236204413
SGP,VNM,2020,0.5608,-0.5783909432617568
SGP,VNM,2021,0.6292,-0.46330610779801434
SGP,VNM,2022,0.6018,-0.5078301147861922
SGP,VNM,2023,0.6154,-0.4854828160941957
SGP,VNM,2024,0.6547,-0.4235781635350914
SGP,VNM,2025,0.6952,-0.3635557050309547
THA,ARE,2010,0.4926,-0.7080577932956995
THA,ARE,2011,0.4633,-0.7693804865595344
THA,ARE,2012,0.4496,-0.7993969804026557
THA,ARE,2013,0.4473,-0.8045257685433347
THA,ARE,2014,0.4585,-0.7797949872856175
THA,ARE,2015,0.4543,-0.7889975062167794
THA,ARE,2016,0.4811,-0.731680130276729
THA,ARE,2017,0.4614,-0.7734899332424838
THA,ARE,2018,0.4695,-0.7560869803338195
THA,ARE,2019,0.4863,-0.720929561572397
THA,ARE,2020,0.4862,-0.721135217100114
THA,ARE,2021,0.521,-0.6520052372287701
THA,ARE,2022,0.5537,-0.5911322551532157
THA,ARE,2023,0.5726,-0.5575678863181224
THA,ARE,2024,0.6054,-0.5018658823945187
THA,ARE,2025,0.5498,-0.5982007032509918
THA,AUS,2010,0.4146,-0.8804410789804578
THA,AUS,2011,0.4093,-0.8933068954837797
THA,AUS,2012,0.3963,-0.9255837787857477
THA,AUS,2013,0.4083,-0.895753080656607
THA,AUS,2014,0.4188,-0.8703617999857552
THA,AUS,2015,0.4193,-0.8691686248054201
THA,AUS,2016,0.4329,-0.8372485245342022
THA,AUS,2017,0.4421,-0.8162191781499395
THA,AUS,2018,0.4249,-0.8559014318613711
THA,AUS,2019,0.424,-0.8580218237501793
THA,AUS,2020,0.4176,-0.873231242413708
THA,AUS,2021,0.4358,-0.8305718564716175
THA,AUS,2022,0.419,-0.8698843590599994
THA,AUS,2023,0.437,-0.8278220838865469
THA,AUS,2024,0.4288,-0.8467646692255448
THA,AUS,2025,0.4396,-0.8218900564526708
THA,BRN,2010,0.1877,-1.672910335389674
THA,BRN,2011,0.1937,-1.6414447085691868
THA,BRN,2012,0.181,-1.7092582477163114
THA,BRN,2013,0.183,-1.6982691261407161
THA,BRN,2014,0.1836,-1.6949958007957469
THA,BRN,2015,0.1929,-1.6455833590704536
THA,BRN,2016,0.1971,-1.6240440648234626
THA,BRN,2017,0.1999,-1.6099380374757828
THA,BRN,2018,0.1888,-1.6670670252707367
THA,BRN,2019,0.2039,-1.5901256014017275
THA,BRN,2020,0.2058,-1.5808504555821878
THA,BRN,2021,0.1957,-1.6311724045801064
THA,BRN,2022,0.2004,-1.6074399097714274
THA,BRN,2023,0.203,-1.5945492999403497
THA,BRN,2024,0.2081,-1.5697365455825483
THA,BRN,2025,0.1956,-1.63168352138142
THA,CAN,2010,0.4502,-0.7980633505095052
THA,CAN,2011,0.4389,-0.8234836822879487
THA,CAN,2012,0.4351,-0.8321793892555026
THA,CAN,2013,0.434,-0.8347107448817322
THA,CAN,2014,0.4555,-0.786359562282124
THA,CAN,2015,0.456,-0.7852624694677509
THA,CAN,2016,0.4641,-0.7676552327350069
THA,CAN,2017,0.4518,-0.7945156749482342
THA,CAN,2018,0.4545,-0.7885573653646035
THA,CAN,2019,0.4733,-0.7480258420699347
THA,CAN,2020,0.4806,-0.7327199556797684
THA,CAN,2021,0.4764,-0.7414974415009921
THA,CAN,2022,0.4801,-0.7337608634452423
THA,CAN,2023,0.475,-0.7444404749474959
THA,CAN,2024,0.4784,-0.737308076345715
THA,CAN,2025,0.496,-0.7011793522572096
THA,CHN,2010,0.5168,-0.6600993265137449
THA,CHN,2011,0.4925,-0.7082608183699934
THA,CHN,2012,0.4857,-0.7221641296304379
THA,CHN,2013,0.4954,-0.7023897619268779
THA,CHN,2014,0.5103,-0.6727564909122113
THA,CHN,2015,0.5202,-0.6535419259675859
THA,CHN,2016,0.5357,-0.6241809760952225
THA,CHN,2017,0.5253,-0.6437857510222212
THA,CHN,2018,0.5216,-0.650854268369694
THA,CHN,2019,0.5513,-0.5954761533864992
THA,CHN,2020,0.5465,-0.6042209713655439
THA,CHN,2021,0.599,-0.5124936808666878
THA,CHN,2022,0.6277,-0.46569293365865094
THA,CHN,2023,0.6345,-0.45491799182769477
THA,CHN,2024,0.6389,-0.4480073313738394
THA,CHN,2025,0.589,-0.5293290953305504
THA,DEU,2010,0.4866,-0.7203128486327148
THA,DEU,2011,0.3876,-0.9477813989655259
THA,DEU,2012,0.3744,-0.9824305343787001
THA,DEU,2013,0.4481,-0.8027388571900397
THA,DEU,2014,0.4603,-0.7758768281589413
THA,DEU,2015,0.4616,-0.7730565637882473
THA,DEU,2016,0.483,-0.7277386253295643
THA,DEU,2017,0.4777,-0.7387723585862208
THA,DEU,2018,0.4791,-0.7358459350930605
THA,DEU,2019,0.4954,-0.7023897619268779
THA,DEU,2020,0.4915,-0.7102933393949158
THA,DEU,2021,0.527,-0.6405547304407747
THA,DEU,2022,0.5586,-0.5823216254710607
THA,DEU,2023,0.5491,-0.59947470469731
THA,DEU,2024,0.5689,-0.5640506072255355
THA,DEU,2025,0.5146,-0.6643653791344933
THA,FRA,2010,0.4905,-0.7123299999767193
THA,FRA,2011,0.3961,-0.9260885743542661
THA,FRA,2012,0.3799,-0.9678472187885572
THA,FRA,2013,0.3908,-0.9395593588135094
THA,FRA,2014,0.4092,-0.8935512449046656
THA,FRA,2015,0.4119,-0.8869746775401021
THA,FRA,2016,0.423,-0.8603830999358592
THA,FRA,2017,0.4201,-0.8672625008068008
THA,FRA,2018,0.421,-0.8651224452997557
THA,FRA,2019,0.4407,-0.8193909071341958
THA,FRA,2020,0.4371,-0.8275932771128682
THA,FRA,2021,0.5341,-0.6271721916364124
THA,FRA,2022,0.4957,-0.7017843739556089
THA,FRA,2023,0.4869,-0.7196965157934818
THA,FRA,2024,0.5082,-0.6768802080960734
THA,FRA,2025,0.5236,-0.6470272449463923
THA,GBR,2010,0.4998,-0.693547260581285
THA,GBR,2011,0.4041,-0.906092906897709
THA,GBR,2012,0.3837,-0.9578942817292304
THA,GBR,2013,0.3926,-0.9349639971397764
THA,GBR,2014,0.4059,-0.9016484551372851
THA,GBR,2015,0.4072,-0.898450813745824
THA,GBR,2016,0.426,-0.8533159327127666
THA,GBR,2017,0.4206,-0.8660730157135377
THA,GBR,2018,0.4916,-0.7100899012902573
THA,GBR,2019,0.5085,-0.6762900634935225
THA,GBR,2020,0.5052,-0.682800888505801
THA,GBR,2021,0.5436,-0.6095415967051484
THA,GBR,2022,0.5694,-0.5631721041381998
THA,GBR,2023,0.565,-0.5709295478356962
THA,GBR,2024,0.583,-0.5395680926316447
THA,GBR,2025,0.5307,-0.6335583891482879
THA,HKG,2010,0.517,-0.6597124044737079
THA,HKG,2011,0.4885,-0.7164158074992997
THA,HKG,2012,0.4802,-0.7335525951949842
THA,HKG,2013,0.4875,-0.7184649885442352
THA,HKG,2014,0.5012,-0.6907500559602239
THA,HKG,2015,0.5044,-0.6843856748913726
THA,HKG,2016,0.5093,-0.6747180450915782
THA,HKG,2017,0.4985,-0.696151689580244
THA,HKG,2018,0.5001,-0.6929472005572791
THA,HKG,2019,0.5242,-0.645881988092831
THA,HKG,2020,0.5272,-0.6401752957938396
THA,HKG,2021,0.5759,-0.5518212444695104
THA,HKG,2022,0.5854,-0.5354599047243516
THA,HKG,2023,0.5898,-0.5279717826009612
THA,HKG,2024,0.6129,-0.489553488490451
THA,HKG,2025,0.5498,-0.5982007032509918
THA,IDN,2010,0.4312,-0.8411832593873496
THA,IDN,2011,0.4137,-0.8826142055147712
THA,IDN,2012,0.4124,-0.8857615268393322
THA,IDN,2013,0.4122,-0.8862466105257784
THA,IDN,2014,0.397,-0.9238189982949466
THA,IDN,2015,0.4041,-0.906092906897709
THA,IDN,2016,0.3948,-0.9293759714228106
THA,IDN,2017,0.3926,-0.9349639971397764
THA,IDN,2018,0.4473,-0.8045257685433347
THA,IDN,2019,0.4514,-0.7954014145987017
THA,IDN,2020,0.4764,-0.7414974415009921
THA,IDN,2021,0.3862,-0.951399908987723
THA,IDN,2022,0.3774,-0.9744496460476871
THA,IDN,2023,0.488,-0.7174398731289899
THA,IDN,2024,0.4085,-0.8952633646820796
THA,IDN,2025,0.4172,-0.8741895558555196
THA,IND,2010,0.4663,-0.7629260751678619
THA,IND,2011,0.4473,-0.8045257685433347
THA,IND,2012,0.4567,-0.7837285587911837
THA,IND,2013,0.4618,-0.7726233820617421
THA,IND,2014,0.4652,-0.7652878583376277
THA,IND,2015,0.4769,-0.7404484536779584
THA,IND,2016,0.5017,-0.6897529474919297
THA,IND,2017,0.4944,-0.704410372838656
THA,IND,2018,0.4784,-0.737308076345715
THA,IND,2019,0.4974,-0.6983607476128327
THA,IND,2020,0.4914,-0.7104968188950583
THA,IND,2021,0.4992,-0.6947484619269192
THA,IND,2022,0.5011,-0.6909495970164581
THA,IND,2023,0.5054,-0.6824050840280432
THA,IND,2024,0.543,-0.6106459590482015
THA,IND,2025,0.5606,-0.5787476402514492
THA,ITA,2010,0.4776,-0.7389817169037447
THA,ITA,2011,0.4514,-0.7954014145987017
THA,ITA,2012,0.4392,-0.8228003887868163
THA,ITA,2013,0.4486,-0.8016236568960291
THA,ITA,2014,0.463,-0.770028224895903
THA,ITA,2015,0.4676,-0.7601420493842237
THA,ITA,2016,0.4832,-0.7273246323615318
THA,ITA,2017,0.479,-0.7360546815712219
THA,ITA,2018,0.4841,-0.7254637820364884
THA,ITA,2019,0.5026,-0.6879606538726452
THA,ITA,2020,0.4944,-0.704410372838656
THA,ITA,2021,0.4584,-0.7800131135816073
THA,ITA,2022,0.4955,-0.7021879252120944
THA,ITA,2023,0.4894,-0.7145751279735658
THA,ITA,2024,0.577,-0.5499130124740376
THA,ITA,2025,0.5157,-0.6622300779252237
THA,JPN,2010,0.4875,-0.7184649885442352
THA,JPN,2011,0.4683,-0.758646162792641
THA,JPN,2012,0.4609,-0.7745741792556745
THA,JPN,2013,0.4742,-0.7461261053508319
THA,JPN,2014,0.4827,-0.7283599363156898
THA,JPN,2015,0.4956,-0.7019861292271496
THA,JPN,2016,0.5028,-0.6875628022660446
THA,JPN,2017,0.5009,-0.6913487986185659
THA,JPN,2018,0.4882,-0.7170301210232773
THA,JPN,2019,0.5082,-0.6768802080960734
THA,JPN,2020,0.5143,-0.6649485262012665
THA,JPN,2021,0.5593,-0.5810692771545948
THA,JPN,2022,0.5035,-0.6861715668235202
THA,JPN,2023,0.5189,-0.6560440926084431
THA,JPN,2024,0.5286,-0.6375232768119483
THA,JPN,2025,0.5552,-0.5884268697895423
THA,KHM,2010,0.2504,-1.3846956397561936
THA,KHM,2011,0.2602,-1.3463047129037322
THA,KHM,2012,0.2579,-1.3551833660948378
THA,KHM,2013,0.2602,-1.3463047129037322
THA,KHM,2014,0.2647,-1.3291581697490815
THA,KHM,2015,0.275,-1.2909841813155656
THA,KHM,2016,0.292,-1.2310014767138553
THA,KHM,2017,0.2888,-1.2420208719634658
THA,KHM,2018,0.2795,-1.274752986386983
THA,KHM,2019,0.2849,-1.2556170374782745
THA,KHM,2020,0.2831,-1.261955086864283
THA,KHM,2021,0.2889,-1.2416746715099476
THA,KHM,2022,0.2821,-1.2654936609741865
THA,KHM,2023,0.2831,-1.261955086864283
THA,KHM,2024,0.2931,-1.2272414312652902
THA,KHM,2025,0.2986,-1.2086503938770472
THA,KOR,2010,0.5028,-0.6875628022660446
THA,KOR,2011,0.4818,-0.730226188801366
THA,KOR,2012,0.4735,-0.7476033663560042
THA,KOR,2013,0.485,-0.7236063880446539
THA,KOR,2014,0.4953,-0.702591639387945
THA,KOR,2015,0.507,-0.6792442753909539
THA,KOR,2016,0.5218,-0.6504709062795089
THA,KOR,2017,0.5129,-0.6676743845869142
THA,KOR,2018,0.5103,-0.6727564909122113
THA,KOR,2019,0.5419,-0.6126737964100685
THA,KOR,2020,0.5409,-0.6145208601047557
THA,KOR,2021,0.587,-0.5327304591540407
THA,KOR,2022,0.6147,-0.48662093506917325
THA,KOR,2023,0.6275,-0.46601160797619817
THA,KOR,2024,0.633,-0.45728485683796083
THA,KOR,2025,0.5775,-0.5490468365861885
THA,MMR,2010,0.1745,-1.7458305373396552
THA,MMR,2011,0.1662,-1.7945633965607892
THA,MMR,2012,0.1871,-1.6761120457020933
THA,MMR,2013,0.202,-1.5994875815809322
THA,MMR,2014,0.2008,-1.6054458911645628
THA,MMR,2015,0.2197,-1.5154922995915725
THA,MMR,2016,0.3028,-1.1946827574188432
THA,MMR,2017,0.2981,-1.2103262782981115
THA,MMR,2018,0.3044,-1.1894126529946063
THA,MMR,2019,0.28,-1.2729656758128873
THA,MMR,2020,0.2924,-1.2296325511065136
THA,MMR,2021,0.2923,-1.2299746068649369
THA,MMR,2022,0.2111,-1.555423324127862
THA,MMR,2023,0.2221,-1.5046275480817553
THA,MMR,2024,0.2338,-1.4532892299441689
THA,MMR,2025,0.2901,-1.2375295878547787
THA,MYS,2010,0.5097,-0.6739329616361409
THA,MYS,2011,0.4846,-0.7244314705997117
THA,MYS,2012,0.486,-0.7215466550816433
THA,MYS,2013,0.4935,-0.7062324201086008
THA,MYS,2014,0.5044,-0.6843856748913726
THA,MYS,2015,0.5141,-0.665337479920678
THA,MYS,2016,0.5288,-0.6371449904446604
THA,MYS,2017,0.5162,-0.6612609916976235
THA,MYS,2018,0.5147,-0.6641710723234281
THA,MYS,2019,0.5409,-0.6145208601047557
THA,MYS,2020,0.5339,-0.6275467234759964
THA,MYS,2021,0.5846,-0.5368274263049915
THA,MYS,2022,0.6078,-0.4979093984994443
THA,MYS,2023,0.6094,-0.4952804124305283
THA,MYS,2024,0.6285,-0.464419250951835
THA,MYS,2025,0.5759,-0.5518212444695104
THA,NLD,2010,0.4908,-0.7117185661453806
THA,NLD,2011,0.3979,-0.9215545615492542
THA,NLD,2012,0.3784,-0.9718034418044138
THA,NLD,2013,0.3878,-0.9472655361735857
THA,NLD,2014,0.3998,-0.9167908569158374
THA,NLD,2015,0.397,-0.9238189982949466
THA,NLD,2016,0.4146,-0.8804410789804578
THA,NLD,2017,0.4124,-0.8857615268393322
THA,NLD,2018,0.4894,-0.7145751279735658
THA,NLD,2019,0.5071,-0.6790470561811637
THA,NLD,2020,0.5034,-0.6863701962809217
THA,NLD,2021,0.5404,-0.6154456728960933
THA,NLD,2022,0.5717,-0.5591409007122115
THA,NLD,2023,0.5654,-0.570221833722647
THA,NLD,2024,0.5828,-0.5399112046610873
THA,NLD,2025,0.5273,-0.6399856324457129
THA,PHL,2010,0.3332,-1.0990123686894495
THA,PHL,2011,0.3493,-1.0518241271693507
THA,PHL,2012,0.3363,-1.0897516602359132
THA,PHL,2013,0.3518,-1.0446924466786793
THA,PHL,2014,0.3635,-1.011975982008563
THA,PHL,2015,0.3435,-1.068568167319733
THA,PHL,2016,0.3711,-0.9912837109155852
THA,PHL,2017,0.3704,-0.9931717762101128
THA,PHL,2018,0.3859,-0.952177010438564
THA,PHL,2019,0.3881,-0.9464922406072764
THA,PHL,2020,0.3539,-1.0387408916307195
THA,PHL,2021,0.3392,-1.081165375064389
THA,PHL,2022,0.3402,-1.0782215990203756
THA,PHL,2023,0.376,-0.9781661355922425
THA,PHL,2024,0.3904,-0.9405834244431995
THA,PHL,2025,0.3969,-0.9240709191931175
THA,SGP,2010,0.5177,-0.6583593550742813
THA,SGP,2011,0.4894,-0.7145751279735658
THA,SGP,2012,0.485,-0.7236063880446539
THA,SGP,2013,0.4952,-0.7027935576117508
THA,SGP,2014,0.5061,-0.6810210007621047
THA,SGP,2015,0.5154,-0.6628119807638724
THA,SGP,2016,0.5332,-0.6288586906775835
THA,SGP,2017,0.5266,-0.6413140319199281
THA,SGP,2018,0.5257,-0.6430245711567348
THA,SGP,2019,0.5542,-0.5902296465532589
THA,SGP,2020,0.5446,-0.6077036987424779
THA,SGP,2021,0.5966,-0.5165084069014889
THA,SGP,2022,0.6185,-0.48045808714959437
THA,SGP,2023,0.6211,-0.4762631794168798
THA,SGP,2024,0.6354,-0.45350055714672133
THA,SGP,2025,0.5854,-0.5354599047243516
THA,TLS,2010,0.1583,-1.8432633120951707
THA,TLS,2011,0.1603,-1.8307082193666298
THA,TLS,2012,0.16,-1.8325814637483102
THA,TLS,2013,0.1929,-1.6455833590704536
THA,TLS,2014,0.1978,-1.6204988597935253
THA,TLS,2015,0.1878,-1.6723777122079746
THA,TLS,2016,0.1661,-1.795165262362888
THA,TLS,2017,0.1656,-1.7981800370309777
THA,TLS,2018,0.1661,-1.795165262362888
THA,TLS,2019,0.1656,-1.7981800370309777
THA,TLS,2020,0.1646,-1.8042369907391675
THA,TLS,2021,0.1688,-1.7790406968202803
THA,TLS,2022,0.1653,-1.7999932741551585
THA,TLS,2023,0.1651,-1.8012039280560548
THA,TLS,2024,0.173,-1.7544636844843582
THA,TLS,2025,0.174,-1.7486999797676082
THA,TWN,2010,0.5028,-0.6875628022660446
THA,TWN,2011,0.4757,-0.7429678755439012
THA,TWN,2012,0.4718,-0.7512001120085624
THA,TWN,2013,0.4805,-0.7329280505717899
THA,TWN,2014,0.4864,-0.7207239483301798
THA,TWN,2015,0.4975,-0.6981597223834896
THA,TWN,2016,0.5033,-0.6865688651998229
THA,TWN,2017,0.5002,-0.6927472605386185
THA,TWN,2018,0.4951,-0.7029955166147597
THA,TWN,2019,0.527,-0.6405547304407747
THA,TWN,2020,0.5291,-0.636577829072051
THA,TWN,2021,0.5835,-0.5387108272555263
THA,TWN,2022,0.6047,-0.5030228117029698
THA,TWN,2023,0.6029,-0.5060039334867772
THA,TWN,2024,0.6152,-0.4858078607907029
THA,TWN,2025,0.5487,-0.6002034349172074
THA,USA,2010,0.505,-0.6831968497067772
THA,USA,2011,0.4803,-0.7333443703113584
THA,USA,2012,0.4723,-0.7501409020800657
THA,USA,2013,0.4756,-0.7431781141655103
THA,USA,2014,0.5017,-0.6897529474919297
THA,USA,2015,0.4985,-0.696151689580244
THA,USA,2016,0.5095,-0.6743254263193577
THA,USA,2017,0.4945,-0.7042081279193703
THA,USA,2018,0.5021,-0.6889559759414773
THA,USA,2019,0.5191,-0.6556587361489536
THA,USA,2020,0.5178,-0.6581662116646997
THA,USA,2021,0.556,-0.5869869847315546
THA,USA,2022,0.5738,-0.5554743754348727
THA,USA,2023,0.5305,-0.6339353209280992
THA,USA,2024,0.5493,-0.5991105386335623
THA,USA,2025,0.5409,-0.6145208601047557
THA,VNM,2010,0.4271,-0.8507371011347162
THA,VNM,2011,0.4481,-0.8027388571900397
THA,VNM,2012,0.4321,-0.8390982360442496
THA,VNM,2013,0.4464,-0.8065398679150358
THA,VNM,2014,0.4385,-0.8243954671698993
THA,VNM,2015,0.4586,-0.779576908558333
THA,VNM,2016,0.4811,-0.731680130276729
THA,VNM,2017,0.4707,-0.7535343305750405
THA,VNM,2018,0.4701,-0.7548098409520522
THA,VNM,2019,0.4947,-0.7038037607484742
THA,VNM,2020,0.4941,-0.7050173531304328
THA,VNM,2021,0.5462,-0.6047700699425324
THA,VNM,2022,0.5591,-0.5814269309495373
THA,VNM,2023,0.5713,-0.5598408132517202
THA,VNM,2024,0.5956,-0.5181859781722831
THA,VNM,2025,0.553,-0.5923972774598022
VNM,ARE,2010,0.434,-0.8347107448817322
VNM,ARE,2011,0.4996,-0.6939475007307144
VNM,ARE,2012,0.4885,-0.7164158074992997
VNM,ARE,2013,0.4648,-0.7661480734444356
VNM,ARE,2014,0.3832,-0.9591982328854316
VNM,ARE,2015,0.385,-0.9545119446943529
VNM,ARE,2016,0.5228,-0.6485562972320701
VNM,ARE,2017,0.5004,-0.6923475003893811
VNM,ARE,2018,0.5025,-0.6881596390489063
VNM,ARE,2019,0.5199,-0.6541187935924669
VNM,ARE,2020,0.49,-0.7133498878774648
VNM,ARE,2021,0.559,-0.5816058058270378
VNM,ARE,2022,0.5443,-0.6082547135419827
VNM,ARE,2023,0.5713,-0.5598408132517202
VNM,ARE,2024,0.6232,-0.4728877844255986
VNM,ARE,2025,0.6469,-0.43556355593219725
VNM,AUS,2010,0.3933,-0.9331825995443732
VNM,AUS,2011,0.419,-0.8698843590599994
VNM,AUS,2012,0.3314,-1.1044291739896746
VNM,AUS,2013,0.3474,-1.0572784251751326
VNM,AUS,2014,0.3443,-1.0662419086376589
VNM,AUS,2015,0.4164,-0.8761089422413233
VNM,AUS,2016,0.4357,-0.8308013458587407
VNM,AUS,2017,0.4317,-0.8400243764207053
VNM,AUS,2018,0.4175,-0.8734707346912269
VNM,AUS,2019,0.3526,-1.0424210090183672
VNM,AUS,2020,0.3443,-1.0662419086376589
VNM,AUS,2021,0.4227,-0.8610925714093928
VNM,AUS,2022,0.4143,-0.8811649298987809
VNM,AUS,2023,0.4378,-0.8259930938933744
VNM,AUS,2024,0.3637,-1.0114259269891936
VNM,AUS,2025,0.3816,-0.9633823394080056
VNM,BRN,2010,0.1847,-1.6890223917769427
VNM,BRN,2011,0.2607,-1.344384958042681
VNM,BRN,2012,0.1804,-1.7125786713536137
VNM,BRN,2013,0.1836,-1.6949958007957469
VNM,BRN,2014,0.1824,-1.701553201341906
VNM,BRN,2015,0.1926,-1.647139779618112
VNM,BRN,2016,0.1974,-1.6225231519827559
VNM,BRN,2017,0.1989,-1.6149530931222105
VNM,BRN,2018,0.1882,-1.6702500518308578
VNM,BRN,2019,0.2017,-1.600973834021971
VNM,BRN,2020,0.2693,-1.3119292791645838
VNM,BRN,2021,0.2597,-1.3482281603134343
VNM,BRN,2022,0.2027,-1.5960282255241827
VNM,BRN,2023,0.207,-1.575036485716768
VNM,BRN,2024,0.2126,-1.5483428130742893
VNM,BRN,2025,0.2646,-1.3295360273012817
VNM,CAN,2010,0.4023,-0.9105572000263945
VNM,CAN,2011,0.4609,-0.7745741792556745
VNM,CAN,2012,0.441,-0.818710403535291
VNM,CAN,2013,0.4481,-0.8027388571900397
VNM,CAN,2014,0.4529,-0.7920839284199688
VNM,CAN,2015,0.3996,-0.9172912322077386
VNM,CAN,2016,0.4799,-0.7341775301179372
VNM,CAN,2017,0.4811,-0.731680130276729
VNM,CAN,2018,0.4876,-0.7182598813750206
VNM,CAN,2019,0.4786,-0.7368901035078641
VNM,CAN,2020,0.4794,-0.735219956981853
VNM,CAN,2021,0.4744,-0.7457044312986214
VNM,CAN,2022,0.483,-0.7277386253295643
VNM,CAN,2023,0.4853,-0.7229880225709665
VNM,CAN,2024,0.4915,-0.7102933393949158
VNM,CAN,2025,0.5127,-0.668064400192482
VNM,CHN,2010,0.4562,-0.7848239691318494
VNM,CHN,2011,0.5358,-0.6239943218716286
VNM,CHN,2012,0.5208,-0.6523891880877775
VNM,CHN,2013,0.5142,-0.665142984150348
VNM,CHN,2014,0.5036,-0.6859729768119448
VNM,CHN,2015,0.5272,-0.6401752957938396
VNM,CHN,2016,0.602,-0.507497833673316
VNM,CHN,2017,0.5821,-0.5411130247044473
VNM,CHN,2018,0.594,-0.5208759596194922
VNM,CHN,2019,0.6075,-0.49840310376743346
VNM,CHN,2020,0.5751,-0.5532113402624287
VNM,CHN,2021,0.6494,-0.4317064193133915
VNM,CHN,2022,0.637,-0.45098562340997367
VNM,CHN,2023,0.641,-0.444725822061467
VNM,CHN,2024,0.6776,-0.38919813564429245
VNM,CHN,2025,0.7107,-0.34150487914928757
VNM,DEU,2010,0.4251,-0.8554308436173926
VNM,DEU,2011,0.4857,-0.7221641296304379
VNM,DEU,2012,0.474,-0.7465479572870606
VNM,DEU,2013,0.4717,-0.751412088691921
VNM,DEU,2014,0.4601,-0.7763114218207141
VNM,DEU,2015,0.4682,-0.7588597239253266
VNM,DEU,2016,0.5382,-0.6195250406893316
VNM,DEU,2017,0.5217,-0.6506625689537899
VNM,DEU,2018,0.5173,-0.6591323019726677
VNM,DEU,2019,0.5307,-0.6335583891482879
VNM,DEU,2020,0.4968,-0.6995677483628681
VNM,DEU,2021,0.5629,-0.5746532865121562
VNM,DEU,2022,0.5475,-0.6023928172914812
VNM,DEU,2023,0.5465,-0.6042209713655439
VNM,DEU,2024,0.5873,-0.5322195164536632
VNM,DEU,2025,0.6068,-0.49955603150775985
VNM,FRA,2010,0.3656,-1.006215439402142
VNM,FRA,2011,0.4909,-0.7115148379181302
VNM,FRA,2012,0.4755,-0.7433883969966921
VNM,FRA,2013,0.4699,-0.7552353728733671
VNM,FRA,2014,0.4583,-0.7802312874670587
VNM,FRA,2015,0.4737,-0.747181069052431
VNM,FRA,2016,0.5354,-0.624741147895885
VNM,FRA,2017,0.5211,-0.6518133170669681
VNM,FRA,2018,0.5164,-0.6608736200096497
VNM,FRA,2019,0.535,-0.6254885320861304
VNM,FRA,2020,0.5012,-0.6907500559602239
VNM,FRA,2021,0.5032,-0.6867675735959063
VNM,FRA,2022,0.4835,-0.726703964088788
VNM,FRA,2023,0.4835,-0.726703964088788
VNM,FRA,2024,0.5272,-0.6401752957938396
VNM,FRA,2025,0.6208,-0.476746310113128
VNM,GBR,2010,0.3738,-0.9840343839606746
VNM,GBR,2011,0.4975,-0.6981597223834896
VNM,GBR,2012,0.4792,-0.7356372321808974
VNM,GBR,2013,0.4718,-0.7512001120085624
VNM,GBR,2014,0.4606,-0.7752252915955522
VNM,GBR,2015,0.4727,-0.7492943411829464
VNM,GBR,2016,0.5423,-0.6119359251351221
VNM,GBR,2017,0.5253,-0.6437857510222212
VNM,GBR,2018,0.524,-0.6462635946610948
VNM,GBR,2019,0.5398,-0.6165565783982329
VNM,GBR,2020,0.5062,-0.6808234308711134
VNM,GBR,2021,0.5735,-0.5559973424127117
VNM,GBR,2022,0.5528,-0.592759006528677
VNM,GBR,2023,0.5579,-0.5835755441306545
VNM,GBR,2024,0.5993,-0.5119929715179974
VNM,GBR,2025,0.6272,-0.46648980994593897
VNM,HKG,2010,0.4566,-0.7839475448864419
VNM,HKG,2011,0.5296,-0.6356332743593387
VNM,HKG,2012,0.5174,-0.6589390092302083
VNM,HKG,2013,0.5061,-0.6810210007621047
VNM,HKG,2014,0.4987,-0.6957505664300603
VNM,HKG,2015,0.519,-0.6558513958162484
VNM,HKG,2016,0.5773,-0.5493932169152491
VNM,HKG,2017,0.5597,-0.5803543530848232
VNM,HKG,2018,0.5654,-0.570221833722647
VNM,HKG,2019,0.5674,-0.5666907566073861
VNM,HKG,2020,0.5565,-0.5860881082665376
VNM,HKG,2021,0.6307,-0.46092496531253146
VNM,HKG,2022,0.6128,-0.48971666055575547
VNM,HKG,2023,0.6086,-0.4965940415192663
VNM,HKG,2024,0.6487,-0.43278491876312725
VNM,HKG,2025,0.613,-0.48939034304592566
VNM,IDN,2010,0.4113,-0.8884324037457586
VNM,IDN,2011,0.4363,-0.829425198852573
VNM,IDN,2012,0.4057,-0.9021413087697355
VNM,IDN,2013,0.4043,-0.9055981023354119
VNM,IDN,2014,0.3953,-0.9281103086794973
VNM,IDN,2015,0.3996,-0.9172912322077386
VNM,IDN,2016,0.3916,-0.9375143683257817
VNM,IDN,2017,0.385,-0.9545119446943529
VNM,IDN,2018,0.4483,-0.8022926278207433
VNM,IDN,2019,0.4432,-0.813734143549063
VNM,IDN,2020,0.4647,-0.7663632428912044
VNM,IDN,2021,0.3812,-0.96443110720209
VNM,IDN,2022,0.3724,-0.987786733579225
VNM,IDN,2023,0.4976,-0.6979587375571674
VNM,IDN,2024,0.4129,-0.8845498460900926
VNM,IDN,2025,0.4262,-0.8528465593176202
VNM,IND,2010,0.4366,-0.8287378348662936
VNM,IND,2011,0.4825,-0.7287743582030964
VNM,IND,2012,0.4031,-0.908570608859017
VNM,IND,2013,0.4114,-0.8881893017632803
VNM,IND,2014,0.4065,-0.9001713499942718
VNM,IND,2015,0.4144,-0.8809235880368638
VNM,IND,2016,0.4513,-0.7956229721491815
VNM,IND,2017,0.5177,-0.6583593550742813
VNM,IND,2018,0.5174,-0.6589390092302083
VNM,IND,2019,0.502,-0.6891551592904078
VNM,IND,2020,0.488,-0.7174398731289899
VNM,IND,2021,0.4988,-0.6955500651762556
VNM,IND,2022,0.5098,-0.673736787040122
VNM,IND,2023,0.5263,-0.6418838866224038
VNM,IND,2024,0.5591,-0.5814269309495373
VNM,IND,2025,0.6582,-0.4182464424728975
VNM,ITA,2010,0.4236,-0.8589656652548857
VNM,ITA,2011,0.4864,-0.7207239483301798
VNM,ITA,2012,0.4759,-0.7425475308550723
VNM,ITA,2013,0.4723,-0.7501409020800657
VNM,ITA,2014,0.4572,-0.7826343470614815
VNM,ITA,2015,0.4741,-0.7463370090740643
VNM,ITA,2016,0.5402,-0.6158158376236218
VNM,ITA,2017,0.5249,-0.6445475107238829
VNM,ITA,2018,0.5241,-0.6460727731740165
VNM,ITA,2019,0.5363,-0.6230615729932576
VNM,ITA,2020,0.4996,-0.6939475007307144
VNM,ITA,2021,0.4943,-0.7046126586692234
VNM,ITA,2022,0.5474,-0.6025754823755584
VNM,ITA,2023,0.5539,-0.5907711139430789
VNM,ITA,2024,0.5963,-0.5170113828530768
VNM,ITA,2025,0.6143,-0.48727187081225537
VNM,JPN,2010,0.4414,-0.817803785159501
VNM,JPN,2011,0.5095,-0.6743254263193577
VNM,JPN,2012,0.5003,-0.6925473604879777
VNM,JPN,2013,0.4907,-0.7119223358862793
VNM,JPN,2014,0.4827,-0.7283599363156898
VNM,JPN,2015,0.5084,-0.6764867396668381
VNM,JPN,2016,0.5688,-0.564226400493106
VNM,JPN,2017,0.5585,-0.5825006604728816
VNM,JPN,2018,0.5536,-0.5913128746786773
VNM,JPN,2019,0.5516,-0.5949321330629903
VNM,JPN,2020,0.5401,-0.6160009713832916
VNM,JPN,2021,0.6068,-0.49955603150775985
VNM,JPN,2022,0.5228,-0.6485562972320701
VNM,JPN,2023,0.5279,-0.6388484071525664
VNM,JPN,2024,0.555,-0.5887871652357024
VNM,JPN,2025,0.5863,-0.5339236750119676
VNM,KHM,2010,0.2467,-1.399582255446826
VNM,KHM,2011,0.2627,-1.336742582290643
VNM,KHM,2012,0.257,-1.3586791940869172
VNM,KHM,2013,0.2611,-1.342851803277054
VNM,KHM,2014,0.2628,-1.3363619923716816
VNM,KHM,2015,0.2782,-1.2794149994927946
VNM,KHM,2016,0.2924,-1.2296325511065136
VNM,KHM,2017,0.2873,-1.247228312996893
VNM,KHM,2018,0.2787,-1.2776193444942345
VNM,KHM,2019,0.2845,-1.2570220254157516
VNM,KHM,2020,0.2816,-1.2672676546982498
VNM,KHM,2021,0.2879,-1.2451420813640068
VNM,KHM,2022,0.2826,-1.2637228087317098
VNM,KHM,2023,0.2875,-1.246532418744732
VNM,KHM,2024,0.2978,-1.2113331587322285
VNM,KHM,2025,0.3044,-1.1894126529946063
VNM,KOR,2010,0.4452,-0.8092316595807473
VNM,KOR,2011,0.5209,-0.6521971942309911
VNM,KOR,2012,0.5107,-0.6719729453285388
VNM,KOR,2013,0.5037,-0.6857744262305322
VNM,KOR,2014,0.4947,-0.7038037607484742
VNM,KOR,2015,0.5198,-0.654311156774747
VNM,KOR,2016,0.5937,-0.5213811377055073
VNM,KOR,2017,0.572,-0.5586162876023393
VNM,KOR,2018,0.5867,-0.5332416630503228
VNM,KOR,2019,0.5963,-0.5170113828530768
VNM,KOR,2020,0.5677,-0.5661621688054566
VNM,KOR,2021,0.6339,-0.4558640656920163
VNM,KOR,2022,0.6219,-0.47497597087229343
VNM,KOR,2023,0.6317,-0.45934068107748227
VNM,KOR,2024,0.6694,-0.4013734902049108
VNM,KOR,2025,0.6865,-0.3761490537741113
VNM,MMR,2010,0.1719,-1.7608423665933335
VNM,MMR,2011,0.1677,-1.785578610152974
VNM,MMR,2012,0.1845,-1.6901058155015551
VNM,MMR,2013,0.2008,-1.6054458911645628
VNM,MMR,2014,0.1977,-1.621004548805566
VNM,MMR,2015,0.284,-1.258781040820931
VNM,MMR,2016,0.3014,-1.199316992789742
VNM,MMR,2017,0.2985,-1.2089853461494804
VNM,MMR,2018,0.3034,-1.1927032120677052
VNM,MMR,2019,0.2777,-1.2812138846693832
VNM,MMR,2020,0.2927,-1.2286070852842967
VNM,MMR,2021,0.2932,-1.2269003089696406
VNM,MMR,2022,0.2763,-1.2862680470527663
VNM,MMR,2023,0.2912,-1.2337449626596062
VNM,MMR,2024,0.3016,-1.198653642848336
VNM,MMR,2025,0.298,-1.2106617924767327
VNM,MYS,2010,0.4501,-0.79828549868325
VNM,MYS,2011,0.527,-0.6405547304407747
VNM,MYS,2012,0.5213,-0.6514295872080769
VNM,MYS,2013,0.516,-0.6616485135005743
VNM,MYS,2014,0.5017,-0.6897529474919297
VNM,MYS,2015,0.5211,-0.6518133170669681
VNM,MYS,2016,0.5931,-0.5223922601374562
VNM,MYS,2017,0.5643,-0.5721692540070427
VNM,MYS,2018,0.5729,-0.557044097567605
VNM,MYS,2019,0.5865,-0.5335826108886068
VNM,MYS,2020,0.5541,-0.590410103108833
VNM,MYS,2021,0.6213,-0.47594122191248894
VNM,MYS,2022,0.5967,-0.5163408044541008
VNM,MYS,2023,0.609,-0.49593701127224005
VNM,MYS,2024,0.6473,-0.43494541343067256
VNM,MYS,2025,0.6795,-0.38639804539093864
VNM,NLD,2010,0.3674,-1.0013041062011117
VNM,NLD,2011,0.4928,-0.707651866762827
VNM,NLD,2012,0.4741,-0.7463370090740643
VNM,NLD,2013,0.4687,-0.7577923740534765
VNM,NLD,2014,0.4549,-0.7876776644061786
VNM,NLD,2015,0.4628,-0.7704602836626155
VNM,NLD,2016,0.5326,-0.6299846056023053
VNM,NLD,2017,0.5174,-0.6589390092302083
VNM,NLD,2018,0.5218,-0.6504709062795089
VNM,NLD,2019,0.5385,-0.6189677823856938
VNM,NLD,2020,0.5046,-0.6839892427751796
VNM,NLD,2021,0.5723,-0.5580919495670804
VNM,NLD,2022,0.5569,-0.5853695883865142
VNM,NLD,2023,0.5619,-0.5764313808639846
VNM,NLD,2024,0.5989,-0.5126606397117204
VNM,NLD,2025,0.6234,-0.4725669116489004
VNM,PHL,2010,0.3263,-1.1199380753828623
VNM,PHL,2011,0.3496,-1.0509656352007566
VNM,PHL,2012,0.3273,-1.1168780974750023
VNM,PHL,2013,0.3439,-1.0674043615439166
VNM,PHL,2014,0.347,-1.058430499035278
VNM,PHL,2015,0.3391,-1.081460229850544
VNM,PHL,2016,0.3642,-1.0100521116886294
VNM,PHL,2017,0.3588,-1.024990148797496
VNM,PHL,2018,0.377,-0.9755100915341263
VNM,PHL,2019,0.3761,-0.9779002135058463
VNM,PHL,2020,0.3539,-1.0387408916307195
VNM,PHL,2021,0.3362,-1.0900490580076219
VNM,PHL,2022,0.3408,-1.0764594840269763
VNM,PHL,2023,0.379,-0.9702190738997107
VNM,PHL,2024,0.3884,-0.9457195425649672
VNM,PHL,2025,0.3965,-0.9250792379072343
VNM,SGP,2010,0.4556,-0.7861400474091099
VNM,SGP,2011,0.5284,-0.6379017063339668
VNM,SGP,2012,0.5203,-0.6533497106858792
VNM,SGP,2013,0.5139,-0.6657265849839531
VNM,SGP,2014,0.4997,-0.6937473606319777
VNM,SGP,2015,0.5225,-0.649130295143171
VNM,SGP,2016,0.5956,-0.5181859781722831
VNM,SGP,2017,0.5708,-0.5607163933794558
VNM,SGP,2018,0.58,-0.5447271754416722
VNM,SGP,2019,0.5941,-0.5207076236204413
VNM,SGP,2020,0.5608,-0.5783909432617568
VNM,SGP,2021,0.6292,-0.46330610779801434
VNM,SGP,2022,0.6018,-0.5078301147861922
VNM,SGP,2023,0.6154,-0.4854828160941957
VNM,SGP,2024,0.6547,-0.4235781635350914
VNM,SGP,2025,0.6952,-0.3635557050309547
VNM,THA,2010,0.4271,-0.8507371011347162
VNM,THA,2011,0.4481,-0.8027388571900397
VNM,THA,2012,0.4321,-0.8390982360442496
VNM,THA,2013,0.4464,-0.8065398679150358
VNM,THA,2014,0.4385,-0.8243954671698993
VNM,THA,2015,0.4586,-0.779576908558333
VNM,THA,2016,0.4811,-0.731680130276729
VNM,THA,2017,0.4707,-0.7535343305750405
VNM,THA,2018,0.4701,-0.7548098409520522
VNM,THA,2019,0.4947,-0.7038037607484742
VNM,THA,2020,0.4941,-0.7050173531304328
VNM,THA,2021,0.5462,-0.6047700699425324
VNM,THA,2022,0.5591,-0.5814269309495373
VNM,THA,2023,0.5713,-0.5598408132517202
VNM,THA,2024,0.5956,-0.5181859781722831
VNM,THA,2025,0.553,-0.5923972774598022
VNM,TLS,2010,0.1557,-1.8598242001421843
VNM,TLS,2011,0.1618,-1.8213942743577458
VNM,TLS,2012,0.1576,-1.8476951015583583
VNM,TLS,2013,0.19,-1.6607312068216509
VNM,TLS,2014,0.1923,-1.648698626387403
VNM,TLS,2015,0.1874,-1.6745099091778153
VNM,TLS,2016,0.1663,-1.793961892783255
VNM,TLS,2017,0.1649,-1.802416049416584
VNM,TLS,2018,0.1656,-1.7981800370309777
VNM,TLS,2019,0.1635,-1.810942288644829
VNM,TLS,2020,0.162,-1.820158943749753
VNM,TLS,2021,0.1683,-1.7820071777853768
VNM,TLS,2022,0.1656,-1.7981800370309777
VNM,TLS,2023,0.1664,-1.7933607505950289
VNM,TLS,2024,0.171,-1.7660917224794772
VNM,TLS,2025,0.1737,-1.7504256057350778
VNM,TWN,2010,0.4474,-0.8043022299261078
VNM,TWN,2011,0.505,-0.6831968497067772
VNM,TWN,2012,0.4795,-0.7350113846586441
VNM,TWN,2013,0.4894,-0.7145751279735658
VNM,TWN,2014,0.4825,-0.7287743582030964
VNM,TWN,2015,0.5028,-0.6875628022660446
VNM,TWN,2016,0.5573,-0.5846515844066463
VNM,TWN,2017,0.5477,-0.6020275871924615
VNM,TWN,2018,0.5626,-0.5751863829263806
VNM,TWN,2019,0.5796,-0.5454170685356098
VNM,TWN,2020,0.5503,-0.5972916949164239
VNM,TWN,2021,0.6191,-0.47948846845695065
VNM,TWN,2022,0.5916,-0.5249245481454923
VNM,TWN,2023,0.5963,-0.5170113828530768
VNM,TWN,2024,0.634,-0.4557063245449111
VNM,TWN,2025,0.634,-0.4557063245449111
VNM,USA,2010,0.4444,-0.8110302212166621
VNM,USA,2011,0.5048,-0.6835929677551336
VNM,USA,2012,0.481,-0.731888008876376
VNM,USA,2013,0.492,-0.709276562489829
VNM,USA,2014,0.4893,-0.7147794806870591
VNM,USA,2015,0.5012,-0.6907500559602239
VNM,USA,2016,0.5629,-0.5746532865121562
VNM,USA,2017,0.538,-0.6198967188203526
VNM,USA,2018,0.5363,-0.6230615729932576
VNM,USA,2019,0.558,-0.583396316600826
VNM,USA,2020,0.5186,-0.6566224058775731
VNM,USA,2021,0.5895,-0.5284805590047114
VNM,USA,2022,0.5809,-0.5431766539836503
VNM,USA,2023,0.5492,-0.599292605088321
VNM,USA,2024,0.571,-0.5603660693261269
VNM,USA,2025,0.5702,-0.5617681025035653
